origin_portid,origin_iso3,dest_coast,dest_portid,status,reason,route_km,origin_snap_km,dest_snap_km
port1,DNK,west,port664,ok,,15442.458,38.053,7.345
port1,DNK,east,port815,ok,,6737.958,38.053,2.182
port1,DNK,gulf,port481,ok,,9980.022,38.053,3.635
port3,GBR,west,port664,ok,,14314.04,45.098,7.345
port3,GBR,east,port815,ok,,5609.54,45.098,2.182
port3,GBR,gulf,port481,ok,,8851.604,45.098,3.635
port4,CIV,west,port664,ok,,14441.807,4.462,7.345
port4,CIV,east,port815,ok,,8547.694,4.462,2.182
port4,CIV,gulf,port481,ok,,10525.031,4.462,3.635
port5,ARE,west,port664,ok,,21071.635,27.438,7.345
port5,ARE,east,port815,ok,,15135.662,27.438,2.182
port5,ARE,gulf,port481,ok,,18063.104,27.438,3.635
port6,SLV,west,port664,ok,,3936.881,47.819,7.345
port6,SLV,east,port815,ok,,5339.572,47.819,2.182
port6,SLV,gulf,port481,ok,,4464.589,47.819,3.635
port9,YEM,west,port664,ok,,19744.532,8.215,7.345
port9,YEM,east,port815,ok,,12053.749,8.215,2.182
port9,YEM,gulf,port481,ok,,14981.191,8.215,3.635
port10,MAR,west,port664,ok,,13303.724,50.759,7.345
port10,MAR,east,port815,ok,,6318.936,50.759,2.182
port10,MAR,gulf,port481,ok,,8662.204,50.759,3.635
port11,SWE,west,port664,ok,,15572.813,40.073,7.345
port11,SWE,east,port815,ok,,6868.313,40.073,2.182
port11,SWE,gulf,port481,ok,,10110.377,40.073,3.635
port13,ARE,west,port664,ok,,20889.86,15.283,7.345
port13,ARE,east,port815,ok,,14953.887,15.283,2.182
port13,ARE,gulf,port481,ok,,17881.329,15.283,3.635
port14,JPN,west,port664,ok,,8865.078,6.927,7.345
port14,JPN,east,port815,ok,,17967.328,6.927,2.182
port14,JPN,gulf,port481,ok,,17092.345,6.927,3.635
port16,KAZ,west,port664,ok,,19422.84,7.325,7.345
port16,KAZ,east,port815,ok,,11732.058,7.325,2.182
port16,KAZ,gulf,port481,ok,,14659.5,7.325,3.635
port17,ISL,west,port664,ok,,13764.883,36.227,7.345
port17,ISL,east,port815,ok,,5010.634,36.227,2.182
port17,ISL,gulf,port481,ok,,8252.698,36.227,3.635
port18,YEM,west,port664,ok,,19382.289,9.637,7.345
port18,YEM,east,port815,ok,,11691.507,9.637,2.182
port18,YEM,gulf,port481,ok,,14618.948,9.637,3.635
port19,JOR,west,port664,ok,,17986.131,3.372,7.345
port19,JOR,east,port815,ok,,10295.348,3.372,2.182
port19,JOR,gulf,port481,ok,,13222.79,3.372,3.635
port20,IRQ,west,port664,ok,,21719.67,56.463,7.345
port20,IRQ,east,port815,ok,,15783.697,56.463,2.182
port20,IRQ,gulf,port481,ok,,18711.138,56.463,3.635
port21,LBY,west,port664,ok,,16230.923,16.009,7.345
port21,LBY,east,port815,ok,,8540.141,16.009,2.182
port21,LBY,gulf,port481,ok,,11467.582,16.009,3.635
port22,ARE,west,port664,ok,,20889.86,20.284,7.345
port22,ARE,east,port815,ok,,14953.887,20.284,2.182
port22,ARE,gulf,port481,ok,,17881.329,20.284,3.635
port23,EGY,west,port664,ok,,16945.94,9.484,7.345
port23,EGY,east,port815,ok,,9255.157,9.484,2.182
port23,EGY,gulf,port481,ok,,12182.599,9.484,3.635
port24,SAU,west,port664,ok,,21394.71,23.646,7.345
port24,SAU,east,port815,ok,,15458.737,23.646,2.182
port24,SAU,gulf,port481,ok,,18386.179,23.646,3.635
port25,KWT,west,port664,ok,,21688.607,11.931,7.345
port25,KWT,east,port815,ok,,15752.633,11.931,2.182
port25,KWT,gulf,port481,ok,,18680.075,11.931,3.635
port26,SYR,west,port664,ok,,17337.982,4.286,7.345
port26,SYR,east,port815,ok,,9647.199,4.286,2.182
port26,SYR,gulf,port481,ok,,12574.641,4.286,3.635
port27,YEM,west,port664,ok,,20298.852,60.653,7.345
port27,YEM,east,port815,ok,,12608.07,60.653,2.182
port27,YEM,gulf,port481,ok,,15535.512,60.653,3.635
port29,DNK,west,port664,ok,,14953.924,60.695,7.345
port29,DNK,east,port815,ok,,6249.424,60.695,2.182
port29,DNK,gulf,port481,ok,,9491.488,60.695,3.635
port30,NOR,west,port664,ok,,14784.506,12.856,7.345
port30,NOR,east,port815,ok,,6080.006,12.856,2.182
port30,NOR,gulf,port481,ok,,9322.071,12.856,3.635
port31,ESP,west,port664,ok,,13634.038,0.182,7.345
port31,ESP,east,port815,ok,,5943.255,0.182,2.182
port31,ESP,gulf,port481,ok,,8870.697,0.182,3.635
port32,DZA,west,port664,ok,,14423.848,5.779,7.345
port32,DZA,east,port815,ok,,6733.066,5.779,2.182
port32,DZA,gulf,port481,ok,,9660.507,5.779,3.635
port34,ESP,west,port664,ok,,14183.074,0.337,7.345
port34,ESP,east,port815,ok,,6492.291,0.337,2.182
port34,ESP,gulf,port481,ok,,9419.733,0.337,3.635
port35,ESP,west,port664,ok,,13900.575,9.42,7.345
port35,ESP,east,port815,ok,,6209.793,9.42,2.182
port35,ESP,gulf,port481,ok,,9137.234,9.42,3.635
port37,PNG,west,port664,ok,,11284.509,106.508,7.345
port37,PNG,east,port815,ok,,18531.942,106.508,2.182
port37,PNG,gulf,port481,ok,,17656.959,106.508,3.635
port38,MEX,west,port664,ok,,8305.506,26.657,7.345
port38,MEX,east,port815,ok,,3753.135,26.657,2.182
port38,MEX,gulf,port481,ok,,1081.012,26.657,3.635
port39,NOR,west,port664,ok,,14784.506,17.376,7.345
port39,NOR,east,port815,ok,,6080.006,17.376,2.182
port39,NOR,gulf,port481,ok,,9322.071,17.376,3.635
port41,IDN,west,port664,ok,,13331.425,46.548,7.345
port41,IDN,east,port815,ok,,20578.858,46.548,2.182
port41,IDN,gulf,port481,ok,,19703.875,46.548,3.635
port42,IDN,west,port664,ok,,13045.926,62.464,7.345
port42,IDN,east,port815,ok,,21233.635,62.464,2.182
port42,IDN,gulf,port481,ok,,20358.652,62.464,3.635
port44,IDN,west,port664,ok,,14191.218,5.867,7.345
port44,IDN,east,port815,ok,,20387.47,5.867,2.182
port44,IDN,gulf,port481,ok,,21588.325,5.867,3.635
port45,NLD,west,port664,ok,,14531.852,19.32,7.345
port45,NLD,east,port815,ok,,6192.829,19.32,2.182
port45,NLD,gulf,port481,ok,,9414.745,19.32,3.635
port46,VEN,west,port664,ok,,6831.156,20.61,7.345
port46,VEN,east,port815,ok,,3541.345,20.61,2.182
port46,VEN,gulf,port481,ok,,3477.407,20.61,3.635
port49,ITA,west,port664,ok,,16554.934,7.499,7.345
port49,ITA,east,port815,ok,,8864.151,7.499,2.182
port49,ITA,gulf,port481,ok,,11791.593,7.499,3.635
port51,DOM,west,port664,ok,,7112.164,24.266,7.345
port51,DOM,east,port815,ok,,2825.921,24.266,2.182
port51,DOM,gulf,port481,ok,,3125.982,24.266,3.635
port53,DZA,west,port664,ok,,14827.512,8.227,7.345
port53,DZA,east,port815,ok,,7136.73,8.227,2.182
port53,DZA,gulf,port481,ok,,10064.172,8.227,3.635
port54,TUR,west,port664,ok,,16936.353,3.273,7.345
port54,TUR,east,port815,ok,,9245.57,3.273,2.182
port54,TUR,gulf,port481,ok,,12173.012,3.273,3.635
port55,MDG,west,port664,ok,,21481.585,61.524,7.345
port55,MDG,east,port815,ok,,15746.333,61.524,2.182
port55,MDG,gulf,port481,ok,,18214.896,61.524,3.635
port56,CHL,west,port664,ok,,8395.096,92.614,7.345
port56,CHL,east,port815,ok,,7950.145,92.614,2.182
port56,CHL,gulf,port481,ok,,7075.162,92.614,3.635
port57,BEL,west,port664,ok,,14457.182,7.89,7.345
port57,BEL,east,port815,ok,,6118.159,7.89,2.182
port57,BEL,gulf,port481,ok,,9340.076,7.89,3.635
port60,WSM,west,port664,ok,,7954.516,1.762,7.345
port60,WSM,east,port815,ok,,14542.622,1.762,2.182
port60,WSM,gulf,port481,ok,,13667.639,1.762,3.635
port61,GUM,west,port664,ok,,10093.005,7.299,7.345
port61,GUM,east,port815,ok,,18635.572,7.299,2.182
port61,GUM,gulf,port481,ok,,17760.589,7.299,3.635
port62,BRA,west,port664,ok,,12365.392,11.22,7.345
port62,BRA,east,port815,ok,,7680.113,11.22,2.182
port62,BRA,gulf,port481,ok,,8763.864,11.22,3.635
port63,BRB,west,port664,ok,,8040.957,14.594,7.345
port63,BRB,east,port815,ok,,3537.391,14.594,2.182
port63,BRB,gulf,port481,ok,,4175.997,14.594,3.635
port64,NOR,west,port664,ok,,14830.72,190.301,7.345
port64,NOR,east,port815,ok,,6126.22,190.301,2.182
port64,NOR,gulf,port481,ok,,9368.284,190.301,3.635
port65,NOR,west,port664,ok,,14702.147,26.061,7.345
port65,NOR,east,port815,ok,,5997.647,26.061,2.182
port65,NOR,gulf,port481,ok,,9239.711,26.061,3.635
port66,CAN,west,port664,ok,,10581.797,137.853,7.345
port66,CAN,east,port815,ok,,1827.548,137.853,2.182
port66,CAN,gulf,port481,ok,,5069.612,137.853,3.635
port67,DNK,west,port664,ok,,15218.245,1.523,7.345
port67,DNK,east,port815,ok,,6513.745,1.523,2.182
port67,DNK,gulf,port481,ok,,9755.809,1.523,3.635
port68,RUS,west,port664,ok,,16719.619,47.724,7.345
port68,RUS,east,port815,ok,,7965.37,47.724,2.182
port68,RUS,gulf,port481,ok,,11207.435,47.724,3.635
port69,ESP,west,port664,ok,,13070.484,131.284,7.345
port69,ESP,east,port815,ok,,6085.696,131.284,2.182
port69,ESP,gulf,port481,ok,,8428.964,131.284,3.635
port70,DZA,west,port664,ok,,14098.986,12.19,7.345
port70,DZA,east,port815,ok,,6408.203,12.19,2.182
port70,DZA,gulf,port481,ok,,9335.645,12.19,3.635
port71,EGY,west,port664,ok,,17350.687,28.702,7.345
port71,EGY,east,port815,ok,,9659.905,28.702,2.182
port71,EGY,gulf,port481,ok,,12587.346,28.702,3.635
port72,ARE,west,port664,ok,,20889.86,9.448,7.345
port72,ARE,east,port815,ok,,14953.887,9.448,2.182
port72,ARE,gulf,port481,ok,,17881.329,9.448,3.635
port73,ISR,west,port664,ok,,17327.117,6.374,7.345
port73,ISR,east,port815,ok,,9636.335,6.374,2.182
port73,ISR,gulf,port481,ok,,12563.776,6.374,3.635
port76,RUS,west,port664,ok,,18938.585,1.594,7.345
port76,RUS,east,port815,ok,,11247.802,1.594,2.182
port76,RUS,gulf,port481,ok,,14175.244,1.594,3.635
port77,IDN,west,port664,ok,,13642.266,83.102,7.345
port77,IDN,east,port815,ok,,21303.158,83.102,2.182
port77,IDN,gulf,port481,ok,,20428.175,83.102,3.635
port79,NZL,west,port664,ok,,10735.714,22.228,7.345
port79,NZL,east,port815,ok,,16524.383,22.228,2.182
port79,NZL,gulf,port481,ok,,15649.4,22.228,3.635
port80,ITA,west,port664,ok,,15555.309,15.219,7.345
port80,ITA,east,port815,ok,,7864.526,15.219,2.182
port80,ITA,gulf,port481,ok,,10791.968,15.219,3.635
port81,COK,west,port664,ok,,7704.772,24.465,7.345
port81,COK,east,port815,ok,,13387.28,24.465,2.182
port81,COK,gulf,port481,ok,,12512.297,24.465,3.635
port82,PRT,west,port664,ok,,13574.282,26.968,7.345
port82,PRT,east,port815,ok,,5698.592,26.968,2.182
port82,PRT,gulf,port481,ok,,8719.3,26.968,3.635
port83,ESP,west,port664,ok,,13792.933,10.112,7.345
port83,ESP,east,port815,ok,,5748.105,10.112,2.182
port83,ESP,gulf,port481,ok,,8851.866,10.112,3.635
port84,GBR,west,port664,ok,,14029.062,1.839,7.345
port84,GBR,east,port815,ok,,5677.569,1.839,2.182
port84,GBR,gulf,port481,ok,,8911.955,1.839,3.635
port86,CUB,west,port664,ok,,7492.568,10.605,7.345
port86,CUB,east,port815,ok,,2223.869,10.605,2.182
port86,CUB,gulf,port481,ok,,1520.275,10.605,3.635
port88,PER,west,port664,ok,,7586.483,70.978,7.345
port88,PER,east,port815,ok,,7141.532,70.978,2.182
port88,PER,gulf,port481,ok,,6266.549,70.978,3.635
port89,CHL,west,port664,ok,,9117.605,34.905,7.345
port89,CHL,east,port815,ok,,8672.653,34.905,2.182
port89,CHL,gulf,port481,ok,,7797.67,34.905,3.635
port91,PER,west,port664,ok,,7281.923,73.881,7.345
port91,PER,east,port815,ok,,6836.972,73.881,2.182
port91,PER,gulf,port481,ok,,5961.989,73.881,3.635
port92,CHL,west,port664,ok,,9488.396,11.103,7.345
port92,CHL,east,port815,ok,,9111.517,11.103,2.182
port92,CHL,gulf,port481,ok,,8236.534,11.103,3.635
port93,CAN,west,port664,ok,,11142.611,74.303,7.345
port93,CAN,east,port815,ok,,2290.227,74.303,2.182
port93,CAN,gulf,port481,ok,,5602.68,74.303,3.635
port95,MAF,west,port664,ok,,7718.718,10.808,7.345
port95,MAF,east,port815,ok,,3002.03,10.808,2.182
port95,MAF,gulf,port481,ok,,3640.636,10.808,3.635
port100,AZE,west,port664,ok,,19781.075,18.801,7.345
port100,AZE,east,port815,ok,,12090.292,18.801,2.182
port100,AZE,gulf,port481,ok,,15017.734,18.801,3.635
port101,PAN,west,port664,ok,,5502.174,4.72,7.345
port101,PAN,east,port815,ok,,3749.996,4.72,2.182
port101,PAN,gulf,port481,ok,,2875.013,4.72,3.635
port102,IDN,west,port664,ok,,13450.609,3.085,7.345
port102,IDN,east,port815,ok,,20829.637,3.085,2.182
port102,IDN,gulf,port481,ok,,21499.704,3.085,3.635
port104,RUS,west,port664,ok,,15785.954,2.749,7.345
port104,RUS,east,port815,ok,,7081.454,2.749,2.182
port104,RUS,gulf,port481,ok,,10323.518,2.749,3.635
port105,IRN,west,port664,ok,,21189.619,10.236,7.345
port105,IRN,east,port815,ok,,15253.645,10.236,2.182
port105,IRN,gulf,port481,ok,,18181.087,10.236,3.635
port106,IRN,west,port664,ok,,20796.769,8.685,7.345
port106,IRN,east,port815,ok,,14860.796,8.685,2.182
port106,IRN,gulf,port481,ok,,17788.237,8.685,3.635
fso106,MYS,west,port664,ok,,14466.24,11.682,7.345
fso106,MYS,east,port815,ok,,18858.073,11.682,2.182
fso106,MYS,gulf,port481,ok,,21785.515,11.682,3.635
port107,IRN,west,port664,ok,,20771.532,10.01,7.345
port107,IRN,east,port815,ok,,14835.558,10.01,2.182
port107,IRN,gulf,port481,ok,,17763.0,10.01,3.635
port108,IRN,west,port664,ok,,21694.538,3.183,7.345
port108,IRN,east,port815,ok,,15758.565,3.183,2.182
port108,IRN,gulf,port481,ok,,18686.006,3.183,3.635
port109,TUR,west,port664,ok,,16941.292,1.824,7.345
port109,TUR,east,port815,ok,,9250.509,1.824,2.182
port109,TUR,gulf,port481,ok,,12177.951,1.824,3.635
port110,LBY,west,port664,ok,,16178.539,45.363,7.345
port110,LBY,east,port815,ok,,8487.756,45.363,2.182
port110,LBY,gulf,port481,ok,,11415.198,45.363,3.635
port111,THA,west,port664,ok,,14554.883,17.236,7.345
port111,THA,east,port815,ok,,20370.723,17.236,2.182
port111,THA,gulf,port481,ok,,22782.149,17.236,3.635
port112,IDN,west,port664,ok,,14146.989,27.651,7.345
port112,IDN,east,port815,ok,,20316.594,27.651,2.182
port112,IDN,gulf,port481,ok,,21931.399,27.651,3.635
port113,GMB,west,port664,ok,,12906.533,11.626,7.345
port113,GMB,east,port815,ok,,6745.866,11.626,2.182
port113,GMB,gulf,port481,ok,,8723.203,11.626,3.635
fso113,MYS,west,port664,ok,,14466.24,18.129,7.345
fso113,MYS,east,port815,ok,,18858.073,18.129,2.182
fso113,MYS,gulf,port481,ok,,21785.515,18.129,3.635
port114,IDN,west,port664,ok,,14919.75,3.87,7.345
port114,IDN,east,port815,ok,,19259.996,3.87,2.182
port114,IDN,gulf,port481,ok,,22187.437,3.87,3.635
port115,TUN,west,port664,ok,,15022.962,50.617,7.345
port115,TUN,east,port815,ok,,7332.179,50.617,2.182
port115,TUN,gulf,port481,ok,,10259.621,50.617,3.635
port116,MNE,west,port664,ok,,16170.801,2.672,7.345
port116,MNE,east,port815,ok,,8480.018,2.672,2.182
port116,MNE,gulf,port481,ok,,11407.46,2.672,3.635
port118,ESP,west,port664,ok,,14602.993,5.988,7.345
port118,ESP,east,port815,ok,,6912.21,5.988,2.182
port118,ESP,gulf,port481,ok,,9839.652,5.988,3.635
port119,ITA,west,port664,ok,,16167.2,4.631,7.345
port119,ITA,east,port815,ok,,8476.417,4.631,2.182
port119,ITA,gulf,port481,ok,,11403.859,4.631,3.635
fso119,MYS,west,port664,ok,,14466.24,4.984,7.345
fso119,MYS,east,port815,ok,,18858.073,4.984,2.182
fso119,MYS,gulf,port481,ok,,21785.515,4.984,3.635
port120,COL,west,port664,ok,,6287.193,64.73,7.345
port120,COL,east,port815,ok,,3980.352,64.73,2.182
port120,COL,gulf,port481,ok,,3445.965,64.73,3.635
fso120,MYS,west,port664,ok,,14466.24,16.325,7.345
fso120,MYS,east,port815,ok,,18858.073,16.325,2.182
fso120,MYS,gulf,port481,ok,,21785.515,16.325,3.635
fso121,MYS,west,port664,ok,,14466.24,13.424,7.345
fso121,MYS,east,port815,ok,,18858.073,13.424,2.182
fso121,MYS,gulf,port481,ok,,21785.515,13.424,3.635
port122,KNA,west,port664,ok,,7677.13,15.877,7.345
port122,KNA,east,port815,ok,,2987.738,15.877,2.182
port122,KNA,gulf,port481,ok,,3626.344,15.877,3.635
fso122,MYS,west,port664,ok,,14466.24,14.719,7.345
fso122,MYS,east,port815,ok,,18858.073,14.719,2.182
fso122,MYS,gulf,port481,ok,,21785.515,14.719,3.635
fso123,MYS,west,port664,ok,,14466.24,10.355,7.345
fso123,MYS,east,port815,ok,,18858.073,10.355,2.182
fso123,MYS,gulf,port481,ok,,21785.515,10.355,3.635
port124,GNQ,west,port664,ok,,16076.732,7.547,7.345
port124,GNQ,east,port815,ok,,10189.254,7.547,2.182
port124,GNQ,gulf,port481,ok,,12166.59,7.547,3.635
port125,PHL,west,port664,ok,,12156.064,27.332,7.345
port125,PHL,east,port815,ok,,21223.707,27.332,2.182
port125,PHL,gulf,port481,ok,,20348.724,27.332,3.635
port127,GEO,west,port664,ok,,17994.358,63.954,7.345
port127,GEO,east,port815,ok,,10303.575,63.954,2.182
port127,GEO,gulf,port481,ok,,13231.017,63.954,3.635
port128,IDN,west,port664,ok,,13518.089,73.812,7.345
port128,IDN,east,port815,ok,,21127.891,73.812,2.182
port128,IDN,gulf,port481,ok,,20802.639,73.812,3.635
port131,FRA,west,port664,ok,,14167.839,6.285,7.345
port131,FRA,east,port815,ok,,6072.779,6.285,2.182
port131,FRA,gulf,port481,ok,,9226.771,6.285,3.635
port132,LBN,west,port664,ok,,17350.917,4.437,7.345
port132,LBN,east,port815,ok,,9660.134,4.437,2.182
port132,LBN,gulf,port481,ok,,12587.576,4.437,3.635
port133,CHN,west,port664,ok,,11094.031,42.585,7.345
port133,CHN,east,port815,ok,,20196.28,42.585,2.182
port133,CHN,gulf,port481,ok,,19321.297,42.585,3.635
port135,UKR,west,port664,ok,,17886.712,5.657,7.345
port135,UKR,east,port815,ok,,10195.929,5.657,2.182
port135,UKR,gulf,port481,ok,,13123.371,5.657,3.635
port136,CHN,west,port664,ok,,12655.83,9.758,7.345
port136,CHN,east,port815,ok,,21344.596,9.758,2.182
port136,CHN,gulf,port481,ok,,20883.097,9.758,3.635
port137,MOZ,west,port664,ok,,20342.804,8.496,7.345
port137,MOZ,east,port815,ok,,15488.677,8.496,2.182
port137,MOZ,gulf,port481,ok,,16741.276,8.496,3.635
port138,DZA,west,port664,ok,,14623.565,204.53,7.345
port138,DZA,east,port815,ok,,6932.783,204.53,2.182
port138,DZA,gulf,port481,ok,,9860.224,204.53,3.635
port139,IDN,west,port664,ok,,15101.91,11.696,7.345
port139,IDN,east,port815,ok,,18254.429,11.696,2.182
port139,IDN,gulf,port481,ok,,21181.871,11.696,3.635
port140,BRA,west,port664,ok,,9896.632,15.116,7.345
port140,BRA,east,port815,ok,,5729.286,15.116,2.182
port140,BRA,gulf,port481,ok,,6314.559,15.116,3.635
port141,GBR,west,port664,ok,,14151.418,3.383,7.345
port141,GBR,east,port815,ok,,5627.044,3.383,2.182
port141,GBR,gulf,port481,ok,,8869.108,3.383,3.635
port142,BLZ,west,port664,ok,,7017.327,5.534,7.345
port142,BLZ,east,port815,ok,,3162.318,5.534,2.182
port142,BLZ,gulf,port481,ok,,1856.171,5.534,3.635
port146,SOM,west,port664,ok,,19918.918,6.008,7.345
port146,SOM,east,port815,ok,,12228.136,6.008,2.182
port146,SOM,gulf,port481,ok,,15155.578,6.008,3.635
port147,NOR,west,port664,ok,,14674.28,15.992,7.345
port147,NOR,east,port815,ok,,5969.78,15.992,2.182
port147,NOR,gulf,port481,ok,,9211.844,15.992,3.635
port148,BLZ,west,port664,ok,,6949.698,41.279,7.345
port148,BLZ,east,port815,ok,,3301.127,41.279,2.182
port148,BLZ,gulf,port481,ok,,1994.979,41.279,3.635
port149,MYS,west,port664,ok,,13510.2,20.443,7.345
port149,MYS,east,port815,ok,,19992.263,20.443,2.182
port149,MYS,gulf,port481,ok,,21695.379,20.443,3.635
port150,GNB,west,port664,ok,,12795.893,16.254,7.345
port150,GNB,east,port815,ok,,6901.78,16.254,2.182
port150,GNB,gulf,port481,ok,,8879.117,16.254,3.635
port151,IDN,west,port664,ok,,12613.407,42.463,7.345
port151,IDN,east,port815,ok,,21537.485,42.463,2.182
port151,IDN,gulf,port481,ok,,20662.502,42.463,3.635
port152,IDN,west,port664,ok,,15252.964,134.154,7.345
port152,IDN,east,port815,ok,,18027.76,134.154,2.182
port152,IDN,gulf,port481,ok,,20955.202,134.154,3.635
port153,NZL,west,port664,ok,,11975.858,12.291,7.345
port153,NZL,east,port815,ok,,16602.428,12.291,2.182
port153,NZL,gulf,port481,ok,,15727.445,12.291,3.635
port154,CHN,west,port664,ok,,11059.575,32.972,7.345
port154,CHN,east,port815,ok,,20161.824,32.972,2.182
port154,CHN,gulf,port481,ok,,19286.841,32.972,3.635
port156,IDN,west,port664,ok,,13248.436,22.915,7.345
port156,IDN,east,port815,ok,,20991.65,22.915,2.182
port156,IDN,gulf,port481,ok,,21297.531,22.915,3.635
port157,SOM,west,port664,ok,,20394.071,254.086,7.345
port157,SOM,east,port815,ok,,12703.288,254.086,2.182
port157,SOM,gulf,port481,ok,,15630.73,254.086,3.635
port158,FRA,west,port664,ok,,14264.152,23.835,7.345
port158,FRA,east,port815,ok,,5964.251,23.835,2.182
port158,FRA,gulf,port481,ok,,9179.056,23.835,3.635
port160,GBR,west,port664,ok,,14602.297,7.121,7.345
port160,GBR,east,port815,ok,,6201.785,7.121,2.182
port160,GBR,gulf,port481,ok,,9443.849,7.121,3.635
fso160,SEN,west,port664,ok,,12693.919,19.463,7.345
fso160,SEN,east,port815,ok,,6533.252,19.463,2.182
fso160,SEN,gulf,port481,ok,,8510.588,19.463,3.635
port161,AUS,west,port664,ok,,12282.033,14.176,7.345
port161,AUS,east,port815,ok,,18258.545,14.176,2.182
port161,AUS,gulf,port481,ok,,17383.562,14.176,3.635
fso161,SGP,west,port664,ok,,14466.24,6.75,7.345
fso161,SGP,east,port815,ok,,18858.073,6.75,2.182
fso161,SGP,gulf,port481,ok,,21785.515,6.75,3.635
port162,TUR,west,port664,ok,,17385.63,7.615,7.345
port162,TUR,east,port815,ok,,9694.847,7.615,2.182
port162,TUR,gulf,port481,ok,,12622.289,7.615,3.635
port163,TUR,west,port664,ok,,16812.074,33.764,7.345
port163,TUR,east,port815,ok,,9121.291,33.764,2.182
port163,TUR,gulf,port481,ok,,12048.733,33.764,3.635
port165,DEU,west,port664,ok,,14875.917,24.139,7.345
port165,DEU,east,port815,ok,,6394.705,24.139,2.182
port165,DEU,gulf,port481,ok,,9636.769,24.139,3.635
port167,DEU,west,port664,ok,,14875.917,54.02,7.345
port167,DEU,east,port815,ok,,6394.705,54.02,2.182
port167,DEU,gulf,port481,ok,,9636.769,54.02,3.635
port168,DEU,west,port664,ok,,14875.917,1.603,7.345
port168,DEU,east,port815,ok,,6394.705,1.603,2.182
port168,DEU,gulf,port481,ok,,9636.769,1.603,3.635
port169,NOR,west,port664,ok,,14986.077,1.735,7.345
port169,NOR,east,port815,ok,,6281.577,1.735,2.182
port169,NOR,gulf,port481,ok,,9523.642,1.735,3.635
port171,BRB,west,port664,ok,,8000.139,12.752,7.345
port171,BRB,east,port815,ok,,3564.699,12.752,2.182
port171,BRB,gulf,port481,ok,,4181.447,12.752,3.635
port173,ITA,west,port664,ok,,16045.733,2.042,7.345
port173,ITA,east,port815,ok,,8354.951,2.042,2.182
port173,ITA,gulf,port481,ok,,11282.392,2.042,3.635
port174,AUS,west,port664,ok,,11792.089,1.482,7.345
port174,AUS,east,port815,ok,,18218.242,1.482,2.182
port174,AUS,gulf,port481,ok,,17343.259,1.482,3.635
port178,BEL,west,port664,ok,,14385.719,31.169,7.345
port178,BEL,east,port815,ok,,6046.696,31.169,2.182
port178,BEL,gulf,port481,ok,,9268.612,31.169,3.635
port179,DEU,west,port664,ok,,14898.014,4.038,7.345
port179,DEU,east,port815,ok,,6416.801,4.038,2.182
port179,DEU,gulf,port481,ok,,9658.865,4.038,3.635
port181,LBR,west,port664,ok,,13577.238,107.129,7.345
port181,LBR,east,port815,ok,,7683.126,107.129,2.182
port181,LBR,gulf,port481,ok,,9660.462,107.129,3.635
port182,PHL,west,port664,ok,,12043.85,6.432,7.345
port182,PHL,east,port815,ok,,21104.012,6.432,2.182
port182,PHL,gulf,port481,ok,,20229.029,6.432,3.635
port183,COL,west,port664,ok,,5646.292,62.989,7.345
port183,COL,east,port815,ok,,4388.137,62.989,2.182
port183,COL,gulf,port481,ok,,3513.154,62.989,3.635
port184,ARG,west,port664,ok,,13890.267,34.49,7.345
port184,ARG,east,port815,ok,,10974.305,34.49,2.182
port184,ARG,gulf,port481,ok,,12058.056,34.49,3.635
port186,PNG,west,port664,ok,,10558.625,119.416,7.345
port186,PNG,east,port815,ok,,18408.551,119.416,2.182
port186,PNG,gulf,port481,ok,,17533.568,119.416,3.635
port187,RUS,west,port664,ok,,8830.972,51.95,7.345
port187,RUS,east,port815,ok,,17933.221,51.95,2.182
port187,RUS,gulf,port481,ok,,17058.238,51.95,3.635
port191,EGY,west,port664,ok,,17706.58,63.186,7.345
port191,EGY,east,port815,ok,,10015.797,63.186,2.182
port191,EGY,gulf,port481,ok,,12943.239,63.186,3.635
port192,EGY,west,port664,ok,,17159.007,10.848,7.345
port192,EGY,east,port815,ok,,9468.225,10.848,2.182
port192,EGY,gulf,port481,ok,,12395.667,10.848,3.635
port193,BGR,west,port664,ok,,17161.536,3.038,7.345
port193,BGR,east,port815,ok,,9470.754,3.038,2.182
port193,BGR,gulf,port481,ok,,12398.195,3.038,3.635
port196,IRN,west,port664,ok,,21433.017,4.649,7.345
port196,IRN,east,port815,ok,,15497.043,4.649,2.182
port196,IRN,gulf,port481,ok,,18424.485,4.649,3.635
port201,ESP,west,port664,ok,,13583.567,4.795,7.345
port201,ESP,east,port815,ok,,5827.126,4.795,2.182
port201,ESP,gulf,port481,ok,,8773.868,4.795,3.635
port202,PHL,west,port664,ok,,12043.85,4.393,7.345
port202,PHL,east,port815,ok,,21104.012,4.393,2.182
port202,PHL,gulf,port481,ok,,20229.029,4.393,3.635
port203,ITA,west,port664,ok,,14960.274,11.202,7.345
port203,ITA,east,port815,ok,,7269.491,11.202,2.182
port203,ITA,gulf,port481,ok,,10196.933,11.202,3.635
port206,FRA,west,port664,ok,,14264.196,2.293,7.345
port206,FRA,east,port815,ok,,5925.173,2.293,2.182
port206,FRA,gulf,port481,ok,,9147.09,2.293,3.635
port207,IND,west,port664,ok,,17413.815,43.132,7.345
port207,IND,east,port815,ok,,18171.379,43.132,2.182
port207,IND,gulf,port481,ok,,21098.821,43.132,3.635
port210,ARG,west,port664,ok,,13890.267,47.603,7.345
port210,ARG,east,port815,ok,,10974.305,47.603,2.182
port210,ARG,gulf,port481,ok,,12058.056,47.603,3.635
port213,VNM,west,port664,ok,,12931.125,60.411,7.345
port213,VNM,east,port815,ok,,20608.921,60.411,2.182
port213,VNM,gulf,port481,ok,,21158.392,60.411,3.635
port214,HTI,west,port664,ok,,7184.271,17.309,7.345
port214,HTI,east,port815,ok,,2454.794,17.309,2.182
port214,HTI,gulf,port481,ok,,2640.293,17.309,3.635
port215,ZAF,west,port664,ok,,17695.003,6.177,7.345
port215,ZAF,east,port815,ok,,12840.876,6.177,2.182
port215,ZAF,gulf,port481,ok,,14093.475,6.177,3.635
port217,GBR,west,port664,ok,,14004.813,1.484,7.345
port217,GBR,east,port815,ok,,5653.32,1.484,2.182
port217,GBR,gulf,port481,ok,,8887.707,1.484,3.635
port218,COL,west,port664,ok,,6102.014,3.563,7.345
port218,COL,east,port815,ok,,4132.68,3.563,2.182
port218,COL,gulf,port481,ok,,3260.786,3.563,3.635
port219,ESP,west,port664,ok,,14055.822,14.139,7.345
port219,ESP,east,port815,ok,,6365.039,14.139,2.182
port219,ESP,gulf,port481,ok,,9292.481,14.139,3.635
port220,MAR,west,port664,ok,,13560.857,4.66,7.345
port220,MAR,east,port815,ok,,5938.252,4.66,2.182
port220,MAR,gulf,port481,ok,,8820.367,4.66,3.635
port221,LCA,west,port664,ok,,7855.596,31.607,7.345
port221,LCA,east,port815,ok,,3373.562,31.607,2.182
port221,LCA,gulf,port481,ok,,4010.105,31.607,3.635
port222,ITA,west,port664,ok,,15594.476,7.308,7.345
port222,ITA,east,port815,ok,,7903.694,7.308,2.182
port222,ITA,gulf,port481,ok,,10831.136,7.308,3.635
port223,CUB,west,port664,ok,,7062.996,73.142,7.345
port223,CUB,east,port815,ok,,2288.377,73.142,2.182
port223,CUB,gulf,port481,ok,,2315.454,73.142,3.635
port224,PHL,west,port664,ok,,11975.447,10.67,7.345
port224,PHL,east,port815,ok,,21043.09,10.67,2.182
port224,PHL,gulf,port481,ok,,20168.107,10.67,3.635
port225,TTO,west,port664,ok,,7717.718,18.669,7.345
port225,TTO,east,port815,ok,,3713.21,18.669,2.182
port225,TTO,gulf,port481,ok,,4169.98,18.669,3.635
port226,IRN,west,port664,ok,,20253.323,225.752,7.345
port226,IRN,east,port815,ok,,14317.35,225.752,2.182
port226,IRN,gulf,port481,ok,,17244.791,225.752,3.635
port227,CHN,west,port664,ok,,10735.764,8.278,7.345
port227,CHN,east,port815,ok,,19838.014,8.278,2.182
port227,CHN,gulf,port481,ok,,18963.031,8.278,3.635
port228,CHN,west,port664,ok,,10835.242,4.239,7.345
port228,CHN,east,port815,ok,,19937.492,4.239,2.182
port228,CHN,gulf,port481,ok,,19062.509,4.239,3.635
port232,KNA,west,port664,ok,,7677.13,20.214,7.345
port232,KNA,east,port815,ok,,2987.738,20.214,2.182
port232,KNA,gulf,port481,ok,,3626.344,20.214,3.635
port233,VIR,west,port664,ok,,7522.816,0.951,7.345
port233,VIR,east,port815,ok,,2730.429,0.951,2.182
port233,VIR,gulf,port481,ok,,3366.972,0.951,3.635
port234,GBR,west,port664,ok,,14362.523,11.376,7.345
port234,GBR,east,port815,ok,,6023.5,11.376,2.182
port234,GBR,gulf,port481,ok,,9245.416,11.376,3.635
port235,IND,west,port664,ok,,17385.167,18.856,7.345
port235,IND,east,port815,ok,,17100.892,18.856,2.182
port235,IND,gulf,port481,ok,,20028.334,18.856,3.635
port238,TWN,west,port664,ok,,11127.179,3.368,7.345
port238,TWN,east,port815,ok,,20229.429,3.368,2.182
port238,TWN,gulf,port481,ok,,19354.446,3.368,3.635
port239,JPN,west,port664,ok,,9153.761,8.5,7.345
port239,JPN,east,port815,ok,,18256.01,8.5,2.182
port239,JPN,gulf,port481,ok,,17381.027,8.5,3.635
port241,BGD,west,port664,ok,,17226.413,7.275,7.345
port241,BGD,east,port815,ok,,18339.818,7.275,2.182
port241,BGD,gulf,port481,ok,,21267.26,7.275,3.635
port244,CUB,west,port664,ok,,7153.8,7.217,7.345
port244,CUB,east,port815,ok,,3126.898,7.217,2.182
port244,CUB,gulf,port481,ok,,1929.068,7.217,3.635
port246,IDN,west,port664,ok,,14630.773,20.508,7.345
port246,IDN,east,port815,ok,,19932.226,20.508,2.182
port246,IDN,gulf,port481,ok,,22341.074,20.508,3.635
port247,ITA,west,port664,ok,,15260.228,5.449,7.345
port247,ITA,east,port815,ok,,7569.445,5.449,2.182
port247,ITA,gulf,port481,ok,,10496.887,5.449,3.635
port252,MEX,west,port664,ok,,8150.883,2.437,7.345
port252,MEX,east,port815,ok,,3598.512,2.437,2.182
port252,MEX,gulf,port481,ok,,1329.144,2.437,3.635
port254,LKA,west,port664,ok,,17390.849,7.437,7.345
port254,LKA,east,port815,ok,,15996.794,7.437,2.182
port254,LKA,gulf,port481,ok,,18924.235,7.437,3.635
port255,FSM,west,port664,ok,,10727.918,212.417,7.345
port255,FSM,east,port815,ok,,19270.485,212.417,2.182
port255,FSM,gulf,port481,ok,,18395.502,212.417,3.635
port258,GIN,west,port664,ok,,13140.358,12.324,7.345
port258,GIN,east,port815,ok,,7246.245,12.324,2.182
port258,GIN,gulf,port481,ok,,9223.582,12.324,3.635
port260,ROU,west,port664,ok,,17300.527,5.284,7.345
port260,ROU,east,port815,ok,,9609.744,5.284,2.182
port260,ROU,gulf,port481,ok,,12537.186,5.284,3.635
port261,NIC,west,port664,ok,,4214.297,71.093,7.345
port261,NIC,east,port815,ok,,5062.156,71.093,2.182
port261,NIC,gulf,port481,ok,,4187.173,71.093,3.635
port262,IRL,west,port664,ok,,13688.759,6.562,7.345
port262,IRL,east,port815,ok,,5225.852,6.562,2.182
port262,IRL,gulf,port481,ok,,8467.916,6.562,3.635
port263,CHL,west,port664,ok,,9488.396,21.377,7.345
port263,CHL,east,port815,ok,,9111.517,21.377,2.182
port263,CHL,gulf,port481,ok,,8236.534,21.377,3.635
port265,BEN,west,port664,ok,,15192.431,7.7,7.345
port265,BEN,east,port815,ok,,9298.318,7.7,2.182
port265,BEN,gulf,port481,ok,,11275.655,7.7,3.635
port267,ESP,west,port664,ok,,13618.703,2.101,7.345
port267,ESP,east,port815,ok,,5927.92,2.101,2.182
port267,ESP,gulf,port481,ok,,8855.362,2.101,3.635
port268,DEU,west,port664,ok,,14866.02,6.539,7.345
port268,DEU,east,port815,ok,,6384.808,6.539,2.182
port268,DEU,gulf,port481,ok,,9626.872,6.539,3.635
port269,VNM,west,port664,ok,,12887.49,20.02,7.345
port269,VNM,east,port815,ok,,20792.048,20.02,2.182
port269,VNM,gulf,port481,ok,,21114.757,20.02,3.635
port270,KOR,west,port664,ok,,10529.584,17.111,7.345
port270,KOR,east,port815,ok,,19631.833,17.111,2.182
port270,KOR,gulf,port481,ok,,18756.85,17.111,3.635
port271,IND,west,port664,ok,,19301.832,38.479,7.345
port271,IND,east,port815,ok,,15242.956,38.479,2.182
port271,IND,gulf,port481,ok,,18170.397,38.479,3.635
port272,SEN,west,port664,ok,,12693.919,19.463,7.345
port272,SEN,east,port815,ok,,6533.252,19.463,2.182
port272,SEN,gulf,port481,ok,,8510.588,19.463,3.635
port273,CHN,west,port664,ok,,10813.735,4.902,7.345
port273,CHN,east,port815,ok,,19915.984,4.902,2.182
port273,CHN,gulf,port481,ok,,19041.001,4.902,3.635
port274,EGY,west,port664,ok,,17144.759,18.146,7.345
port274,EGY,east,port815,ok,,9453.976,18.146,2.182
port274,EGY,gulf,port481,ok,,12381.418,18.146,3.635
port275,SAU,west,port664,ok,,21372.639,8.938,7.345
port275,SAU,east,port815,ok,,15436.666,8.938,2.182
port275,SAU,gulf,port481,ok,,18364.107,8.938,3.635
port276,AUS,west,port664,ok,,15335.835,1.445,7.345
port276,AUS,east,port815,ok,,21281.688,1.445,2.182
port276,AUS,gulf,port481,ok,,21748.19,1.445,3.635
port277,CHN,west,port664,ok,,10853.888,6.606,7.345
port277,CHN,east,port815,ok,,19956.137,6.606,2.182
port277,CHN,gulf,port481,ok,,19081.154,6.606,3.635
port278,TZA,west,port664,ok,,22034.865,21.358,7.345
port278,TZA,east,port815,ok,,15490.231,21.358,2.182
port278,TZA,gulf,port481,ok,,18417.673,21.358,3.635
port280,AUS,west,port664,ok,,13601.219,34.93,7.345
port280,AUS,east,port815,ok,,20848.653,34.93,2.182
port280,AUS,gulf,port481,ok,,19973.67,34.93,3.635
port281,PHL,west,port664,ok,,12239.425,22.552,7.345
port281,PHL,east,port815,ok,,21163.504,22.552,2.182
port281,PHL,gulf,port481,ok,,20288.521,22.552,3.635
port284,GUF,west,port664,ok,,8993.169,69.229,7.345
port284,GUF,east,port815,ok,,4836.692,69.229,2.182
port284,GUF,gulf,port481,ok,,5411.097,69.229,3.635
port285,NLD,west,port664,ok,,14766.122,2.472,7.345
port285,NLD,east,port815,ok,,6365.275,2.472,2.182
port285,NLD,gulf,port481,ok,,9607.339,2.472,3.635
port287,TUR,west,port664,ok,,16982.919,3.903,7.345
port287,TUR,east,port815,ok,,9292.137,3.903,2.182
port287,TUR,gulf,port481,ok,,12219.578,3.903,3.635
port289,BGD,west,port664,ok,,17244.448,193.293,7.345
port289,BGD,east,port815,ok,,18357.854,193.293,2.182
port289,BGD,gulf,port481,ok,,21285.295,193.293,3.635
port291,CYP,west,port664,ok,,17173.111,23.079,7.345
port291,CYP,east,port815,ok,,9482.328,23.079,2.182
port291,CYP,gulf,port481,ok,,12409.77,23.079,3.635
port292,TLS,west,port664,ok,,13678.134,4.023,7.345
port292,TLS,east,port815,ok,,21339.027,4.023,2.182
port292,TLS,gulf,port481,ok,,20464.044,4.023,3.635
port293,DZA,west,port664,ok,,14842.808,93.066,7.345
port293,DZA,east,port815,ok,,7152.025,93.066,2.182
port293,DZA,gulf,port481,ok,,10079.467,93.066,3.635
port294,DJI,west,port664,ok,,19707.713,17.926,7.345
port294,DJI,east,port815,ok,,12016.93,17.926,2.182
port294,DJI,gulf,port481,ok,,14944.372,17.926,3.635
port296,NOR,west,port664,ok,,15225.89,5.266,7.345
port296,NOR,east,port815,ok,,6521.39,5.266,2.182
port296,NOR,gulf,port481,ok,,9763.454,5.266,3.635
port297,IDN,west,port664,ok,,13201.794,25.841,7.345
port297,IDN,east,port815,ok,,21067.546,25.841,2.182
port297,IDN,gulf,port481,ok,,21250.89,25.841,3.635
port299,CMR,west,port664,ok,,15940.021,2.687,7.345
port299,CMR,east,port815,ok,,10045.908,2.687,2.182
port299,CMR,gulf,port481,ok,,12023.245,2.687,3.635
port301,GBR,west,port664,ok,,14267.94,2.093,7.345
port301,GBR,east,port815,ok,,5928.917,2.093,2.182
port301,GBR,gulf,port481,ok,,9150.833,2.093,3.635
port302,NOR,west,port664,ok,,15094.231,0.601,7.345
port302,NOR,east,port815,ok,,6389.731,0.601,2.182
port302,NOR,gulf,port481,ok,,9631.795,0.601,3.635
port303,IRL,west,port664,ok,,14080.794,41.615,7.345
port303,IRL,east,port815,ok,,5617.887,41.615,2.182
port303,IRL,gulf,port481,ok,,8859.951,41.615,3.635
port304,SAU,west,port664,ok,,17816.377,115.874,7.345
port304,SAU,east,port815,ok,,10125.595,115.874,2.182
port304,SAU,gulf,port481,ok,,13053.036,115.874,3.635
port306,ARE,west,port664,ok,,20889.86,15.768,7.345
port306,ARE,east,port815,ok,,14953.887,15.768,2.182
port306,ARE,gulf,port481,ok,,17881.329,15.768,3.635
port307,IRL,west,port664,ok,,13961.926,6.313,7.345
port307,IRL,east,port815,ok,,5499.019,6.313,2.182
port307,IRL,gulf,port481,ok,,8741.083,6.313,3.635
port308,RUS,west,port664,ok,,17980.308,317.502,7.345
port308,RUS,east,port815,ok,,9226.06,317.502,2.182
port308,RUS,gulf,port481,ok,,12468.124,317.502,3.635
port309,IDN,west,port664,ok,,14718.688,12.042,7.345
port309,IDN,east,port815,ok,,18701.82,12.042,2.182
port309,IDN,gulf,port481,ok,,21629.262,12.042,3.635
port310,FRA,west,port664,ok,,14317.757,8.485,7.345
port310,FRA,east,port815,ok,,5978.734,8.485,2.182
port310,FRA,gulf,port481,ok,,9200.651,8.485,3.635
port311,ZAF,west,port664,ok,,19017.684,16.246,7.345
port311,ZAF,east,port815,ok,,14163.557,16.246,2.182
port311,ZAF,gulf,port481,ok,,15416.156,16.246,3.635
port312,ALB,west,port664,ok,,16075.871,9.616,7.345
port312,ALB,east,port815,ok,,8385.089,9.616,2.182
port312,ALB,gulf,port481,ok,,11312.53,9.616,3.635
port315,ZAF,west,port664,ok,,18536.308,76.526,7.345
port315,ZAF,east,port815,ok,,13682.181,76.526,2.182
port315,ZAF,gulf,port481,ok,,14934.78,76.526,3.635
port316,NLD,west,port664,ok,,14750.394,4.719,7.345
port316,NLD,east,port815,ok,,6349.547,4.719,2.182
port316,NLD,gulf,port481,ok,,9591.611,4.719,3.635
port317,ESP,west,port664,ok,,14387.551,4.307,7.345
port317,ESP,east,port815,ok,,6696.768,4.307,2.182
port317,ESP,gulf,port481,ok,,9624.21,4.307,3.635
port319,MAR,west,port664,ok,,13539.84,13.154,7.345
port319,MAR,east,port815,ok,,5955.373,13.154,2.182
port319,MAR,gulf,port481,ok,,8825.236,13.154,3.635
port320,VEN,west,port664,ok,,7090.316,16.902,7.345
port320,VEN,east,port815,ok,,3751.462,16.902,2.182
port320,VEN,gulf,port481,ok,,3687.524,16.902,3.635
port321,EGY,west,port664,ok,,17350.687,26.313,7.345
port321,EGY,east,port815,ok,,9659.905,26.313,2.182
port321,EGY,gulf,port481,ok,,12587.346,26.313,3.635
port322,GRC,west,port664,ok,,16291.2,2.849,7.345
port322,GRC,east,port815,ok,,8600.418,2.849,2.182
port322,GRC,gulf,port481,ok,,11527.859,2.849,3.635
port323,DEU,west,port664,ok,,14781.419,4.234,7.345
port323,DEU,east,port815,ok,,6380.571,4.234,2.182
port323,DEU,gulf,port481,ok,,9622.635,4.234,3.635
port325,IDN,west,port664,ok,,14067.284,32.485,7.345
port325,IDN,east,port815,ok,,20948.068,32.485,2.182
port325,IDN,gulf,port481,ok,,20853.193,32.485,3.635
port326,MEX,west,port664,ok,,146.025,113.904,7.345
port326,MEX,east,port815,ok,,9106.145,113.904,2.182
port326,MEX,gulf,port481,ok,,8231.162,113.904,3.635
port327,TUR,west,port664,ok,,16995.529,140.183,7.345
port327,TUR,east,port815,ok,,9304.746,140.183,2.182
port327,TUR,gulf,port481,ok,,12232.188,140.183,3.635
port328,DNK,west,port664,ok,,14962.558,14.428,7.345
port328,DNK,east,port815,ok,,6312.29,14.428,2.182
port328,DNK,gulf,port481,ok,,9554.354,14.428,3.635
port329,ISL,west,port664,ok,,13979.554,17.115,7.345
port329,ISL,east,port815,ok,,5225.305,17.115,2.182
port329,ISL,gulf,port481,ok,,8467.369,17.115,3.635
port330,ECU,west,port664,ok,,5560.812,75.853,7.345
port330,ECU,east,port815,ok,,4691.849,75.853,2.182
port330,ECU,gulf,port481,ok,,3816.867,75.853,3.635
port331,AUS,west,port664,ok,,15573.481,70.423,7.345
port331,AUS,east,port815,ok,,21110.858,70.423,2.182
port331,AUS,gulf,port481,ok,,20235.875,70.423,3.635
port332,GIB,west,port664,ok,,13635.834,3.227,7.345
port332,GIB,east,port815,ok,,5945.052,3.227,2.182
port332,GIB,gulf,port481,ok,,8872.493,3.227,3.635
port335,SWE,west,port664,ok,,15133.364,25.993,7.345
port335,SWE,east,port815,ok,,6428.864,25.993,2.182
port335,SWE,gulf,port481,ok,,9670.928,25.993,3.635
port337,GBR,west,port664,ok,,13778.7,4.657,7.345
port337,GBR,east,port815,ok,,5439.677,4.657,2.182
port337,GBR,gulf,port481,ok,,8661.593,4.657,3.635
port338,CYP,west,port664,ok,,17291.46,7.2,7.345
port338,CYP,east,port815,ok,,9600.677,7.2,2.182
port338,CYP,gulf,port481,ok,,12528.119,7.2,3.635
port339,CHN,west,port664,ok,,12700.46,26.823,7.345
port339,CHN,east,port815,ok,,21338.706,26.823,2.182
port339,CHN,gulf,port481,ok,,20927.727,26.823,3.635
port340,MDG,west,port664,ok,,20579.067,186.89,7.345
port340,MDG,east,port815,ok,,15724.94,186.89,2.182
port340,MDG,gulf,port481,ok,,16977.539,186.89,3.635
port342,GBR,west,port664,ok,,14063.674,4.525,7.345
port342,GBR,east,port815,ok,,5724.651,4.525,2.182
port342,GBR,gulf,port481,ok,,8946.567,4.525,3.635
port343,GBR,west,port664,ok,,14359.76,3.613,7.345
port343,GBR,east,port815,ok,,6020.737,3.613,2.182
port343,GBR,gulf,port481,ok,,9242.653,3.613,3.635
port344,ESP,west,port664,ok,,13590.877,8.404,7.345
port344,ESP,east,port815,ok,,5559.805,8.404,2.182
port344,ESP,gulf,port481,ok,,8649.81,8.404,3.635
port345,PRT,west,port664,ok,,13574.282,44.334,7.345
port345,PRT,east,port815,ok,,5698.592,44.334,2.182
port345,PRT,gulf,port481,ok,,8719.3,44.334,3.635
port347,NOR,west,port664,ok,,15391.54,61.969,7.345
port347,NOR,east,port815,ok,,6637.291,61.969,2.182
port347,NOR,gulf,port481,ok,,9879.356,61.969,3.635
port348,NOR,west,port664,ok,,14689.687,63.133,7.345
port348,NOR,east,port815,ok,,5985.187,63.133,2.182
port348,NOR,gulf,port481,ok,,9227.251,63.133,3.635
port349,NOR,west,port664,ok,,14690.963,18.472,7.345
port349,NOR,east,port815,ok,,5986.463,18.472,2.182
port349,NOR,gulf,port481,ok,,9228.527,18.472,3.635
port350,MTQ,west,port664,ok,,7933.479,21.557,7.345
port350,MTQ,east,port815,ok,,3339.877,21.557,2.182
port350,MTQ,gulf,port481,ok,,3978.482,21.557,3.635
port351,FRA,west,port664,ok,,14905.496,6.977,7.345
port351,FRA,east,port815,ok,,7214.714,6.977,2.182
port351,FRA,gulf,port481,ok,,10142.155,6.977,3.635
port353,IRL,west,port664,ok,,13678.526,2.274,7.345
port353,IRL,east,port815,ok,,5215.619,2.274,2.182
port353,IRL,gulf,port481,ok,,8457.683,2.274,3.635
port354,DNK,west,port664,ok,,15272.205,6.773,7.345
port354,DNK,east,port815,ok,,6567.705,6.773,2.182
port354,DNK,gulf,port481,ok,,9809.77,6.773,3.635
port355,DNK,west,port664,ok,,15021.009,11.662,7.345
port355,DNK,east,port815,ok,,6316.509,11.662,2.182
port355,DNK,gulf,port481,ok,,9558.573,11.662,3.635
port356,NOR,west,port664,ok,,15026.152,19.436,7.345
port356,NOR,east,port815,ok,,6321.652,19.436,2.182
port356,NOR,gulf,port481,ok,,9563.716,19.436,3.635
port357,BHS,west,port664,ok,,7821.493,16.45,7.345
port357,BHS,east,port815,ok,,1761.811,16.45,2.182
port357,BHS,gulf,port481,ok,,1919.511,16.45,3.635
port359,DNK,west,port664,ok,,15225.572,10.502,7.345
port359,DNK,east,port815,ok,,6521.072,10.502,2.182
port359,DNK,gulf,port481,ok,,9763.136,10.502,3.635
port360,SLE,west,port664,ok,,13132.352,11.595,7.345
port360,SLE,east,port815,ok,,7238.24,11.595,2.182
port360,SLE,gulf,port481,ok,,9215.577,11.595,3.635
port361,AUS,west,port664,ok,,16186.265,11.367,7.345
port361,AUS,east,port815,ok,,21599.449,11.367,2.182
port361,AUS,gulf,port481,ok,,20848.658,11.367,3.635
port362,ARE,west,port664,ok,,20646.457,8.247,7.345
port362,ARE,east,port815,ok,,14710.484,8.247,2.182
port362,ARE,gulf,port481,ok,,17637.925,8.247,3.635
port364,JPN,west,port664,ok,,9699.758,23.156,7.345
port364,JPN,east,port815,ok,,18802.008,23.156,2.182
port364,JPN,gulf,port481,ok,,17927.025,23.156,3.635
port365,JPN,west,port664,ok,,9153.761,10.866,7.345
port365,JPN,east,port815,ok,,18256.01,10.866,2.182
port365,JPN,gulf,port481,ok,,17381.027,10.866,3.635
port366,TUV,west,port664,ok,,8492.228,58.083,7.345
port366,TUV,east,port815,ok,,15459.014,58.083,2.182
port366,TUV,gulf,port481,ok,,14584.031,58.083,3.635
port367,PRT,west,port664,ok,,12644.385,38.811,7.345
port367,PRT,east,port815,ok,,5303.922,38.811,2.182
port367,PRT,gulf,port481,ok,,7964.027,38.811,3.635
port368,FIN,west,port664,ok,,16119.093,86.195,7.345
port368,FIN,east,port815,ok,,7414.593,86.195,2.182
port368,FIN,gulf,port481,ok,,10656.657,86.195,3.635
port369,JPN,west,port664,ok,,9215.698,15.005,7.345
port369,JPN,east,port815,ok,,18317.947,15.005,2.182
port369,JPN,gulf,port481,ok,,17442.964,15.005,3.635
port370,CHN,west,port664,ok,,11238.916,40.113,7.345
port370,CHN,east,port815,ok,,20341.166,40.113,2.182
port370,CHN,gulf,port481,ok,,19466.183,40.113,3.635
port371,TUN,west,port664,ok,,15565.39,4.806,7.345
port371,TUN,east,port815,ok,,7874.607,4.806,2.182
port371,TUN,gulf,port481,ok,,10802.049,4.806,3.635
port374,IRL,west,port664,ok,,13720.54,1.791,7.345
port374,IRL,east,port815,ok,,5257.633,1.791,2.182
port374,IRL,gulf,port481,ok,,8499.697,1.791,3.635
port375,CHN,west,port664,ok,,10884.935,3.171,7.345
port375,CHN,east,port815,ok,,19987.185,3.171,2.182
port375,CHN,gulf,port481,ok,,19112.202,3.171,3.635
port376,GBR,west,port664,ok,,14123.273,2.41,7.345
port376,GBR,east,port815,ok,,5660.366,2.41,2.182
port376,GBR,gulf,port481,ok,,8902.43,2.41,3.635
port378,RUS,west,port664,ok,,16469.093,3.576,7.345
port378,RUS,east,port815,ok,,7764.593,3.576,2.182
port378,RUS,gulf,port481,ok,,11006.657,3.576,3.635
port379,SWE,west,port664,ok,,16219.022,17.594,7.345
port379,SWE,east,port815,ok,,7514.522,17.594,2.182
port379,SWE,gulf,port481,ok,,10756.586,17.594,3.635
port380,POL,west,port664,ok,,15769.189,29.455,7.345
port380,POL,east,port815,ok,,7064.689,29.455,2.182
port380,POL,gulf,port481,ok,,10306.753,29.455,3.635
port381,POL,west,port664,ok,,15769.189,37.839,7.345
port381,POL,east,port815,ok,,7064.689,37.839,2.182
port381,POL,gulf,port481,ok,,10306.753,37.839,3.635
port385,TUR,west,port664,ok,,16970.945,0.994,7.345
port385,TUR,east,port815,ok,,9280.163,0.994,2.182
port385,TUR,gulf,port481,ok,,12207.604,0.994,3.635
port386,PHL,west,port664,ok,,12279.587,7.32,7.345
port386,PHL,east,port815,ok,,21203.665,7.32,2.182
port386,PHL,gulf,port481,ok,,20328.682,7.32,3.635
port387,ITA,west,port664,ok,,15217.392,8.932,7.345
port387,ITA,east,port815,ok,,7526.609,8.932,2.182
port387,ITA,gulf,port481,ok,,10454.051,8.932,3.635
port389,CYM,west,port664,ok,,6864.126,12.459,7.345
port389,CYM,east,port815,ok,,3046.659,12.459,2.182
port389,CYM,gulf,port481,ok,,1835.69,12.459,3.635
port390,GUY,west,port664,ok,,8344.806,37.257,7.345
port390,GUY,east,port815,ok,,4268.992,37.257,2.182
port390,GUY,gulf,port481,ok,,4762.734,37.257,3.635
port392,DZA,west,port664,ok,,13848.257,97.617,7.345
port392,DZA,east,port815,ok,,6157.474,97.617,2.182
port392,DZA,gulf,port481,ok,,9084.916,97.617,3.635
port393,BEL,west,port664,ok,,14421.252,25.524,7.345
port393,BEL,east,port815,ok,,6082.229,25.524,2.182
port393,BEL,gulf,port481,ok,,9304.145,25.524,3.635
port394,ESP,west,port664,ok,,13869.856,2.479,7.345
port394,ESP,east,port815,ok,,5825.027,2.479,2.182
port394,ESP,gulf,port481,ok,,8928.789,2.479,3.635
port395,ITA,west,port664,ok,,15495.933,19.469,7.345
port395,ITA,east,port815,ok,,7805.151,19.469,2.182
port395,ITA,gulf,port481,ok,,10732.592,19.469,3.635
port398,AUS,west,port664,ok,,12001.796,5.028,7.345
port398,AUS,east,port815,ok,,18651.65,5.028,2.182
port398,AUS,gulf,port481,ok,,17776.667,5.028,3.635
port399,GBR,west,port664,ok,,14288.682,12.155,7.345
port399,GBR,east,port815,ok,,5717.995,12.155,2.182
port399,GBR,gulf,port481,ok,,8960.059,12.155,3.635
port400,NOR,west,port664,ok,,15220.991,41.941,7.345
port400,NOR,east,port815,ok,,6466.742,41.941,2.182
port400,NOR,gulf,port481,ok,,9708.806,41.941,3.635
port401,TUR,west,port664,ok,,16995.529,3.542,7.345
port401,TUR,east,port815,ok,,9304.746,3.542,2.182
port401,TUR,gulf,port481,ok,,12232.188,3.542,3.635
port402,CRI,west,port664,ok,,5872.986,126.876,7.345
port402,CRI,east,port815,ok,,3906.741,126.876,2.182
port402,CRI,gulf,port481,ok,,3031.758,126.876,3.635
port404,GBR,west,port664,ok,,14666.165,22.098,7.345
port404,GBR,east,port815,ok,,6190.38,22.098,2.182
port404,GBR,gulf,port481,ok,,9432.445,22.098,3.635
port407,IDN,west,port664,ok,,13100.774,114.174,7.345
port407,IDN,east,port815,ok,,21781.557,114.174,2.182
port407,IDN,gulf,port481,ok,,20906.574,114.174,3.635
port408,SWE,west,port664,ok,,15035.566,28.812,7.345
port408,SWE,east,port815,ok,,6331.066,28.812,2.182
port408,SWE,gulf,port481,ok,,9573.13,28.812,3.635
port410,CHN,west,port664,ok,,10931.793,30.807,7.345
port410,CHN,east,port815,ok,,20034.043,30.807,2.182
port410,CHN,gulf,port481,ok,,19159.06,30.807,3.635
port415,GBR,west,port664,ok,,14557.299,4.088,7.345
port415,GBR,east,port815,ok,,5852.799,4.088,2.182
port415,GBR,gulf,port481,ok,,9094.863,4.088,3.635
port416,GBR,west,port664,ok,,14376.38,0.341,7.345
port416,GBR,east,port815,ok,,6037.358,0.341,2.182
port416,GBR,gulf,port481,ok,,9259.274,0.341,3.635
port417,GBR,west,port664,ok,,14452.121,32.312,7.345
port417,GBR,east,port815,ok,,6113.098,32.312,2.182
port417,GBR,gulf,port481,ok,,9335.015,32.312,3.635
port419,DNK,west,port664,ok,,15166.398,33.027,7.345
port419,DNK,east,port815,ok,,6461.898,33.027,2.182
port419,DNK,gulf,port481,ok,,9703.962,33.027,3.635
port420,IDN,west,port664,ok,,14335.937,2.741,7.345
port420,IDN,east,port815,ok,,20094.111,2.741,2.182
port420,IDN,gulf,port481,ok,,21939.14,2.741,3.635
port421,GBR,west,port664,ok,,14625.583,2.514,7.345
port421,GBR,east,port815,ok,,6149.798,2.514,2.182
port421,GBR,gulf,port481,ok,,9391.862,2.514,3.635
port422,BRA,west,port664,ok,,13653.613,65.542,7.345
port422,BRA,east,port815,ok,,8968.334,65.542,2.182
port422,BRA,gulf,port481,ok,,10052.085,65.542,3.635
port423,CHN,west,port664,ok,,12198.927,27.165,7.345
port423,CHN,east,port815,ok,,21301.177,27.165,2.182
port423,CHN,gulf,port481,ok,,20426.194,27.165,3.635
port424,CHN,west,port664,ok,,12626.286,19.074,7.345
port424,CHN,east,port815,ok,,21365.343,19.074,2.182
port424,CHN,gulf,port481,ok,,20853.553,19.074,3.635
port425,CHN,west,port664,ok,,12108.852,20.023,7.345
port425,CHN,east,port815,ok,,21211.102,20.023,2.182
port425,CHN,gulf,port481,ok,,20336.119,20.023,3.635
port426,ECU,west,port664,ok,,6126.71,14.891,7.345
port426,ECU,east,port815,ok,,5299.947,14.891,2.182
port426,ECU,gulf,port481,ok,,4424.964,14.891,3.635
port427,MEX,west,port664,ok,,2326.018,13.446,7.345
port427,MEX,east,port815,ok,,8283.911,13.446,2.182
port427,MEX,gulf,port481,ok,,7408.928,13.446,3.635
port429,TUR,west,port664,ok,,16612.85,1.841,7.345
port429,TUR,east,port815,ok,,8922.067,1.841,2.182
port429,TUR,gulf,port481,ok,,11849.509,1.841,3.635
port431,PAK,west,port664,ok,,20239.849,112.306,7.345
port431,PAK,east,port815,ok,,14535.398,112.306,2.182
port431,PAK,gulf,port481,ok,,17462.84,112.306,3.635
port432,KOR,west,port664,ok,,9968.637,20.821,7.345
port432,KOR,east,port815,ok,,19070.887,20.821,2.182
port432,KOR,gulf,port481,ok,,18195.904,20.821,3.635
port433,JPN,west,port664,ok,,8538.594,11.063,7.345
port433,JPN,east,port815,ok,,17640.843,11.063,2.182
port433,JPN,gulf,port481,ok,,16765.86,11.063,3.635
port434,VNM,west,port664,ok,,12914.894,21.916,7.345
port434,VNM,east,port815,ok,,21294.103,21.916,2.182
port434,VNM,gulf,port481,ok,,21142.161,21.916,3.635
port435,ISR,west,port664,ok,,17332.303,4.097,7.345
port435,ISR,east,port815,ok,,9641.521,4.097,2.182
port435,ISR,gulf,port481,ok,,12568.962,4.097,3.635
port437,CHN,west,port664,ok,,12437.253,42.83,7.345
port437,CHN,east,port815,ok,,21281.027,42.83,2.182
port437,CHN,gulf,port481,ok,,20664.52,42.83,3.635
port438,CHN,west,port664,ok,,10912.639,18.393,7.345
port438,CHN,east,port815,ok,,20014.888,18.393,2.182
port438,CHN,gulf,port481,ok,,19139.905,18.393,3.635
port439,JPN,west,port664,ok,,9900.094,1.767,7.345
port439,JPN,east,port815,ok,,19002.343,1.767,2.182
port439,JPN,gulf,port481,ok,,18127.36,1.767,3.635
port440,JPN,west,port664,ok,,8572.251,50.243,7.345
port440,JPN,east,port815,ok,,17674.501,50.243,2.182
port440,JPN,gulf,port481,ok,,16799.518,50.243,3.635
port441,NOR,west,port664,ok,,15040.82,29.176,7.345
port441,NOR,east,port815,ok,,6336.32,29.176,2.182
port441,NOR,gulf,port481,ok,,9578.384,29.176,3.635
port442,IND,west,port664,ok,,17402.135,10.574,7.345
port442,IND,east,port815,ok,,18159.699,10.574,2.182
port442,IND,gulf,port481,ok,,21087.141,10.574,3.635
port443,CAN,west,port664,ok,,9904.421,1.379,7.345
port443,CAN,east,port815,ok,,1052.037,1.379,2.182
port443,CAN,gulf,port481,ok,,4364.49,1.379,3.635
port444,SWE,west,port664,ok,,15219.674,3.362,7.345
port444,SWE,east,port815,ok,,6515.174,3.362,2.182
port444,SWE,gulf,port481,ok,,9757.238,3.362,3.635
port445,JPN,west,port664,ok,,9615.292,56.67,7.345
port445,JPN,east,port815,ok,,18717.541,56.67,2.182
port445,JPN,gulf,port481,ok,,17842.558,56.67,3.635
port446,DEU,west,port664,ok,,14961.765,4.023,7.345
port446,DEU,east,port815,ok,,6480.553,4.023,2.182
port446,DEU,gulf,port481,ok,,9722.617,4.023,3.635
port447,CAN,west,port664,ok,,12247.864,10.025,7.345
port447,CAN,east,port815,ok,,3395.481,10.025,2.182
port447,CAN,gulf,port481,ok,,6707.934,10.025,3.635
port448,FIN,west,port664,ok,,16362.56,64.629,7.345
port448,FIN,east,port815,ok,,7658.06,64.629,2.182
port448,FIN,gulf,port481,ok,,10900.124,64.629,3.635
port449,NOR,west,port664,ok,,15571.529,14.237,7.345
port449,NOR,east,port815,ok,,6817.28,14.237,2.182
port449,NOR,gulf,port481,ok,,10059.345,14.237,3.635
port450,FIN,west,port664,ok,,16172.317,13.231,7.345
port450,FIN,east,port815,ok,,7467.817,13.231,2.182
port450,FIN,gulf,port481,ok,,10709.881,13.231,3.635
port454,NLD,west,port664,ok,,14616.221,13.919,7.345
port454,NLD,east,port815,ok,,6274.163,13.919,2.182
port454,NLD,gulf,port481,ok,,9499.115,13.919,3.635
port455,CAN,west,port664,ok,,2274.656,36.268,7.345
port455,CAN,east,port815,ok,,11505.137,36.268,2.182
port455,CAN,gulf,port481,ok,,10630.154,36.268,3.635
port456,NOR,west,port664,ok,,14830.72,11.748,7.345
port456,NOR,east,port815,ok,,6126.22,11.748,2.182
port456,NOR,gulf,port481,ok,,9368.284,11.748,3.635
port457,TUR,west,port664,ok,,16927.536,3.521,7.345
port457,TUR,east,port815,ok,,9236.753,3.521,2.182
port457,TUR,gulf,port481,ok,,12164.195,3.521,3.635
port458,AUS,west,port664,ok,,12128.832,6.563,7.345
port458,AUS,east,port815,ok,,19042.656,6.563,2.182
port458,AUS,gulf,port481,ok,,18167.673,6.563,3.635
port459,SWE,west,port664,ok,,15230.699,9.56,7.345
port459,SWE,east,port815,ok,,6526.199,9.56,2.182
port459,SWE,gulf,port481,ok,,9768.264,9.56,3.635
port460,FIN,west,port664,ok,,16261.818,11.24,7.345
port460,FIN,east,port815,ok,,7557.318,11.24,2.182
port460,FIN,gulf,port481,ok,,10799.382,11.24,3.635
port463,JPN,west,port664,ok,,9675.622,13.148,7.345
port463,JPN,east,port815,ok,,18777.872,13.148,2.182
port463,JPN,gulf,port481,ok,,17902.889,13.148,3.635
port465,JPN,west,port664,ok,,9675.622,4.679,7.345
port465,JPN,east,port815,ok,,18777.872,4.679,2.182
port465,JPN,gulf,port481,ok,,17902.889,4.679,3.635
port466,JPN,west,port664,ok,,9865.206,24.554,7.345
port466,JPN,east,port815,ok,,18967.456,24.554,2.182
port466,JPN,gulf,port481,ok,,18092.473,24.554,3.635
port467,DNK,west,port664,ok,,14953.924,1.784,7.345
port467,DNK,east,port815,ok,,6249.424,1.784,2.182
port467,DNK,gulf,port481,ok,,9491.488,1.784,3.635
port468,JPN,west,port664,ok,,8959.791,21.358,7.345
port468,JPN,east,port815,ok,,18062.041,21.358,2.182
port468,JPN,gulf,port481,ok,,17187.058,21.358,3.635
port470,DNK,west,port664,ok,,15218.245,60.139,7.345
port470,DNK,east,port815,ok,,6513.745,60.139,2.182
port470,DNK,gulf,port481,ok,,9755.809,60.139,3.635
port471,JPN,west,port664,ok,,9893.796,42.724,7.345
port471,JPN,east,port815,ok,,18996.046,42.724,2.182
port471,JPN,gulf,port481,ok,,18121.063,42.724,3.635
port473,VNM,west,port664,ok,,12914.894,39.183,7.345
port473,VNM,east,port815,ok,,21294.103,39.183,2.182
port473,VNM,gulf,port481,ok,,21142.161,39.183,3.635
port474,HKG,west,port664,ok,,12067.687,22.543,7.345
port474,HKG,east,port815,ok,,21169.936,22.543,2.182
port474,HKG,gulf,port481,ok,,20294.953,22.543,3.635
port475,SLB,west,port664,ok,,10164.547,64.238,7.345
port475,SLB,east,port815,ok,,17411.981,64.238,2.182
port475,SLB,gulf,port481,ok,,16536.998,64.238,3.635
port478,PRT,west,port664,ok,,11757.685,19.579,7.345
port478,PRT,east,port815,ok,,4006.255,19.579,2.182
port478,PRT,gulf,port481,ok,,6828.732,19.579,3.635
port479,NOR,west,port664,ok,,15053.412,5.505,7.345
port479,NOR,east,port815,ok,,6348.912,5.505,2.182
port479,NOR,gulf,port481,ok,,9590.976,5.505,3.635
port480,JPN,west,port664,ok,,9892.283,34.359,7.345
port480,JPN,east,port815,ok,,18994.532,34.359,2.182
port480,JPN,gulf,port481,ok,,18119.549,34.359,3.635
port483,ESP,west,port664,ok,,13561.724,13.186,7.345
port483,ESP,east,port815,ok,,5805.282,13.186,2.182
port483,ESP,gulf,port481,ok,,8752.025,13.186,3.635
port484,CHN,west,port664,ok,,11920.731,30.999,7.345
port484,CHN,east,port815,ok,,21022.98,30.999,2.182
port484,CHN,gulf,port481,ok,,20147.997,30.999,3.635
port485,DEU,west,port664,ok,,14885.856,66.412,7.345
port485,DEU,east,port815,ok,,6404.643,66.412,2.182
port485,DEU,gulf,port481,ok,,9646.708,66.412,3.635
port486,SWE,west,port664,ok,,16359.483,95.026,7.345
port486,SWE,east,port815,ok,,7654.983,95.026,2.182
port486,SWE,gulf,port481,ok,,10897.047,95.026,3.635
port487,NLD,west,port664,ok,,14531.852,4.982,7.345
port487,NLD,east,port815,ok,,6192.829,4.982,2.182
port487,NLD,gulf,port481,ok,,9414.745,4.982,3.635
port489,UKR,west,port664,ok,,17531.173,20.789,7.345
port489,UKR,east,port815,ok,,9840.39,20.789,2.182
port489,UKR,gulf,port481,ok,,12767.832,20.789,3.635
port490,JPN,west,port664,ok,,9761.008,2.973,7.345
port490,JPN,east,port815,ok,,18863.257,2.973,2.182
port490,JPN,gulf,port481,ok,,17988.274,2.973,3.635
port491,FIN,west,port664,ok,,16469.093,73.716,7.345
port491,FIN,east,port815,ok,,7764.593,73.716,2.182
port491,FIN,gulf,port481,ok,,11006.657,73.716,3.635
port492,BRA,west,port664,ok,,14253.895,88.11,7.345
port492,BRA,east,port815,ok,,9568.616,88.11,2.182
port492,BRA,gulf,port481,ok,,10652.368,88.11,3.635
port493,GBR,west,port664,ok,,14649.264,11.001,7.345
port493,GBR,east,port815,ok,,6173.48,11.001,2.182
port493,GBR,gulf,port481,ok,,9415.544,11.001,3.635
port494,KOR,west,port664,ok,,10529.584,35.827,7.345
port494,KOR,east,port815,ok,,19631.833,35.827,2.182
port494,KOR,gulf,port481,ok,,18756.85,35.827,3.635
port496,IDN,west,port664,ok,,13379.855,89.357,7.345
port496,IDN,east,port815,ok,,21747.1,89.357,2.182
port496,IDN,gulf,port481,ok,,21075.562,89.357,3.635
port497,FIN,west,port664,ok,,16185.144,35.446,7.345
port497,FIN,east,port815,ok,,7480.644,35.446,2.182
port497,FIN,gulf,port481,ok,,10722.708,35.446,3.635
port498,GBR,west,port664,ok,,14359.76,15.803,7.345
port498,GBR,east,port815,ok,,6020.737,15.803,2.182
port498,GBR,gulf,port481,ok,,9242.653,15.803,3.635
port499,CHL,west,port664,ok,,7992.328,49.395,7.345
port499,CHL,east,port815,ok,,7547.377,49.395,2.182
port499,CHL,gulf,port481,ok,,6672.394,49.395,3.635
port500,GRC,west,port664,ok,,16389.541,3.746,7.345
port500,GRC,east,port815,ok,,8698.759,3.746,2.182
port500,GRC,gulf,port481,ok,,11626.2,3.746,3.635
port501,JPN,west,port664,ok,,8702.614,23.481,7.345
port501,JPN,east,port815,ok,,17804.863,23.481,2.182
port501,JPN,gulf,port481,ok,,16929.88,23.481,3.635
port502,JPN,west,port664,ok,,8852.009,30.131,7.345
port502,JPN,east,port815,ok,,17954.258,30.131,2.182
port502,JPN,gulf,port481,ok,,17079.276,30.131,3.635
port503,TUR,west,port664,ok,,17393.191,5.782,7.345
port503,TUR,east,port815,ok,,9702.408,5.782,2.182
port503,TUR,gulf,port481,ok,,12629.85,5.782,3.635
port504,TUR,west,port664,ok,,16898.758,5.239,7.345
port504,TUR,east,port815,ok,,9207.975,5.239,2.182
port504,TUR,gulf,port481,ok,,12135.417,5.239,3.635
port505,BRA,west,port664,ok,,14267.493,72.528,7.345
port505,BRA,east,port815,ok,,9582.214,72.528,2.182
port505,BRA,gulf,port481,ok,,10665.966,72.528,3.635
port506,BRA,west,port664,ok,,10338.808,11.514,7.345
port506,BRA,east,port815,ok,,6117.426,11.514,2.182
port506,BRA,gulf,port481,ok,,6756.736,11.514,3.635
port507,GBR,west,port664,ok,,14319.776,2.14,7.345
port507,GBR,east,port815,ok,,5615.276,2.14,2.182
port507,GBR,gulf,port481,ok,,8857.34,2.14,3.635
port508,JPN,west,port664,ok,,9865.206,4.129,7.345
port508,JPN,east,port815,ok,,18967.456,4.129,2.182
port508,JPN,gulf,port481,ok,,18092.473,4.129,3.635
port509,RUS,west,port664,ok,,15813.265,11.423,7.345
port509,RUS,east,port815,ok,,7108.765,11.423,2.182
port509,RUS,gulf,port481,ok,,10350.829,11.423,3.635
port510,TUR,west,port664,ok,,16660.697,0.732,7.345
port510,TUR,east,port815,ok,,8969.914,0.732,2.182
port510,TUR,gulf,port481,ok,,11897.356,0.732,3.635
port511,IND,west,port664,ok,,19068.721,188.121,7.345
port511,IND,east,port815,ok,,15153.167,188.121,2.182
port511,IND,gulf,port481,ok,,18080.609,188.121,3.635
port512,ARE,west,port664,ok,,21108.695,62.943,7.345
port512,ARE,east,port815,ok,,15172.721,62.943,2.182
port512,ARE,gulf,port481,ok,,18100.163,62.943,3.635
port514,IDN,west,port664,ok,,14869.78,3.432,7.345
port514,IDN,east,port815,ok,,19375.085,3.432,2.182
port514,IDN,gulf,port481,ok,,22302.527,3.432,3.635
port515,FIN,west,port664,ok,,16584.899,36.762,7.345
port515,FIN,east,port815,ok,,7880.399,36.762,2.182
port515,FIN,gulf,port481,ok,,11122.464,36.762,3.635
port516,IDN,west,port664,ok,,11762.143,67.224,7.345
port516,IDN,east,port815,ok,,19884.529,67.224,2.182
port516,IDN,gulf,port481,ok,,19009.546,67.224,3.635
port517,CHN,west,port664,ok,,10815.306,8.474,7.345
port517,CHN,east,port815,ok,,19917.556,8.474,2.182
port517,CHN,gulf,port481,ok,,19042.573,8.474,3.635
port518,SAU,west,port664,ok,,18484.56,17.127,7.345
port518,SAU,east,port815,ok,,10793.777,17.127,2.182
port518,SAU,gulf,port481,ok,,13721.219,17.127,3.635
port521,CHN,west,port664,ok,,11098.926,2.985,7.345
port521,CHN,east,port815,ok,,20201.176,2.985,2.182
port521,CHN,gulf,port481,ok,,19326.193,2.985,3.635
port522,FIN,west,port664,ok,,16469.093,230.938,7.345
port522,FIN,east,port815,ok,,7764.593,230.938,2.182
port522,FIN,gulf,port481,ok,,11006.657,230.938,3.635
port523,MYS,west,port664,ok,,14414.98,3.203,7.345
port523,MYS,east,port815,ok,,18909.333,3.203,2.182
port523,MYS,gulf,port481,ok,,21836.775,3.203,3.635
port525,FIN,west,port664,ok,,16469.093,60.059,7.345
port525,FIN,east,port815,ok,,7764.593,60.059,2.182
port525,FIN,gulf,port481,ok,,11006.657,60.059,3.635
port527,TUR,west,port664,ok,,16962.884,3.317,7.345
port527,TUR,east,port815,ok,,9272.101,3.317,2.182
port527,TUR,gulf,port481,ok,,12199.543,3.317,3.635
port528,JPN,west,port664,ok,,10079.836,7.744,7.345
port528,JPN,east,port815,ok,,19182.085,7.744,2.182
port528,JPN,gulf,port481,ok,,18307.102,7.744,3.635
port529,IND,west,port664,ok,,17448.725,10.661,7.345
port529,IND,east,port815,ok,,17517.034,10.661,2.182
port529,IND,gulf,port481,ok,,20444.476,10.661,3.635
port530,RUS,west,port664,ok,,15813.265,6.853,7.345
port530,RUS,east,port815,ok,,7108.765,6.853,2.182
port530,RUS,gulf,port481,ok,,10350.829,6.853,3.635
port531,SWE,west,port664,ok,,15616.145,48.148,7.345
port531,SWE,east,port815,ok,,6911.645,48.148,2.182
port531,SWE,gulf,port481,ok,,10153.709,48.148,3.635
port532,DNK,west,port664,ok,,15224.254,14.567,7.345
port532,DNK,east,port815,ok,,6519.754,14.567,2.182
port532,DNK,gulf,port481,ok,,9761.818,14.567,3.635
port533,JPN,west,port664,ok,,8631.858,36.47,7.345
port533,JPN,east,port815,ok,,17734.107,36.47,2.182
port533,JPN,gulf,port481,ok,,16859.124,36.47,3.635
port534,IND,west,port664,ok,,17385.167,34.522,7.345
port534,IND,east,port815,ok,,17100.892,34.522,2.182
port534,IND,gulf,port481,ok,,20028.334,34.522,3.635
port535,KHM,west,port664,ok,,14114.848,15.493,7.345
port535,KHM,east,port815,ok,,20064.848,15.493,2.182
port535,KHM,gulf,port481,ok,,22342.115,15.493,3.635
port536,GIN,west,port664,ok,,12795.893,165.823,7.345
port536,GIN,east,port815,ok,,6901.78,165.823,2.182
port536,GIN,gulf,port481,ok,,8879.117,165.823,3.635
port537,JPN,west,port664,ok,,9238.84,16.363,7.345
port537,JPN,east,port815,ok,,18341.09,16.363,2.182
port537,JPN,gulf,port481,ok,,17466.107,16.363,3.635
port540,IND,west,port664,ok,,19775.371,17.188,7.345
port540,IND,east,port815,ok,,15215.803,17.188,2.182
port540,IND,gulf,port481,ok,,18143.245,17.188,3.635
port541,TWN,west,port664,ok,,11515.318,15.223,7.345
port541,TWN,east,port815,ok,,20617.567,15.223,2.182
port541,TWN,gulf,port481,ok,,19742.584,15.223,3.635
port542,TUR,west,port664,ok,,16771.758,20.777,7.345
port542,TUR,east,port815,ok,,9080.975,20.777,2.182
port542,TUR,gulf,port481,ok,,12008.417,20.777,3.635
port543,PAK,west,port664,ok,,19973.107,1.0,7.345
port543,PAK,east,port815,ok,,14830.683,1.0,2.182
port543,PAK,gulf,port481,ok,,17758.125,1.0,3.635
port546,SWE,west,port664,ok,,15572.813,19.515,7.345
port546,SWE,east,port815,ok,,6868.313,19.515,2.182
port546,SWE,gulf,port481,ok,,10110.377,19.515,3.635
port548,JPN,west,port664,ok,,8959.791,38.715,7.345
port548,JPN,east,port815,ok,,18062.041,38.715,2.182
port548,JPN,gulf,port481,ok,,17187.058,38.715,3.635
port550,FIN,west,port664,ok,,16490.38,83.792,7.345
port550,FIN,east,port815,ok,,7785.88,83.792,2.182
port550,FIN,gulf,port481,ok,,11027.944,83.792,3.635
port552,GRC,west,port664,ok,,16721.047,2.853,7.345
port552,GRC,east,port815,ok,,9030.264,2.853,2.182
port552,GRC,gulf,port481,ok,,11957.706,2.853,3.635
port553,PNG,west,port664,ok,,10846.876,194.382,7.345
port553,PNG,east,port815,ok,,18696.802,194.382,2.182
port553,PNG,gulf,port481,ok,,17821.819,194.382,3.635
port555,JPN,west,port664,ok,,9132.149,8.86,7.345
port555,JPN,east,port815,ok,,18234.399,8.86,2.182
port555,JPN,gulf,port481,ok,,17359.416,8.86,3.635
port557,FIN,west,port664,ok,,16780.776,1.519,7.345
port557,FIN,east,port815,ok,,8076.276,1.519,2.182
port557,FIN,gulf,port481,ok,,11318.34,1.519,3.635
port558,IDN,west,port664,ok,,13355.101,158.399,7.345
port558,IDN,east,port815,ok,,21290.88,158.399,2.182
port558,IDN,gulf,port481,ok,,20770.02,158.399,3.635
port559,UKR,west,port664,ok,,17681.857,37.866,7.345
port559,UKR,east,port815,ok,,9991.074,37.866,2.182
port559,UKR,gulf,port481,ok,,12918.516,37.866,3.635
port561,ARE,west,port664,ok,,20646.457,24.261,7.345
port561,ARE,east,port815,ok,,14710.484,24.261,2.182
port561,ARE,gulf,port481,ok,,17637.925,24.261,3.635
port562,LBY,west,port664,ok,,15782.053,2.81,7.345
port562,LBY,east,port815,ok,,8091.271,2.81,2.182
port562,LBY,gulf,port481,ok,,11018.712,2.81,3.635
port563,IRN,west,port664,ok,,21719.67,45.684,7.345
port563,IRN,east,port815,ok,,15783.697,45.684,2.182
port563,IRN,gulf,port481,ok,,18711.138,45.684,3.635
port564,DEU,west,port664,ok,,15373.025,17.375,7.345
port564,DEU,east,port815,ok,,6668.525,17.375,2.182
port564,DEU,gulf,port481,ok,,9910.589,17.375,3.635
port565,PNG,west,port664,ok,,10548.425,114.201,7.345
port565,PNG,east,port815,ok,,17938.272,114.201,2.182
port565,PNG,gulf,port481,ok,,17063.289,114.201,3.635
port569,PNG,west,port664,ok,,10900.637,131.89,7.345
port569,PNG,east,port815,ok,,18750.563,131.89,2.182
port569,PNG,gulf,port481,ok,,17875.58,131.89,3.635
port570,SAU,west,port664,ok,,18267.37,35.426,7.345
port570,SAU,east,port815,ok,,10576.587,35.426,2.182
port570,SAU,gulf,port481,ok,,13504.029,35.426,3.635
port571,GBR,west,port664,ok,,14608.872,0.875,7.345
port571,GBR,east,port815,ok,,6208.359,0.875,2.182
port571,GBR,gulf,port481,ok,,9450.424,0.875,3.635
port572,JAM,west,port664,ok,,6664.667,12.096,7.345
port572,JAM,east,port815,ok,,2772.612,12.096,2.182
port572,JAM,gulf,port481,ok,,2369.513,12.096,3.635
port573,GBR,west,port664,ok,,14649.264,2.579,7.345
port573,GBR,east,port815,ok,,6173.48,2.579,2.182
port573,GBR,gulf,port481,ok,,9415.544,2.579,3.635
port574,VCT,west,port664,ok,,7788.973,16.2,7.345
port574,VCT,east,port815,ok,,3440.185,16.2,2.182
port574,VCT,gulf,port481,ok,,4022.085,16.2,3.635
port576,KIR,west,port664,ok,,5423.098,56.289,7.345
port576,KIR,east,port815,ok,,12911.743,56.289,2.182
port576,KIR,gulf,port481,ok,,12036.76,56.289,3.635
port579,LTU,west,port664,ok,,15841.284,5.759,7.345
port579,LTU,east,port815,ok,,7136.784,5.759,2.182
port579,LTU,gulf,port481,ok,,10378.848,5.759,3.635
port581,JPN,west,port664,ok,,9639.857,11.154,7.345
port581,JPN,east,port815,ok,,18742.106,11.154,2.182
port581,JPN,gulf,port481,ok,,17867.123,11.154,3.635
port582,DNK,west,port664,ok,,15273.663,20.763,7.345
port582,DNK,east,port815,ok,,6569.163,20.763,2.182
port582,DNK,gulf,port481,ok,,9811.228,20.763,3.635
port583,IND,west,port664,ok,,18038.065,12.418,7.345
port583,IND,east,port815,ok,,15532.837,12.418,2.182
port583,IND,gulf,port481,ok,,18460.279,12.418,3.635
port584,JPN,west,port664,ok,,9653.412,17.914,7.345
port584,JPN,east,port815,ok,,18755.662,17.914,2.182
port584,JPN,gulf,port481,ok,,17880.679,17.914,3.635
port585,DNK,west,port664,ok,,15301.272,5.467,7.345
port585,DNK,east,port815,ok,,6596.772,5.467,2.182
port585,DNK,gulf,port481,ok,,9838.836,5.467,3.635
port586,FIN,west,port664,ok,,16584.899,24.556,7.345
port586,FIN,east,port815,ok,,7880.399,24.556,2.182
port586,FIN,gulf,port481,ok,,11122.464,24.556,3.635
port588,DNK,west,port664,ok,,15284.282,25.622,7.345
port588,DNK,east,port815,ok,,6579.782,25.622,2.182
port588,DNK,gulf,port481,ok,,9821.846,25.622,3.635
port589,JPN,west,port664,ok,,9575.002,24.422,7.345
port589,JPN,east,port815,ok,,18677.251,24.422,2.182
port589,JPN,gulf,port481,ok,,17802.268,24.422,3.635
port592,SVN,west,port664,ok,,16757.372,2.008,7.345
port592,SVN,east,port815,ok,,9066.589,2.008,2.182
port592,SVN,gulf,port481,ok,,11994.031,2.008,3.635
port594,RUS,west,port664,ok,,8395.111,22.158,7.345
port594,RUS,east,port815,ok,,17497.361,22.158,2.182
port594,RUS,gulf,port481,ok,,16622.378,22.158,3.635
port595,IDN,west,port664,ok,,13613.757,35.182,7.345
port595,IDN,east,port815,ok,,20604.385,35.182,2.182
port595,IDN,gulf,port481,ok,,21662.852,35.182,3.635
port596,MYS,west,port664,ok,,13066.902,2.328,7.345
port596,MYS,east,port815,ok,,20404.984,2.328,2.182
port596,MYS,gulf,port481,ok,,21252.081,2.328,3.635
port597,FIN,west,port664,ok,,16362.56,57.78,7.345
port597,FIN,east,port815,ok,,7658.06,57.78,2.182
port597,FIN,gulf,port481,ok,,10900.124,57.78,3.635
port598,BES,west,port664,ok,,6953.322,4.65,7.345
port598,BES,east,port815,ok,,3593.032,4.65,2.182
port598,BES,gulf,port481,ok,,3529.094,4.65,3.635
port599,IND,west,port664,ok,,17385.167,146.202,7.345
port599,IND,east,port815,ok,,17100.892,146.202,2.182
port599,IND,gulf,port481,ok,,20028.334,146.202,3.635
port600,NOR,west,port664,ok,,14830.239,5.973,7.345
port600,NOR,east,port815,ok,,6125.739,5.973,2.182
port600,NOR,gulf,port481,ok,,9367.804,5.973,3.635
port601,NOR,west,port664,ok,,14907.115,4.979,7.345
port601,NOR,east,port815,ok,,6202.615,4.979,2.182
port601,NOR,gulf,port481,ok,,9444.679,4.979,3.635
port603,MYS,west,port664,ok,,14265.714,23.514,7.345
port603,MYS,east,port815,ok,,19271.129,23.514,2.182
port603,MYS,gulf,port481,ok,,22198.571,23.514,3.635
port604,MYS,west,port664,ok,,13861.99,15.244,7.345
port604,MYS,east,port815,ok,,19833.156,15.244,2.182
port604,MYS,gulf,port481,ok,,22047.169,15.244,3.635
port605,JPN,west,port664,ok,,9893.796,27.743,7.345
port605,JPN,east,port815,ok,,18996.046,27.743,2.182
port605,JPN,gulf,port481,ok,,18121.063,27.743,3.635
port607,EST,west,port664,ok,,16311.552,27.237,7.345
port607,EST,east,port815,ok,,7607.052,27.237,2.182
port607,EST,gulf,port481,ok,,10849.116,27.237,3.635
port608,KOR,west,port664,ok,,10437.815,9.822,7.345
port608,KOR,east,port815,ok,,19540.064,9.822,2.182
port608,KOR,gulf,port481,ok,,18665.081,9.822,3.635
port609,IDN,west,port664,ok,,13986.342,6.65,7.345
port609,IDN,east,port815,ok,,21212.791,6.65,2.182
port609,IDN,gulf,port481,ok,,20663.858,6.65,3.635
port610,JPN,west,port664,ok,,9838.328,24.268,7.345
port610,JPN,east,port815,ok,,18940.577,24.268,2.182
port610,JPN,gulf,port481,ok,,18065.594,24.268,3.635
port611,JPN,west,port664,ok,,8210.516,16.438,7.345
port611,JPN,east,port815,ok,,17312.765,16.438,2.182
port611,JPN,gulf,port481,ok,,16437.782,16.438,3.635
port612,MHL,west,port664,ok,,8357.328,152.458,7.345
port612,MHL,east,port815,ok,,16515.009,152.458,2.182
port612,MHL,gulf,port481,ok,,15640.026,152.458,3.635
port615,CAN,west,port664,ok,,11261.027,109.553,7.345
port615,CAN,east,port815,ok,,2408.643,109.553,2.182
port615,CAN,gulf,port481,ok,,5721.097,109.553,3.635
port617,ESP,west,port664,ok,,13586.452,7.542,7.345
port617,ESP,east,port815,ok,,5555.38,7.542,2.182
port617,ESP,gulf,port481,ok,,8645.385,7.542,3.635
port618,VEN,west,port664,ok,,7140.929,12.312,7.345
port618,VEN,east,port815,ok,,3711.548,12.312,2.182
port618,VEN,gulf,port481,ok,,3738.137,12.312,3.635
port620,FRA,west,port664,ok,,14142.35,9.528,7.345
port620,FRA,east,port815,ok,,5842.449,9.528,2.182
port620,FRA,gulf,port481,ok,,9057.254,9.528,3.635
port621,ARG,west,port664,ok,,13890.267,79.682,7.345
port621,ARG,east,port815,ok,,10974.305,79.682,2.182
port621,ARG,gulf,port481,ok,,12058.056,79.682,3.635
port622,ITA,west,port664,ok,,15250.797,11.721,7.345
port622,ITA,east,port815,ok,,7560.014,11.721,2.182
port622,ITA,gulf,port481,ok,,10487.456,11.721,3.635
port624,PNG,west,port664,ok,,11302.852,125.153,7.345
port624,PNG,east,port815,ok,,19016.12,125.153,2.182
port624,PNG,gulf,port481,ok,,18141.137,125.153,3.635
port626,NGA,west,port664,ok,,15266.644,10.833,7.345
port626,NGA,east,port815,ok,,9372.531,10.833,2.182
port626,NGA,gulf,port481,ok,,11349.868,10.833,3.635
port630,NOR,west,port664,ok,,15287.749,19.809,7.345
port630,NOR,east,port815,ok,,6533.5,19.809,2.182
port630,NOR,gulf,port481,ok,,9775.565,19.809,3.635
port631,KEN,west,port664,ok,,22004.67,232.994,7.345
port631,KEN,east,port815,ok,,15155.899,232.994,2.182
port631,KEN,gulf,port481,ok,,18083.341,232.994,3.635
port632,CHN,west,port664,ok,,10743.972,27.152,7.345
port632,CHN,east,port815,ok,,19846.221,27.152,2.182
port632,CHN,gulf,port481,ok,,18971.238,27.152,3.635
port633,CYP,west,port664,ok,,17198.408,4.57,7.345
port633,CYP,east,port815,ok,,9507.625,4.57,2.182
port633,CYP,gulf,port481,ok,,12435.067,4.57,3.635
port634,NOR,west,port664,ok,,14984.509,5.827,7.345
port634,NOR,east,port815,ok,,6280.009,5.827,2.182
port634,NOR,gulf,port481,ok,,9522.073,5.827,3.635
port635,ESP,west,port664,ok,,12810.258,32.338,7.345
port635,ESP,east,port815,ok,,5850.112,32.338,2.182
port635,ESP,gulf,port481,ok,,8168.738,32.338,3.635
port636,FJI,west,port664,ok,,9174.629,86.707,7.345
port636,FJI,east,port815,ok,,15868.493,86.707,2.182
port636,FJI,gulf,port481,ok,,14993.51,86.707,3.635
port637,MEX,west,port664,ok,,2373.101,129.009,7.345
port637,MEX,east,port815,ok,,6879.069,129.009,2.182
port637,MEX,gulf,port481,ok,,6004.086,129.009,3.635
port638,FRA,west,port664,ok,,13955.754,4.513,7.345
port638,FRA,east,port815,ok,,5655.853,4.513,2.182
port638,FRA,gulf,port481,ok,,8870.658,4.513,3.635
port639,GBR,west,port664,ok,,14529.237,3.651,7.345
port639,GBR,east,port815,ok,,5824.737,3.651,2.182
port639,GBR,gulf,port481,ok,,9066.801,3.651,3.635
port640,FSM,west,port664,ok,,8995.311,105.833,7.345
port640,FSM,east,port815,ok,,17152.991,105.833,2.182
port640,FSM,gulf,port481,ok,,16278.008,105.833,3.635
port642,FRA,west,port664,ok,,14081.447,10.401,7.345
port642,FRA,east,port815,ok,,5781.546,10.401,2.182
port642,FRA,gulf,port481,ok,,8996.352,10.401,3.635
port644,CHN,west,port664,ok,,10731.434,6.44,7.345
port644,CHN,east,port815,ok,,19833.683,6.44,2.182
port644,CHN,gulf,port481,ok,,18958.7,6.44,3.635
port646,LVA,west,port664,ok,,15858.318,6.771,7.345
port646,LVA,east,port815,ok,,7153.818,6.771,2.182
port646,LVA,gulf,port481,ok,,10395.882,6.771,3.635
port647,CYP,west,port664,ok,,17125.531,3.819,7.345
port647,CYP,east,port815,ok,,9434.749,3.819,2.182
port647,CYP,gulf,port481,ok,,12362.19,3.819,3.635
port648,IRL,west,port664,ok,,13688.989,20.091,7.345
port648,IRL,east,port815,ok,,5226.082,20.091,2.182
port648,IRL,gulf,port481,ok,,8468.146,20.091,3.635
port649,VIR,west,port664,ok,,7480.121,5.477,7.345
port649,VIR,east,port815,ok,,2791.501,5.477,2.182
port649,VIR,gulf,port481,ok,,3428.044,5.477,3.635
port650,GUY,west,port664,ok,,8344.806,119.764,7.345
port650,GUY,east,port815,ok,,4268.992,119.764,2.182
port650,GUY,gulf,port481,ok,,4762.734,119.764,3.635
port651,IDN,west,port664,ok,,13037.822,71.606,7.345
port651,IDN,east,port815,ok,,21174.738,71.606,2.182
port651,IDN,gulf,port481,ok,,21086.917,71.606,3.635
port652,CHL,west,port664,ok,,9438.648,4.451,7.345
port652,CHL,east,port815,ok,,9061.768,4.451,2.182
port652,CHL,gulf,port481,ok,,8186.785,4.451,3.635
port653,PRT,west,port664,ok,,13391.517,2.497,7.345
port653,PRT,east,port815,ok,,5515.827,2.497,2.182
port653,PRT,gulf,port481,ok,,8536.535,2.497,3.635
port654,GBR,west,port664,ok,,14103.655,4.003,7.345
port654,GBR,east,port815,ok,,5640.748,4.003,2.182
port654,GBR,gulf,port481,ok,,8882.812,4.003,3.635
port655,ITA,west,port664,ok,,15260.732,5.48,7.345
port655,ITA,east,port815,ok,,7569.95,5.48,2.182
port655,ITA,gulf,port481,ok,,10497.391,5.48,3.635
port656,AGO,west,port664,ok,,16894.184,8.584,7.345
port656,AGO,east,port815,ok,,11175.397,8.584,2.182
port656,AGO,gulf,port481,ok,,13152.733,8.584,3.635
port657,TGO,west,port664,ok,,15074.433,6.46,7.345
port657,TGO,east,port815,ok,,9180.321,6.46,2.182
port657,TGO,gulf,port481,ok,,11157.657,6.46,3.635
port658,GBR,west,port664,ok,,14387.852,4.109,7.345
port658,GBR,east,port815,ok,,6048.829,4.109,2.182
port658,GBR,gulf,port481,ok,,9270.746,4.109,3.635
port659,GBR,west,port664,ok,,14362.523,1.485,7.345
port659,GBR,east,port815,ok,,6023.5,1.485,2.182
port659,GBR,gulf,port481,ok,,9245.416,1.485,3.635
port660,GBR,west,port664,ok,,14121.042,3.148,7.345
port660,GBR,east,port815,ok,,5528.701,3.148,2.182
port660,GBR,gulf,port481,ok,,8770.765,3.148,3.635
port661,CHN,west,port664,ok,,10898.466,12.209,7.345
port661,CHN,east,port815,ok,,20000.716,12.209,2.182
port661,CHN,gulf,port481,ok,,19125.733,12.209,3.635
port662,CHN,west,port664,ok,,10625.655,12.335,7.345
port662,CHN,east,port815,ok,,19727.904,12.335,2.182
port662,CHN,gulf,port481,ok,,18852.921,12.335,3.635
port663,FRA,west,port664,ok,,13908.421,8.377,7.345
port663,FRA,east,port815,ok,,5608.52,8.377,2.182
port663,FRA,gulf,port481,ok,,8823.325,8.377,3.635
port665,AGO,west,port664,ok,,16621.239,34.123,7.345
port665,AGO,east,port815,ok,,10767.613,34.123,2.182
port665,AGO,gulf,port481,ok,,12744.949,34.123,3.635
port667,DEU,west,port664,ok,,15462.201,5.205,7.345
port667,DEU,east,port815,ok,,6757.701,5.205,2.182
port667,DEU,gulf,port481,ok,,9999.765,5.205,3.635
port668,NAM,west,port664,ok,,17248.26,66.175,7.345
port668,NAM,east,port815,ok,,12320.305,66.175,2.182
port668,NAM,gulf,port481,ok,,13646.732,66.175,3.635
port669,VUT,west,port664,ok,,10128.836,30.818,7.345
port669,VUT,east,port815,ok,,16954.912,30.818,2.182
port669,VUT,gulf,port481,ok,,16079.929,30.818,3.635
port670,SWE,west,port664,ok,,16739.527,3.417,7.345
port670,SWE,east,port815,ok,,8035.027,3.417,2.182
port670,SWE,gulf,port481,ok,,11277.091,3.417,3.635
port674,MAC,west,port664,ok,,12047.242,3.53,7.345
port674,MAC,east,port815,ok,,21149.492,3.53,2.182
port674,MAC,gulf,port481,ok,,20274.509,3.53,3.635
port676,PNG,west,port664,ok,,11263.926,140.306,7.345
port676,PNG,east,port815,ok,,19144.855,140.306,2.182
port676,PNG,gulf,port481,ok,,18269.872,140.306,3.635
port678,LKA,west,port664,ok,,17052.175,92.616,7.345
port678,LKA,east,port815,ok,,16228.549,92.616,2.182
port678,LKA,gulf,port481,ok,,19155.991,92.616,3.635
port680,MDG,west,port664,ok,,21528.169,333.371,7.345
port680,MDG,east,port815,ok,,15845.305,333.371,2.182
port680,MDG,gulf,port481,ok,,17926.642,333.371,3.635
port682,JPN,west,port664,ok,,9413.255,21.911,7.345
port682,JPN,east,port815,ok,,18515.504,21.911,2.182
port682,JPN,gulf,port481,ok,,17640.521,21.911,3.635
port683,MHL,west,port664,ok,,8557.231,172.077,7.345
port683,MHL,east,port815,ok,,16618.514,172.077,2.182
port683,MHL,gulf,port481,ok,,15743.531,172.077,3.635
port685,GNQ,west,port664,ok,,15852.528,8.359,7.345
port685,GNQ,east,port815,ok,,9958.416,8.359,2.182
port685,GNQ,gulf,port481,ok,,11935.752,8.359,3.635
port686,ESP,west,port664,ok,,13761.681,2.185,7.345
port686,ESP,east,port815,ok,,6070.898,2.185,2.182
port686,ESP,gulf,port481,ok,,8998.34,2.185,3.635
port688,PLW,west,port664,ok,,11833.549,213.006,7.345
port688,PLW,east,port815,ok,,20434.873,213.006,2.182
port688,PLW,gulf,port481,ok,,19559.89,213.006,3.635
port689,MDV,west,port664,ok,,17998.989,9.119,7.345
port689,MDV,east,port815,ok,,15426.424,9.119,2.182
port689,MDV,gulf,port481,ok,,18353.866,9.119,3.635
port690,SWE,west,port664,ok,,15260.456,6.918,7.345
port690,SWE,east,port815,ok,,6555.956,6.918,2.182
port690,SWE,gulf,port481,ok,,9798.02,6.918,3.635
port691,AGO,west,port664,ok,,16414.258,78.685,7.345
port691,AGO,east,port815,ok,,10526.78,78.685,2.182
port691,AGO,gulf,port481,ok,,12504.117,78.685,3.635
port692,NOR,west,port664,ok,,14690.963,32.446,7.345
port692,NOR,east,port815,ok,,5986.463,32.446,2.182
port692,NOR,gulf,port481,ok,,9228.527,32.446,3.635
port693,BRA,west,port664,ok,,9778.379,1078.543,7.345
port693,BRA,east,port815,ok,,5611.033,1078.543,2.182
port693,BRA,gulf,port481,ok,,6196.306,1078.543,3.635
port694,PHL,west,port664,ok,,12262.965,7.588,7.345
port694,PHL,east,port815,ok,,21330.608,7.588,2.182
port694,PHL,gulf,port481,ok,,20455.625,7.588,3.635
port696,IDN,west,port664,ok,,12204.971,45.995,7.345
port696,IDN,east,port815,ok,,20578.876,45.995,2.182
port696,IDN,gulf,port481,ok,,19703.893,45.995,3.635
port697,ECU,west,port664,ok,,5710.822,119.7,7.345
port697,ECU,east,port815,ok,,4884.059,119.7,2.182
port697,ECU,gulf,port481,ok,,4009.076,119.7,3.635
port698,FIN,west,port664,ok,,16279.326,21.931,7.345
port698,FIN,east,port815,ok,,7574.826,21.931,2.182
port698,FIN,gulf,port481,ok,,10816.89,21.931,3.635
port699,MEX,west,port664,ok,,2373.101,151.363,7.345
port699,MEX,east,port815,ok,,6879.069,151.363,2.182
port699,MEX,gulf,port481,ok,,6004.086,151.363,3.635
port700,PAN,west,port664,ok,,5547.981,17.875,7.345
port700,PAN,east,port815,ok,,3704.189,17.875,2.182
port700,PAN,gulf,port481,ok,,2829.206,17.875,3.635
port701,THA,west,port664,ok,,14434.692,16.193,7.345
port701,THA,east,port815,ok,,20266.351,16.193,2.182
port701,THA,gulf,port481,ok,,22661.958,16.193,3.635
port702,MOZ,west,port664,ok,,19617.706,9.563,7.345
port702,MOZ,east,port815,ok,,14763.58,9.563,2.182
port702,MOZ,gulf,port481,ok,,16016.178,9.563,3.635
port703,VEN,west,port664,ok,,7033.313,1.815,7.345
port703,VEN,east,port815,ok,,3743.502,1.815,2.182
port703,VEN,gulf,port481,ok,,3679.564,1.815,3.635
port704,CUB,west,port664,ok,,7492.568,44.635,7.345
port704,CUB,east,port815,ok,,2223.869,44.635,2.182
port704,CUB,gulf,port481,ok,,1520.275,44.635,3.635
port705,ESP,west,port664,ok,,13593.008,2.214,7.345
port705,ESP,east,port815,ok,,5603.225,2.214,2.182
port705,ESP,gulf,port481,ok,,8651.941,2.214,3.635
port706,ITA,west,port664,ok,,15250.797,9.931,7.345
port706,ITA,east,port815,ok,,7560.014,9.931,2.182
port706,ITA,gulf,port481,ok,,10487.456,9.931,3.635
port707,UKR,west,port664,ok,,17933.468,6.835,7.345
port707,UKR,east,port815,ok,,10242.686,6.835,2.182
port707,UKR,gulf,port481,ok,,13170.127,6.835,3.635
port708,NOR,west,port664,ok,,15541.883,66.347,7.345
port708,NOR,east,port815,ok,,6787.634,66.347,2.182
port708,NOR,gulf,port481,ok,,10029.698,66.347,3.635
port709,IND,west,port664,ok,,18609.019,86.77,7.345
port709,IND,east,port815,ok,,15526.124,86.77,2.182
port709,IND,gulf,port481,ok,,18453.566,86.77,3.635
port711,MLT,west,port664,ok,,15447.573,10.099,7.345
port711,MLT,east,port815,ok,,7756.79,10.099,2.182
port711,MLT,gulf,port481,ok,,10684.232,10.099,3.635
port712,FRA,west,port664,ok,,14909.223,2.905,7.345
port712,FRA,east,port815,ok,,7218.44,2.905,2.182
port712,FRA,gulf,port481,ok,,10145.882,2.905,3.635
port714,JPN,west,port664,ok,,9699.758,12.567,7.345
port714,JPN,east,port815,ok,,18802.008,12.567,2.182
port714,JPN,gulf,port481,ok,,17927.025,12.567,3.635
port715,KOR,west,port664,ok,,9879.491,18.405,7.345
port715,KOR,east,port815,ok,,18981.741,18.405,2.182
port715,KOR,gulf,port481,ok,,18106.758,18.405,3.635
port717,COD,west,port664,ok,,16533.502,4.557,7.345
port717,COD,east,port815,ok,,10646.024,4.557,2.182
port717,COD,gulf,port481,ok,,12623.36,4.557,3.635
port719,JPN,west,port664,ok,,9363.562,7.132,7.345
port719,JPN,east,port815,ok,,18465.812,7.132,2.182
port719,JPN,gulf,port481,ok,,17590.829,7.132,3.635
port720,JPN,west,port664,ok,,9807.759,15.442,7.345
port720,JPN,east,port815,ok,,18910.008,15.442,2.182
port720,JPN,gulf,port481,ok,,18035.025,15.442,3.635
port722,IDN,west,port664,ok,,14067.284,97.076,7.345
port722,IDN,east,port815,ok,,20948.068,97.076,2.182
port722,IDN,gulf,port481,ok,,20853.193,97.076,3.635
port723,MEX,west,port664,ok,,1911.436,19.835,7.345
port723,MEX,east,port815,ok,,7643.197,19.835,2.182
port723,MEX,gulf,port481,ok,,6768.214,19.835,3.635
port726,GBR,west,port664,ok,,14340.174,10.179,7.345
port726,GBR,east,port815,ok,,6001.151,10.179,2.182
port726,GBR,gulf,port481,ok,,9223.068,10.179,3.635
port727,GBR,west,port664,ok,,14370.667,8.672,7.345
port727,GBR,east,port815,ok,,6031.644,8.672,2.182
port727,GBR,gulf,port481,ok,,9253.56,8.672,3.635
port728,CHL,west,port664,ok,,8395.096,121.996,7.345
port728,CHL,east,port815,ok,,7950.145,121.996,2.182
port728,CHL,gulf,port481,ok,,7075.162,121.996,3.635
port729,AUS,west,port664,ok,,13249.381,3.752,7.345
port729,AUS,east,port815,ok,,18829.668,3.752,2.182
port729,AUS,gulf,port481,ok,,17954.685,3.752,3.635
port731,IDN,west,port664,ok,,14930.583,13.261,7.345
port731,IDN,east,port815,ok,,19270.828,13.261,2.182
port731,IDN,gulf,port481,ok,,22198.27,13.261,3.635
port732,IDN,west,port664,ok,,12191.598,288.831,7.345
port732,IDN,east,port815,ok,,19439.032,288.831,2.182
port732,IDN,gulf,port481,ok,,18564.049,288.831,3.635
port733,TUN,west,port664,ok,,15563.761,5.531,7.345
port733,TUN,east,port815,ok,,7872.978,5.531,2.182
port733,TUN,gulf,port481,ok,,10800.42,5.531,3.635
port734,LBY,west,port664,ok,,16441.618,11.535,7.345
port734,LBY,east,port815,ok,,8750.835,11.535,2.182
port734,LBY,gulf,port481,ok,,11678.277,11.535,3.635
port735,TUR,west,port664,ok,,17269.651,6.044,7.345
port735,TUR,east,port815,ok,,9578.869,6.044,2.182
port735,TUR,gulf,port481,ok,,12506.31,6.044,3.635
port737,ROU,west,port664,ok,,17300.527,19.553,7.345
port737,ROU,east,port815,ok,,9609.744,19.553,2.182
port737,ROU,gulf,port481,ok,,12537.186,19.553,3.635
port738,JPN,west,port664,ok,,9375.793,4.489,7.345
port738,JPN,east,port815,ok,,18478.043,4.489,2.182
port738,JPN,gulf,port481,ok,,17603.06,4.489,3.635
port740,GBR,west,port664,ok,,13915.844,1.03,7.345
port740,GBR,east,port815,ok,,5564.351,1.03,2.182
port740,GBR,gulf,port481,ok,,8798.737,1.03,3.635
port744,ARE,west,port664,ok,,20904.293,36.891,7.345
port744,ARE,east,port815,ok,,14968.319,36.891,2.182
port744,ARE,gulf,port481,ok,,17895.761,36.891,3.635
port745,OMN,west,port664,ok,,20372.023,0.25,7.345
port745,OMN,east,port815,ok,,14436.049,0.25,2.182
port745,OMN,gulf,port481,ok,,17363.491,0.25,3.635
port746,OMN,west,port664,ok,,20687.905,18.877,7.345
port746,OMN,east,port815,ok,,13240.942,18.877,2.182
port746,OMN,gulf,port481,ok,,16168.384,18.877,3.635
port747,ARE,west,port664,ok,,20787.437,23.462,7.345
port747,ARE,east,port815,ok,,14851.464,23.462,2.182
port747,ARE,gulf,port481,ok,,17778.905,23.462,3.635
port748,LBY,west,port664,ok,,15697.456,8.76,7.345
port748,LBY,east,port815,ok,,8006.673,8.76,2.182
port748,LBY,gulf,port481,ok,,10934.115,8.76,3.635
port749,JPN,west,port664,ok,,9699.758,37.001,7.345
port749,JPN,east,port815,ok,,18802.008,37.001,2.182
port749,JPN,gulf,port481,ok,,17927.025,37.001,3.635
port750,LBY,west,port664,ok,,15781.393,10.786,7.345
port750,LBY,east,port815,ok,,8090.61,10.786,2.182
port750,LBY,gulf,port481,ok,,11018.052,10.786,3.635
port751,ERI,west,port664,ok,,19092.522,23.312,7.345
port751,ERI,east,port815,ok,,11401.739,23.312,2.182
port751,ERI,gulf,port481,ok,,14329.181,23.312,3.635
port752,JPN,west,port664,ok,,9699.758,20.424,7.345
port752,JPN,east,port815,ok,,18802.008,20.424,2.182
port752,JPN,gulf,port481,ok,,17927.025,20.424,3.635
port753,NOR,west,port664,ok,,15220.991,97.519,7.345
port753,NOR,east,port815,ok,,6466.742,97.519,2.182
port753,NOR,gulf,port481,ok,,9708.806,97.519,3.635
port755,FSM,west,port664,ok,,10278.228,59.361,7.345
port755,FSM,east,port815,ok,,18448.816,59.361,2.182
port755,FSM,gulf,port481,ok,,17573.833,59.361,3.635
port757,KEN,west,port664,ok,,22058.923,21.843,7.345
port757,KEN,east,port815,ok,,15210.152,21.843,2.182
port757,KEN,gulf,port481,ok,,18137.594,21.843,3.635
port758,ITA,west,port664,ok,,16757.776,5.311,7.345
port758,ITA,east,port815,ok,,9066.994,5.311,2.182
port758,ITA,gulf,port481,ok,,11994.435,5.311,3.635
port759,BGD,west,port664,ok,,17353.845,101.455,7.345
port759,BGD,east,port815,ok,,18253.051,101.455,2.182
port759,BGD,gulf,port481,ok,,21180.493,101.455,3.635
port760,NOR,west,port664,ok,,14717.139,18.74,7.345
port760,NOR,east,port815,ok,,6012.639,18.74,2.182
port760,NOR,gulf,port481,ok,,9254.703,18.74,3.635
port762,LBR,west,port664,ok,,13577.238,14.647,7.345
port762,LBR,east,port815,ok,,7683.126,14.647,2.182
port762,LBR,gulf,port481,ok,,9660.462,14.647,3.635
port763,JAM,west,port664,ok,,6673.416,66.215,7.345
port763,JAM,east,port815,ok,,2804.435,66.215,2.182
port763,JAM,gulf,port481,ok,,2155.17,66.215,3.635
port764,URY,west,port664,ok,,13690.611,35.14,7.345
port764,URY,east,port815,ok,,10774.649,35.14,2.182
port764,URY,gulf,port481,ok,,11858.4,35.14,3.635
port765,FRA,west,port664,ok,,14049.449,3.19,7.345
port765,FRA,east,port815,ok,,5749.548,3.19,2.182
port765,FRA,gulf,port481,ok,,8964.353,3.19,3.635
port766,CAN,west,port664,ok,,11676.061,3.886,7.345
port766,CAN,east,port815,ok,,2823.677,3.886,2.182
port766,CAN,gulf,port481,ok,,6136.131,3.886,3.635
port769,COM,west,port664,ok,,21354.833,42.37,7.345
port769,COM,east,port815,ok,,15734.044,42.37,2.182
port769,COM,gulf,port481,ok,,17753.306,42.37,3.635
port770,SWE,west,port664,ok,,15053.412,5.823,7.345
port770,SWE,east,port815,ok,,6348.912,5.823,2.182
port770,SWE,gulf,port481,ok,,9590.976,5.823,3.635
port771,DZA,west,port664,ok,,14098.986,21.468,7.345
port771,DZA,east,port815,ok,,6408.203,21.468,2.182
port771,DZA,gulf,port481,ok,,9335.645,21.468,3.635
port772,ESP,west,port664,ok,,13795.785,0.655,7.345
port772,ESP,east,port815,ok,,6105.003,0.655,2.182
port772,ESP,gulf,port481,ok,,9032.445,0.655,3.635
port773,COM,west,port664,ok,,21550.755,54.648,7.345
port773,COM,east,port815,ok,,15929.965,54.648,2.182
port773,COM,gulf,port481,ok,,17949.227,54.648,3.635
port774,BRN,west,port664,ok,,13257.044,8.921,7.345
port774,BRN,east,port815,ok,,20273.038,8.921,2.182
port774,BRN,gulf,port481,ok,,21442.223,8.921,3.635
port775,PAK,west,port664,ok,,19973.107,34.948,7.345
port775,PAK,east,port815,ok,,14830.683,34.948,2.182
port775,PAK,gulf,port481,ok,,17758.125,34.948,3.635
port776,IND,west,port664,ok,,19068.721,14.127,7.345
port776,IND,east,port815,ok,,15153.167,14.127,2.182
port776,IND,gulf,port481,ok,,18080.609,14.127,3.635
port777,IND,west,port664,ok,,19687.266,27.85,7.345
port777,IND,east,port815,ok,,15127.698,27.85,2.182
port777,IND,gulf,port481,ok,,18055.14,27.85,3.635
port778,SOM,west,port664,ok,,21390.37,7.788,7.345
port778,SOM,east,port815,ok,,14310.557,7.788,2.182
port778,SOM,gulf,port481,ok,,17237.999,7.788,3.635
port779,RUS,west,port664,ok,,16069.894,1.966,7.345
port779,RUS,east,port815,ok,,7315.645,1.966,2.182
port779,RUS,gulf,port481,ok,,10557.709,1.966,3.635
port780,JPN,west,port664,ok,,8572.251,14.686,7.345
port780,JPN,east,port815,ok,,17674.501,14.686,2.182
port780,JPN,gulf,port481,ok,,16799.518,14.686,3.635
port781,EST,west,port664,ok,,16225.236,37.241,7.345
port781,EST,east,port815,ok,,7520.736,37.241,2.182
port781,EST,gulf,port481,ok,,10762.8,37.241,3.635
port782,UKR,west,port664,ok,,17632.353,40.972,7.345
port782,UKR,east,port815,ok,,9941.57,40.972,2.182
port782,UKR,gulf,port481,ok,,12869.012,40.972,3.635
port783,FIN,west,port664,ok,,16119.093,87.602,7.345
port783,FIN,east,port815,ok,,7414.593,87.602,2.182
port783,FIN,gulf,port481,ok,,10656.657,87.602,3.635
port784,MOZ,west,port664,ok,,20992.852,124.043,7.345
port784,MOZ,east,port815,ok,,16096.025,124.043,2.182
port784,MOZ,gulf,port481,ok,,17391.324,124.043,3.635
port785,JPN,west,port664,ok,,10074.453,21.369,7.345
port785,JPN,east,port815,ok,,19176.703,21.369,2.182
port785,JPN,gulf,port481,ok,,18301.72,21.369,3.635
port786,JPN,west,port664,ok,,9384.809,7.966,7.345
port786,JPN,east,port815,ok,,18487.059,7.966,2.182
port786,JPN,gulf,port481,ok,,17612.076,7.966,3.635
port787,RUS,west,port664,ok,,9149.882,67.348,7.345
port787,RUS,east,port815,ok,,18252.132,67.348,2.182
port787,RUS,gulf,port481,ok,,17377.149,67.348,3.635
port788,AGO,west,port664,ok,,16974.071,127.506,7.345
port788,AGO,east,port815,ok,,11505.567,127.506,2.182
port788,AGO,gulf,port481,ok,,13372.543,127.506,3.635
port789,NOR,west,port664,ok,,15235.383,74.742,7.345
port789,NOR,east,port815,ok,,6530.883,74.742,2.182
port789,NOR,gulf,port481,ok,,9772.947,74.742,3.635
port791,FRA,west,port664,ok,,14055.242,37.013,7.345
port791,FRA,east,port815,ok,,5755.341,37.013,2.182
port791,FRA,gulf,port481,ok,,8970.146,37.013,3.635
port792,CHN,west,port664,ok,,10762.519,8.516,7.345
port792,CHN,east,port815,ok,,19864.768,8.516,2.182
port792,CHN,gulf,port481,ok,,18989.785,8.516,3.635
port793,JPN,west,port664,ok,,9116.094,33.503,7.345
port793,JPN,east,port815,ok,,18218.344,33.503,2.182
port793,JPN,gulf,port481,ok,,17343.361,33.503,3.635
port794,NZL,west,port664,ok,,10870.271,6.772,7.345
port794,NZL,east,port815,ok,,16073.766,6.772,2.182
port794,NZL,gulf,port481,ok,,15198.783,6.772,3.635
port795,ITA,west,port664,ok,,15429.426,4.059,7.345
port795,ITA,east,port815,ok,,7738.643,4.059,2.182
port795,ITA,gulf,port481,ok,,10666.085,4.059,3.635
port796,NOR,west,port664,ok,,15391.54,53.886,7.345
port796,NOR,east,port815,ok,,6637.291,53.886,2.182
port796,NOR,gulf,port481,ok,,9879.356,53.886,3.635
port797,PHL,west,port664,ok,,11958.01,13.377,7.345
port797,PHL,east,port815,ok,,21018.171,13.377,2.182
port797,PHL,gulf,port481,ok,,20143.188,13.377,3.635
port798,BHS,west,port664,ok,,7704.45,7.973,7.345
port798,BHS,east,port815,ok,,1920.248,7.973,2.182
port798,BHS,gulf,port481,ok,,1970.478,7.973,3.635
port799,BRA,west,port664,ok,,11362.777,7.734,7.345
port799,BRA,east,port815,ok,,6677.498,7.734,2.182
port799,BRA,gulf,port481,ok,,7761.249,7.734,3.635
port801,IND,west,port664,ok,,19775.371,23.841,7.345
port801,IND,east,port815,ok,,15215.803,23.841,2.182
port801,IND,gulf,port481,ok,,18143.245,23.841,3.635
port803,TON,west,port664,ok,,8240.084,143.118,7.345
port803,TON,east,port815,ok,,14828.19,143.118,2.182
port803,TON,gulf,port481,ok,,13953.207,143.118,3.635
port804,NZL,west,port664,ok,,11367.459,8.944,7.345
port804,NZL,east,port815,ok,,16634.507,8.944,2.182
port804,NZL,gulf,port481,ok,,15759.524,8.944,3.635
port805,TUR,west,port664,ok,,16650.797,4.426,7.345
port805,TUR,east,port815,ok,,8960.014,4.426,2.182
port805,TUR,gulf,port481,ok,,11887.456,4.426,3.635
port810,GBR,west,port664,ok,,14649.264,4.963,7.345
port810,GBR,east,port815,ok,,6173.48,4.963,2.182
port810,GBR,gulf,port481,ok,,9415.544,4.963,3.635
port811,IND,west,port664,ok,,18372.719,14.109,7.345
port811,IND,east,port815,ok,,15867.491,14.109,2.182
port811,IND,gulf,port481,ok,,18794.933,14.109,3.635
port814,CAN,west,port664,ok,,2330.031,13.973,7.345
port814,CAN,east,port815,ok,,11560.512,13.973,2.182
port814,CAN,gulf,port481,ok,,10685.529,13.973,3.635
port816,AUS,west,port664,ok,,12114.76,47.409,7.345
port816,AUS,east,port815,ok,,18239.139,47.409,2.182
port816,AUS,gulf,port481,ok,,17364.156,47.409,3.635
port817,GBR,west,port664,ok,,14024.24,0.074,7.345
port817,GBR,east,port815,ok,,5672.747,0.074,2.182
port817,GBR,gulf,port481,ok,,8907.134,0.074,3.635
port819,VNM,west,port664,ok,,12909.223,40.287,7.345
port819,VNM,east,port815,ok,,21207.077,40.287,2.182
port819,VNM,gulf,port481,ok,,21136.49,40.287,3.635
port820,FRA,west,port664,ok,,15066.76,2.148,7.345
port820,FRA,east,port815,ok,,7375.977,2.148,2.182
port820,FRA,gulf,port481,ok,,10303.419,2.148,3.635
port822,JPN,west,port664,ok,,9030.924,8.82,7.345
port822,JPN,east,port815,ok,,18133.174,8.82,2.182
port822,JPN,gulf,port481,ok,,17258.191,8.82,3.635
port823,JPN,west,port664,ok,,9761.008,20.367,7.345
port823,JPN,east,port815,ok,,18863.257,20.367,2.182
port823,JPN,gulf,port481,ok,,17988.274,20.367,3.635
port824,CHN,west,port664,ok,,10779.056,3.01,7.345
port824,CHN,east,port815,ok,,19881.305,3.01,2.182
port824,CHN,gulf,port481,ok,,19006.322,3.01,3.635
port827,SWE,west,port664,ok,,15922.604,6.607,7.345
port827,SWE,east,port815,ok,,7218.104,6.607,2.182
port827,SWE,gulf,port481,ok,,10460.168,6.607,3.635
port828,EGY,west,port664,ok,,17350.687,24.482,7.345
port828,EGY,east,port815,ok,,9659.905,24.482,2.182
port828,EGY,gulf,port481,ok,,12587.346,24.482,3.635
port830,MRT,west,port664,ok,,12414.316,100.453,7.345
port830,MRT,east,port815,ok,,5915.757,100.453,2.182
port830,MRT,gulf,port481,ok,,8223.868,100.453,3.635
port831,MRT,west,port664,ok,,12794.873,15.233,7.345
port831,MRT,east,port815,ok,,6296.314,15.233,2.182
port831,MRT,gulf,port481,ok,,8604.425,15.233,3.635
port832,NCL,west,port664,ok,,10374.865,20.977,7.345
port832,NCL,east,port815,ok,,16826.806,20.977,2.182
port832,NCL,gulf,port481,ok,,15951.823,20.977,3.635
port833,RUS,west,port664,ok,,17756.51,14.964,7.345
port833,RUS,east,port815,ok,,10065.727,14.964,2.182
port833,RUS,gulf,port481,ok,,12993.169,14.964,3.635
port834,IRN,west,port664,ok,,20131.611,166.579,7.345
port834,IRN,east,port815,ok,,12440.828,166.579,2.182
port834,IRN,gulf,port481,ok,,15368.27,166.579,3.635
port836,TON,west,port664,ok,,8686.323,36.501,7.345
port836,TON,east,port815,ok,,14871.574,36.501,2.182
port836,TON,gulf,port481,ok,,13996.591,36.501,3.635
port837,DNK,west,port664,ok,,15224.254,33.948,7.345
port837,DNK,east,port815,ok,,6519.754,33.948,2.182
port837,DNK,gulf,port481,ok,,9761.818,33.948,3.635
port838,SWE,west,port664,ok,,15917.185,28.732,7.345
port838,SWE,east,port815,ok,,7212.685,28.732,2.182
port838,SWE,gulf,port481,ok,,10454.749,28.732,3.635
port841,NOR,west,port664,ok,,14761.7,24.632,7.345
port841,NOR,east,port815,ok,,6057.2,24.632,2.182
port841,NOR,gulf,port481,ok,,9299.264,24.632,3.635
port842,DNK,west,port664,ok,,15219.028,33.523,7.345
port842,DNK,east,port815,ok,,6514.528,33.523,2.182
port842,DNK,gulf,port481,ok,,9756.593,33.523,3.635
port843,UKR,west,port664,ok,,17562.304,16.432,7.345
port843,UKR,east,port815,ok,,9871.521,16.432,2.182
port843,UKR,gulf,port481,ok,,12798.963,16.432,3.635
port844,JPN,west,port664,ok,,8631.858,63.027,7.345
port844,JPN,east,port815,ok,,17734.107,63.027,2.182
port844,JPN,gulf,port481,ok,,16859.124,63.027,3.635
port846,JPN,west,port664,ok,,9921.318,12.873,7.345
port846,JPN,east,port815,ok,,19023.567,12.873,2.182
port846,JPN,gulf,port481,ok,,18148.585,12.873,3.635
port848,ITA,west,port664,ok,,15134.532,0.549,7.345
port848,ITA,east,port815,ok,,7443.75,0.549,2.182
port848,ITA,gulf,port481,ok,,10371.191,0.549,3.635
port850,JPN,west,port664,ok,,8931.17,43.673,7.345
port850,JPN,east,port815,ok,,18033.419,43.673,2.182
port850,JPN,gulf,port481,ok,,17158.436,43.673,3.635
port851,NGA,west,port664,ok,,15680.16,4.162,7.345
port851,NGA,east,port815,ok,,9786.048,4.162,2.182
port851,NGA,gulf,port481,ok,,11763.384,4.162,3.635
port853,JPN,west,port664,ok,,9775.433,37.267,7.345
port853,JPN,east,port815,ok,,18877.682,37.267,2.182
port853,JPN,gulf,port481,ok,,18002.699,37.267,3.635
port855,BEL,west,port664,ok,,14385.719,43.57,7.345
port855,BEL,east,port815,ok,,6046.696,43.57,2.182
port855,BEL,gulf,port481,ok,,9268.612,43.57,3.635
port856,DZA,west,port664,ok,,14094.112,2.982,7.345
port856,DZA,east,port815,ok,,6403.33,2.982,2.182
port856,DZA,gulf,port481,ok,,9330.771,2.982,3.635
port860,PNG,west,port664,ok,,11706.621,155.769,7.345
port860,PNG,east,port815,ok,,18954.054,155.769,2.182
port860,PNG,gulf,port481,ok,,18079.071,155.769,3.635
port861,ITA,west,port664,ok,,16407.239,1.618,7.345
port861,ITA,east,port815,ok,,8716.457,1.618,2.182
port861,ITA,gulf,port481,ok,,11643.898,1.618,3.635
port862,JPN,west,port664,ok,,9639.857,17.01,7.345
port862,JPN,east,port815,ok,,18742.106,17.01,2.182
port862,JPN,gulf,port481,ok,,17867.123,17.01,3.635
port863,SWE,west,port664,ok,,15616.145,101.756,7.345
port863,SWE,east,port815,ok,,6911.645,101.756,2.182
port863,SWE,gulf,port481,ok,,10153.709,101.756,3.635
port864,NOR,west,port664,ok,,15110.072,1.022,7.345
port864,NOR,east,port815,ok,,6405.572,1.022,2.182
port864,NOR,gulf,port481,ok,,9647.637,1.022,3.635
port866,JPN,west,port664,ok,,8702.614,16.417,7.345
port866,JPN,east,port815,ok,,17804.863,16.417,2.182
port866,JPN,gulf,port481,ok,,16929.88,16.417,3.635
port867,FIN,west,port664,ok,,16778.707,3.371,7.345
port867,FIN,east,port815,ok,,8074.207,3.371,2.182
port867,FIN,gulf,port481,ok,,11316.271,3.371,3.635
port868,SWE,west,port664,ok,,15858.316,20.763,7.345
port868,SWE,east,port815,ok,,7153.816,20.763,2.182
port868,SWE,gulf,port481,ok,,10395.88,20.763,3.635
port871,ABW,west,port664,ok,,6736.763,20.804,7.345
port871,ABW,east,port815,ok,,3446.952,20.804,2.182
port871,ABW,gulf,port481,ok,,3383.014,20.804,3.635
port872,ASM,west,port664,ok,,7788.994,12.336,7.345
port872,ASM,east,port815,ok,,14432.134,12.336,2.182
port872,ASM,gulf,port481,ok,,13557.151,12.336,3.635
port873,PER,west,port664,ok,,6270.583,80.537,7.345
port873,PER,east,port815,ok,,5443.82,80.537,2.182
port873,PER,gulf,port481,ok,,4568.837,80.537,3.635
port874,EST,west,port664,ok,,16185.144,39.454,7.345
port874,EST,east,port815,ok,,7480.644,39.454,2.182
port874,EST,gulf,port481,ok,,10722.708,39.454,3.635
port875,IDN,west,port664,ok,,14772.543,94.636,7.345
port875,IDN,east,port815,ok,,19243.557,94.636,2.182
port875,IDN,gulf,port481,ok,,22170.998,94.636,3.635
port877,CPV,west,port664,ok,,12080.845,67.873,7.345
port877,CPV,east,port815,ok,,5920.178,67.873,2.182
port877,CPV,gulf,port481,ok,,7897.514,67.873,3.635
port881,IDN,west,port664,ok,,14997.616,5.434,7.345
port881,IDN,east,port815,ok,,19307.015,5.434,2.182
port881,IDN,gulf,port481,ok,,22234.456,5.434,3.635
port882,PYF,west,port664,ok,,6685.005,19.859,7.345
port882,PYF,east,port815,ok,,12110.785,19.859,2.182
port882,PYF,gulf,port481,ok,,11235.802,19.859,3.635
port883,IND,west,port664,ok,,17275.202,161.761,7.345
port883,IND,east,port815,ok,,18032.766,161.761,2.182
port883,IND,gulf,port481,ok,,20960.208,161.761,3.635
port884,SUR,west,port664,ok,,8667.242,30.12,7.345
port884,SUR,east,port815,ok,,4591.427,30.12,2.182
port884,SUR,gulf,port481,ok,,5085.169,30.12,3.635
port885,BRA,west,port664,ok,,14255.355,2.743,7.345
port885,BRA,east,port815,ok,,9570.076,2.743,2.182
port885,BRA,gulf,port481,ok,,10653.827,2.743,3.635
port886,IDN,west,port664,ok,,13955.412,139.02,7.345
port886,IDN,east,port815,ok,,21219.149,139.02,2.182
port886,IDN,gulf,port481,ok,,21239.962,139.02,3.635
port887,EST,west,port664,ok,,16126.889,8.619,7.345
port887,EST,east,port815,ok,,7422.389,8.619,2.182
port887,EST,gulf,port481,ok,,10664.453,8.619,3.635
port889,GRC,west,port664,ok,,16110.986,19.501,7.345
port889,GRC,east,port815,ok,,8420.203,19.501,2.182
port889,GRC,gulf,port481,ok,,11347.645,19.501,3.635
port890,BGD,west,port664,ok,,17353.845,47.882,7.345
port890,BGD,east,port815,ok,,18253.051,47.882,2.182
port890,BGD,gulf,port481,ok,,21180.493,47.882,3.635
port891,MYS,west,port664,ok,,12814.911,24.556,7.345
port891,MYS,east,port815,ok,,20679.693,24.556,2.182
port891,MYS,gulf,port481,ok,,21000.09,24.556,3.635
port896,MOZ,west,port664,ok,,20992.852,261.243,7.345
port896,MOZ,east,port815,ok,,16096.025,261.243,2.182
port896,MOZ,gulf,port481,ok,,17391.324,261.243,3.635
port897,CHN,west,port664,ok,,10841.835,40.114,7.345
port897,CHN,east,port815,ok,,19944.085,40.114,2.182
port897,CHN,gulf,port481,ok,,19069.102,40.114,3.635
port899,GBR,west,port664,ok,,14314.04,2.15,7.345
port899,GBR,east,port815,ok,,5609.54,2.15,2.182
port899,GBR,gulf,port481,ok,,8851.604,2.15,3.635
port902,SXM,west,port664,ok,,7718.718,5.599,7.345
port902,SXM,east,port815,ok,,3002.03,5.599,2.182
port902,SXM,gulf,port481,ok,,3640.636,5.599,3.635
port903,VNM,west,port664,ok,,13525.168,34.117,7.345
port903,VNM,east,port815,ok,,20027.007,34.117,2.182
port903,VNM,gulf,port481,ok,,21752.434,34.117,3.635
port904,THA,west,port664,ok,,15454.452,70.819,7.345
port904,THA,east,port815,ok,,18229.248,70.819,2.182
port904,THA,gulf,port481,ok,,21156.689,70.819,3.635
port907,IND,west,port664,ok,,19378.013,53.396,7.345
port907,IND,east,port815,ok,,15166.775,53.396,2.182
port907,IND,gulf,port481,ok,,18094.217,53.396,3.635
port908,GRC,west,port664,ok,,16277.371,4.167,7.345
port908,GRC,east,port815,ok,,8586.588,4.167,2.182
port908,GRC,gulf,port481,ok,,11514.03,4.167,3.635
port909,SWE,west,port664,ok,,16662.895,66.723,7.345
port909,SWE,east,port815,ok,,7958.395,66.723,2.182
port909,SWE,gulf,port481,ok,,11200.459,66.723,3.635
port912,HRV,west,port664,ok,,16307.681,19.355,7.345
port912,HRV,east,port815,ok,,8616.899,19.355,2.182
port912,HRV,gulf,port481,ok,,11544.341,19.355,3.635
port914,GBR,west,port664,ok,,13828.669,7.84,7.345
port914,GBR,east,port815,ok,,5489.646,7.84,2.182
port914,GBR,gulf,port481,ok,,8711.562,7.84,3.635
port915,KOR,west,port664,ok,,9715.686,3.311,7.345
port915,KOR,east,port815,ok,,18817.935,3.311,2.182
port915,KOR,gulf,port481,ok,,17942.952,3.311,3.635
port917,TTO,west,port664,ok,,7765.823,12.667,7.345
port917,TTO,east,port815,ok,,3761.315,12.667,2.182
port917,TTO,gulf,port481,ok,,4218.086,12.667,3.635
port919,COG,west,port664,ok,,16516.665,2.467,7.345
port919,COG,east,port815,ok,,10629.187,2.467,2.182
port919,COG,gulf,port481,ok,,12606.524,2.467,3.635
port922,GLP,west,port664,ok,,7834.662,3.647,7.345
port922,GLP,east,port815,ok,,3235.18,3.647,2.182
port922,GLP,gulf,port481,ok,,3873.786,3.647,3.635
port924,PRT,west,port664,ok,,12009.586,23.057,7.345
port924,PRT,east,port815,ok,,4311.615,23.057,2.182
port924,PRT,gulf,port481,ok,,7080.633,23.057,3.635
port925,IDN,west,port664,ok,,13861.99,227.891,7.345
port925,IDN,east,port815,ok,,19833.156,227.891,2.182
port925,IDN,gulf,port481,ok,,22047.169,227.891,3.635
port926,GBR,west,port664,ok,,14026.373,4.704,7.345
port926,GBR,east,port815,ok,,5687.35,4.704,2.182
port926,GBR,gulf,port481,ok,,8909.267,4.704,3.635
port927,FSM,west,port664,ok,,9452.049,38.368,7.345
port927,FSM,east,port815,ok,,17609.729,38.368,2.182
port927,FSM,gulf,port481,ok,,16734.746,38.368,3.635
port928,NOR,west,port664,ok,,14986.077,9.613,7.345
port928,NOR,east,port815,ok,,6281.577,9.613,2.182
port928,NOR,gulf,port481,ok,,9523.642,9.613,3.635
port929,AUS,west,port664,ok,,14009.005,12.968,7.345
port929,AUS,east,port815,ok,,19546.381,12.968,2.182
port929,AUS,gulf,port481,ok,,18671.398,12.968,3.635
port930,AUS,west,port664,ok,,12033.023,18.938,7.345
port930,AUS,east,port815,ok,,18682.878,18.938,2.182
port930,AUS,gulf,port481,ok,,17807.895,18.938,3.635
port931,CAN,west,port664,ok,,2159.848,1.68,7.345
port931,CAN,east,port815,ok,,11390.329,1.68,2.182
port931,CAN,gulf,port481,ok,,10515.346,1.68,3.635
port934,HTI,west,port664,ok,,7015.821,13.642,7.345
port934,HTI,east,port815,ok,,2540.79,13.642,2.182
port934,HTI,gulf,port481,ok,,2660.325,13.642,3.635
port940,AUS,west,port664,ok,,13297.419,41.537,7.345
port940,AUS,east,port815,ok,,18521.338,41.537,2.182
port940,AUS,gulf,port481,ok,,17646.355,41.537,3.635
port942,FRA,west,port664,ok,,14130.031,11.518,7.345
port942,FRA,east,port815,ok,,5791.008,11.518,2.182
port942,FRA,gulf,port481,ok,,9012.924,11.518,3.635
port943,CMR,west,port664,ok,,16076.732,93.388,7.345
port943,CMR,east,port815,ok,,10189.254,93.388,2.182
port943,CMR,gulf,port481,ok,,12166.59,93.388,3.635
port944,BRA,west,port664,ok,,12365.392,9.309,7.345
port944,BRA,east,port815,ok,,7680.113,9.309,2.182
port944,BRA,gulf,port481,ok,,8763.864,9.309,3.635
port946,CAN,west,port664,ok,,12346.777,41.914,7.345
port946,CAN,east,port815,ok,,3494.394,41.914,2.182
port946,CAN,gulf,port481,ok,,6806.847,41.914,3.635
port948,ZAF,west,port664,ok,,18370.999,2.354,7.345
port948,ZAF,east,port815,ok,,13516.873,2.354,2.182
port948,ZAF,gulf,port481,ok,,14769.471,2.354,3.635
port950,REU,west,port664,ok,,20801.317,2.322,7.345
port950,REU,east,port815,ok,,16546.692,2.322,2.182
port950,REU,gulf,port481,ok,,17929.175,2.322,3.635
port952,GAB,west,port664,ok,,15899.239,13.054,7.345
port952,GAB,east,port815,ok,,10011.761,13.054,2.182
port952,GAB,gulf,port481,ok,,11989.097,13.054,3.635
port954,NGA,west,port664,ok,,15692.123,9.78,7.345
port954,NGA,east,port815,ok,,9798.01,9.78,2.182
port954,NGA,gulf,port481,ok,,11775.347,9.78,3.635
port955,AUS,west,port664,ok,,15114.289,81.331,7.345
port955,AUS,east,port815,ok,,21445.584,81.331,2.182
port955,AUS,gulf,port481,ok,,21486.74,81.331,3.635
port958,FRA,west,port664,ok,,14150.091,19.832,7.345
port958,FRA,east,port815,ok,,5811.068,19.832,2.182
port958,FRA,gulf,port481,ok,,9032.984,19.832,3.635
port959,AUS,west,port664,ok,,12282.033,74.005,7.345
port959,AUS,east,port815,ok,,18258.545,74.005,2.182
port959,AUS,gulf,port481,ok,,17383.562,74.005,3.635
port960,MYS,west,port664,ok,,14947.051,3.221,7.345
port960,MYS,east,port815,ok,,18520.363,3.221,2.182
port960,MYS,gulf,port481,ok,,21447.805,3.221,3.635
port965,MUS,west,port664,ok,,20554.042,15.141,7.345
port965,MUS,east,port815,ok,,16530.25,15.141,2.182
port965,MUS,gulf,port481,ok,,18176.45,15.141,3.635
port966,NZL,west,port664,ok,,11432.423,7.23,7.345
port966,NZL,east,port815,ok,,16590.881,7.23,2.182
port966,NZL,gulf,port481,ok,,15715.898,7.23,3.635
port969,DZA,west,port664,ok,,14842.808,5.856,7.345
port969,DZA,east,port815,ok,,7152.025,5.856,2.182
port969,DZA,gulf,port481,ok,,10079.467,5.856,3.635
port970,PNG,west,port664,ok,,11706.621,29.913,7.345
port970,PNG,east,port815,ok,,18954.054,29.913,2.182
port970,PNG,gulf,port481,ok,,18079.071,29.913,3.635
port971,MAR,west,port664,ok,,13867.383,0.091,7.345
port971,MAR,east,port815,ok,,6176.6,0.091,2.182
port971,MAR,gulf,port481,ok,,9104.042,0.091,3.635
port972,SLB,west,port664,ok,,10518.341,55.486,7.345
port972,SLB,east,port815,ok,,17765.775,55.486,2.182
port972,SLB,gulf,port481,ok,,16890.792,55.486,3.635
port973,GAB,west,port664,ok,,15989.507,6.271,7.345
port973,GAB,east,port815,ok,,10102.029,6.271,2.182
port973,GAB,gulf,port481,ok,,12079.366,6.271,3.635
port976,FRA,west,port664,ok,,14905.496,8.787,7.345
port976,FRA,east,port815,ok,,7214.714,8.787,2.182
port976,FRA,gulf,port481,ok,,10142.155,8.787,3.635
port977,SDN,west,port664,ok,,18633.719,27.588,7.345
port977,SDN,east,port815,ok,,10942.936,27.588,2.182
port977,SDN,gulf,port481,ok,,13870.378,27.588,3.635
port979,CPV,west,port664,ok,,11990.817,108.032,7.345
port979,CPV,east,port815,ok,,5830.15,108.032,2.182
port979,CPV,gulf,port481,ok,,7807.486,108.032,3.635
port980,VUT,west,port664,ok,,9846.254,34.551,7.345
port980,VUT,east,port815,ok,,16672.331,34.551,2.182
port980,VUT,gulf,port481,ok,,15797.348,34.551,3.635
port982,MYT,west,port664,ok,,21634.875,27.196,7.345
port982,MYT,east,port815,ok,,16009.336,27.196,2.182
port982,MYT,gulf,port481,ok,,18033.347,27.196,3.635
port984,OMN,west,port664,ok,,20268.098,13.183,7.345
port984,OMN,east,port815,ok,,13784.076,13.183,2.182
port984,OMN,gulf,port481,ok,,16711.518,13.183,3.635
port985,FRA,west,port664,ok,,14150.091,5.917,7.345
port985,FRA,east,port815,ok,,5811.068,5.917,2.182
port985,FRA,gulf,port481,ok,,9032.984,5.917,3.635
port986,FRA,west,port664,ok,,14200.82,61.466,7.345
port986,FRA,east,port815,ok,,5861.797,61.466,2.182
port986,FRA,gulf,port481,ok,,9083.714,61.466,3.635
port988,OMN,west,port664,ok,,20646.457,72.746,7.345
port988,OMN,east,port815,ok,,14710.484,72.746,2.182
port988,OMN,gulf,port481,ok,,17637.925,72.746,3.635
port989,TTO,west,port664,ok,,7717.718,31.063,7.345
port989,TTO,east,port815,ok,,3713.21,31.063,2.182
port989,TTO,gulf,port481,ok,,4169.98,31.063,3.635
port990,FRA,west,port664,ok,,14905.496,5.552,7.345
port990,FRA,east,port815,ok,,7214.714,5.552,2.182
port990,FRA,gulf,port481,ok,,10142.155,5.552,3.635
port991,FRA,west,port664,ok,,14836.701,1.592,7.345
port991,FRA,east,port815,ok,,7145.919,1.592,2.182
port991,FRA,gulf,port481,ok,,10073.36,1.592,3.635
port992,AUS,west,port664,ok,,13465.508,66.048,7.345
port992,AUS,east,port815,ok,,19002.884,66.048,2.182
port992,AUS,gulf,port481,ok,,18127.901,66.048,3.635
port994,GBR,west,port664,ok,,13986.056,6.747,7.345
port994,GBR,east,port815,ok,,5647.033,6.747,2.182
port994,GBR,gulf,port481,ok,,8868.949,6.747,3.635
port998,CPV,west,port664,ok,,12070.179,22.47,7.345
port998,CPV,east,port815,ok,,5980.079,22.47,2.182
port998,CPV,gulf,port481,ok,,7957.416,22.47,3.635
port999,PRT,west,port664,ok,,13651.129,7.59,7.345
port999,PRT,east,port815,ok,,5689.354,7.59,2.182
port999,PRT,gulf,port481,ok,,8710.062,7.59,3.635
port1001,BRA,west,port664,ok,,10834.321,9.955,7.345
port1001,BRA,east,port815,ok,,6255.266,9.955,2.182
port1001,BRA,gulf,port481,ok,,7252.249,9.955,3.635
port1002,BRA,west,port664,ok,,11635.872,36.356,7.345
port1002,BRA,east,port815,ok,,6950.593,36.356,2.182
port1002,BRA,gulf,port481,ok,,8034.344,36.356,3.635
port1003,ITA,west,port664,ok,,16734.646,10.431,7.345
port1003,ITA,east,port815,ok,,9043.863,10.431,2.182
port1003,ITA,gulf,port481,ok,,11971.305,10.431,3.635
port1004,ITA,west,port664,ok,,16669.103,10.623,7.345
port1004,ITA,east,port815,ok,,8978.32,10.623,2.182
port1004,ITA,gulf,port481,ok,,11905.762,10.623,3.635
port1005,ITA,west,port664,ok,,16743.541,16.6,7.345
port1005,ITA,east,port815,ok,,9052.758,16.6,2.182
port1005,ITA,gulf,port481,ok,,11980.2,16.6,3.635
port1006,ITA,west,port664,ok,,16734.646,8.038,7.345
port1006,ITA,east,port815,ok,,9043.863,8.038,2.182
port1006,ITA,gulf,port481,ok,,11971.305,8.038,3.635
port1007,ITA,west,port664,ok,,14996.289,17.363,7.345
port1007,ITA,east,port815,ok,,7305.506,17.363,2.182
port1007,ITA,gulf,port481,ok,,10232.948,17.363,3.635
port1008,ITA,west,port664,ok,,15292.371,18.08,7.345
port1008,ITA,east,port815,ok,,7601.588,18.08,2.182
port1008,ITA,gulf,port481,ok,,10529.03,18.08,3.635
port1009,CPV,west,port664,ok,,11810.474,45.701,7.345
port1009,CPV,east,port815,ok,,5649.807,45.701,2.182
port1009,CPV,gulf,port481,ok,,7627.143,45.701,3.635
port1010,BRA,west,port664,ok,,10834.321,44.99,7.345
port1010,BRA,east,port815,ok,,6255.266,44.99,2.182
port1010,BRA,gulf,port481,ok,,7252.249,44.99,3.635
port1011,ITA,west,port664,ok,,14994.772,11.053,7.345
port1011,ITA,east,port815,ok,,7303.989,11.053,2.182
port1011,ITA,gulf,port481,ok,,10231.431,11.053,3.635
port1012,BRA,west,port664,ok,,13006.615,61.012,7.345
port1012,BRA,east,port815,ok,,8321.336,61.012,2.182
port1012,BRA,gulf,port481,ok,,9405.087,61.012,3.635
port1013,ITA,west,port664,ok,,15257.972,1.45,7.345
port1013,ITA,east,port815,ok,,7567.189,1.45,2.182
port1013,ITA,gulf,port481,ok,,10494.631,1.45,3.635
port1014,GBR,west,port664,ok,,14080.592,2.181,7.345
port1014,GBR,east,port815,ok,,5741.569,2.181,2.182
port1014,GBR,gulf,port481,ok,,8963.485,2.181,3.635
port1015,FIN,west,port664,ok,,16261.818,41.212,7.345
port1015,FIN,east,port815,ok,,7557.318,41.212,2.182
port1015,FIN,gulf,port481,ok,,10799.382,41.212,3.635
port1016,GEO,west,port664,ok,,17994.358,13.448,7.345
port1016,GEO,east,port815,ok,,10303.575,13.448,2.182
port1016,GEO,gulf,port481,ok,,13231.017,13.448,3.635
port1018,PRT,west,port664,ok,,11934.916,14.153,7.345
port1018,PRT,east,port815,ok,,4183.486,14.153,2.182
port1018,PRT,gulf,port481,ok,,7005.963,14.153,3.635
port1021,CAN,west,port664,ok,,2854.472,4.548,7.345
port1021,CAN,east,port815,ok,,12084.953,4.548,2.182
port1021,CAN,gulf,port481,ok,,11209.97,4.548,3.635
port1023,MEX,west,port664,ok,,7482.271,85.06,7.345
port1023,MEX,east,port815,ok,,2929.9,85.06,2.182
port1023,MEX,gulf,port481,ok,,1351.615,85.06,3.635
port1025,TCA,west,port664,ok,,7206.696,51.941,7.345
port1025,TCA,east,port815,ok,,2181.49,51.941,2.182
port1025,TCA,gulf,port481,ok,,2455.138,51.941,3.635
port1027,COL,west,port664,ok,,6507.779,36.914,7.345
port1027,COL,east,port815,ok,,3635.731,36.914,2.182
port1027,COL,gulf,port481,ok,,3571.793,36.914,3.635
port1028,ECU,west,port664,ok,,6097.964,5.583,7.345
port1028,ECU,east,port815,ok,,5271.201,5.583,2.182
port1028,ECU,gulf,port481,ok,,4396.218,5.583,3.635
port1029,VEN,west,port664,ok,,7090.316,4.992,7.345
port1029,VEN,east,port815,ok,,3751.462,4.992,2.182
port1029,VEN,gulf,port481,ok,,3687.524,4.992,3.635
port1031,CHL,west,port664,ok,,8717.246,127.61,7.345
port1031,CHL,east,port815,ok,,8272.295,127.61,2.182
port1031,CHL,gulf,port481,ok,,7397.312,127.61,3.635
port1032,CRI,west,port664,ok,,4677.778,81.757,7.345
port1032,CRI,east,port815,ok,,4598.675,81.757,2.182
port1032,CRI,gulf,port481,ok,,3723.692,81.757,3.635
port1033,HND,west,port664,ok,,6748.05,72.534,7.345
port1033,HND,east,port815,ok,,3351.192,72.534,2.182
port1033,HND,gulf,port481,ok,,2045.045,72.534,3.635
port1035,PAN,west,port664,ok,,5547.981,18.519,7.345
port1035,PAN,east,port815,ok,,3704.189,18.519,2.182
port1035,PAN,gulf,port481,ok,,2829.206,18.519,3.635
port1036,HND,west,port664,ok,,6873.906,47.802,7.345
port1036,HND,east,port815,ok,,3225.336,47.802,2.182
port1036,HND,gulf,port481,ok,,1919.188,47.802,3.635
port1037,PAN,west,port664,ok,,5547.981,15.288,7.345
port1037,PAN,east,port815,ok,,3704.189,15.288,2.182
port1037,PAN,gulf,port481,ok,,2829.206,15.288,3.635
port1038,ESP,west,port664,ok,,14061.487,7.526,7.345
port1038,ESP,east,port815,ok,,6016.659,7.526,2.182
port1038,ESP,gulf,port481,ok,,9120.42,7.526,3.635
port1039,ESP,west,port664,ok,,13920.006,44.505,7.345
port1039,ESP,east,port815,ok,,6229.223,44.505,2.182
port1039,ESP,gulf,port481,ok,,9156.665,44.505,3.635
port1041,ESP,west,port664,ok,,13920.006,69.441,7.345
port1041,ESP,east,port815,ok,,6229.223,69.441,2.182
port1041,ESP,gulf,port481,ok,,9156.665,69.441,3.635
port1042,DOM,west,port664,ok,,7112.164,17.002,7.345
port1042,DOM,east,port815,ok,,2825.921,17.002,2.182
port1042,DOM,gulf,port481,ok,,3125.982,17.002,3.635
port1043,HND,west,port664,ok,,4204.61,21.847,7.345
port1043,HND,east,port815,ok,,5242.293,21.847,2.182
port1043,HND,gulf,port481,ok,,4367.31,21.847,3.635
port1044,ESP,west,port664,ok,,14159.81,6.005,7.345
port1044,ESP,east,port815,ok,,6064.75,6.005,2.182
port1044,ESP,gulf,port481,ok,,9218.743,6.005,3.635
port1045,PER,west,port664,ok,,6762.561,61.105,7.345
port1045,PER,east,port815,ok,,6317.609,61.105,2.182
port1045,PER,gulf,port481,ok,,5442.626,61.105,3.635
port1046,ESP,west,port664,ok,,12942.262,121.021,7.345
port1046,ESP,east,port815,ok,,5982.117,121.021,2.182
port1046,ESP,gulf,port481,ok,,8300.743,121.021,3.635
port1047,PER,west,port664,ok,,7839.335,147.392,7.345
port1047,PER,east,port815,ok,,7394.383,147.392,2.182
port1047,PER,gulf,port481,ok,,6519.4,147.392,3.635
port1048,ARG,west,port664,ok,,12846.688,2.389,7.345
port1048,ARG,east,port815,ok,,11489.299,2.389,2.182
port1048,ARG,gulf,port481,ok,,12223.294,2.389,3.635
port1049,VEN,west,port664,ok,,7509.006,10.557,7.345
port1049,VEN,east,port815,ok,,4005.772,10.557,2.182
port1049,VEN,gulf,port481,ok,,4098.463,10.557,3.635
port1050,ARG,west,port664,ok,,12368.197,18.99,7.345
port1050,ARG,east,port815,ok,,11947.471,18.99,2.182
port1050,ARG,gulf,port481,ok,,11744.804,18.99,3.635
port1051,VEN,west,port664,ok,,7033.313,18.882,7.345
port1051,VEN,east,port815,ok,,3743.502,18.882,2.182
port1051,VEN,gulf,port481,ok,,3679.564,18.882,3.635
port1052,CRI,west,port664,ok,,5928.108,20.725,7.345
port1052,CRI,east,port815,ok,,3926.878,20.725,2.182
port1052,CRI,gulf,port481,ok,,2689.302,20.725,3.635
port1053,CHL,west,port664,ok,,10205.331,8.625,7.345
port1053,CHL,east,port815,ok,,9828.451,8.625,2.182
port1053,CHL,gulf,port481,ok,,8953.468,8.625,3.635
port1055,DOM,west,port664,ok,,7298.84,2.554,7.345
port1055,DOM,east,port815,ok,,2569.363,2.554,2.182
port1055,DOM,gulf,port481,ok,,2754.862,2.554,3.635
port1056,PHL,west,port664,ok,,12459.467,207.389,7.345
port1056,PHL,east,port815,ok,,20841.419,207.389,2.182
port1056,PHL,gulf,port481,ok,,20644.646,207.389,3.635
port1057,GTM,west,port664,ok,,3792.955,52.56,7.345
port1057,GTM,east,port815,ok,,5483.498,52.56,2.182
port1057,GTM,gulf,port481,ok,,4608.515,52.56,3.635
port1058,CHL,west,port664,ok,,9117.605,74.876,7.345
port1058,CHL,east,port815,ok,,8672.653,74.876,2.182
port1058,CHL,gulf,port481,ok,,7797.67,74.876,3.635
port1059,ARG,west,port664,ok,,14140.566,37.663,7.345
port1059,ARG,east,port815,ok,,11224.604,37.663,2.182
port1059,ARG,gulf,port481,ok,,12308.355,37.663,3.635
port1061,IDN,west,port664,ok,,15539.822,46.853,7.345
port1061,IDN,east,port815,ok,,18821.311,46.853,2.182
port1061,IDN,gulf,port481,ok,,21748.752,46.853,3.635
port1062,MYS,west,port664,ok,,15189.357,9.885,7.345
port1062,MYS,east,port815,ok,,18279.323,9.885,2.182
port1062,MYS,gulf,port481,ok,,21206.765,9.885,3.635
port1063,VEN,west,port664,ok,,6831.156,15.879,7.345
port1063,VEN,east,port815,ok,,3541.345,15.879,2.182
port1063,VEN,gulf,port481,ok,,3477.407,15.879,3.635
port1065,KOR,west,port664,ok,,9879.491,19.806,7.345
port1065,KOR,east,port815,ok,,18981.741,19.806,2.182
port1065,KOR,gulf,port481,ok,,18106.758,19.806,3.635
port1066,PNG,west,port664,ok,,10709.001,71.126,7.345
port1066,PNG,east,port815,ok,,18558.927,71.126,2.182
port1066,PNG,gulf,port481,ok,,17683.944,71.126,3.635
port1067,KOR,west,port664,ok,,10562.096,6.684,7.345
port1067,KOR,east,port815,ok,,19664.346,6.684,2.182
port1067,KOR,gulf,port481,ok,,18789.363,6.684,3.635
port1069,CHN,west,port664,ok,,10696.768,3.808,7.345
port1069,CHN,east,port815,ok,,19799.018,3.808,2.182
port1069,CHN,gulf,port481,ok,,18924.035,3.808,3.635
port1070,CHN,west,port664,ok,,10741.676,6.609,7.345
port1070,CHN,east,port815,ok,,19843.926,6.609,2.182
port1070,CHN,gulf,port481,ok,,18968.943,6.609,3.635
port1071,CHN,west,port664,ok,,12700.46,11.606,7.345
port1071,CHN,east,port815,ok,,21338.706,11.606,2.182
port1071,CHN,gulf,port481,ok,,20927.727,11.606,3.635
port1072,CHN,west,port664,ok,,10995.278,18.195,7.345
port1072,CHN,east,port815,ok,,20097.527,18.195,2.182
port1072,CHN,gulf,port481,ok,,19222.544,18.195,3.635
port1073,CHN,west,port664,ok,,10777.112,1.702,7.345
port1073,CHN,east,port815,ok,,19879.361,1.702,2.182
port1073,CHN,gulf,port481,ok,,19004.378,1.702,3.635
port1074,CHN,west,port664,ok,,11381.584,3.049,7.345
port1074,CHN,east,port815,ok,,20483.833,3.049,2.182
port1074,CHN,gulf,port481,ok,,19608.85,3.049,3.635
port1075,CAN,west,port664,ok,,11433.385,3.906,7.345
port1075,CAN,east,port815,ok,,2581.001,3.906,2.182
port1075,CAN,gulf,port481,ok,,5893.455,3.906,3.635
port1078,VNM,west,port664,ok,,13072.195,43.072,7.345
port1078,VNM,east,port815,ok,,20467.852,43.072,2.182
port1078,VNM,gulf,port481,ok,,21299.461,43.072,3.635
port1079,FIN,west,port664,ok,,16702.298,5.124,7.345
port1079,FIN,east,port815,ok,,7997.798,5.124,2.182
port1079,FIN,gulf,port481,ok,,11239.862,5.124,3.635
port1080,PNG,west,port664,ok,,10784.968,42.349,7.345
port1080,PNG,east,port815,ok,,18634.894,42.349,2.182
port1080,PNG,gulf,port481,ok,,17759.912,42.349,3.635
port1082,CHL,west,port664,ok,,7839.335,85.662,7.345
port1082,CHL,east,port815,ok,,7394.383,85.662,2.182
port1082,CHL,gulf,port481,ok,,6519.4,85.662,3.635
port1083,ITA,west,port664,ok,,15172.104,7.459,7.345
port1083,ITA,east,port815,ok,,7481.322,7.459,2.182
port1083,ITA,gulf,port481,ok,,10408.764,7.459,3.635
port1084,FRA,west,port664,ok,,13812.286,7.557,7.345
port1084,FRA,east,port815,ok,,5512.385,7.557,2.182
port1084,FRA,gulf,port481,ok,,8727.19,7.557,3.635
port1085,DNK,west,port664,ok,,15218.245,35.418,7.345
port1085,DNK,east,port815,ok,,6513.745,35.418,2.182
port1085,DNK,gulf,port481,ok,,9755.809,35.418,3.635
port1086,MMR,west,port664,ok,,16472.595,13.985,7.345
port1086,MMR,east,port815,ok,,18306.603,13.985,2.182
port1086,MMR,gulf,port481,ok,,21234.045,13.985,3.635
port1090,QAT,west,port664,ok,,21198.357,43.542,7.345
port1090,QAT,east,port815,ok,,15262.383,43.542,2.182
port1090,QAT,gulf,port481,ok,,18189.825,43.542,3.635
port1092,FIN,west,port664,ok,,16279.326,41.604,7.345
port1092,FIN,east,port815,ok,,7574.826,41.604,2.182
port1092,FIN,gulf,port481,ok,,10816.89,41.604,3.635
port1093,THA,west,port664,ok,,14434.692,5.382,7.345
port1093,THA,east,port815,ok,,20266.351,5.382,2.182
port1093,THA,gulf,port481,ok,,22661.958,5.382,3.635
port1094,BRA,west,port664,ok,,11635.872,3.716,7.345
port1094,BRA,east,port815,ok,,6950.593,3.716,2.182
port1094,BRA,gulf,port481,ok,,8034.344,3.716,3.635
port1095,RUS,west,port664,ok,,16412.429,62.046,7.345
port1095,RUS,east,port815,ok,,7707.929,62.046,2.182
port1095,RUS,gulf,port481,ok,,10949.993,62.046,3.635
port1096,GRC,west,port664,ok,,16318.647,28.239,7.345
port1096,GRC,east,port815,ok,,8627.865,28.239,2.182
port1096,GRC,gulf,port481,ok,,11555.306,28.239,3.635
port1098,ISL,west,port664,ok,,13403.833,10.287,7.345
port1098,ISL,east,port815,ok,,4649.585,10.287,2.182
port1098,ISL,gulf,port481,ok,,7891.649,10.287,3.635
port1099,ZAF,west,port664,ok,,19241.281,94.086,7.345
port1099,ZAF,east,port815,ok,,14387.154,94.086,2.182
port1099,ZAF,gulf,port481,ok,,15639.753,94.086,3.635
port1100,LVA,west,port664,ok,,16112.907,11.885,7.345
port1100,LVA,east,port815,ok,,7408.407,11.885,2.182
port1100,LVA,gulf,port481,ok,,10650.472,11.885,3.635
port1101,HRV,west,port664,ok,,16671.152,3.104,7.345
port1101,HRV,east,port815,ok,,8980.37,3.104,2.182
port1101,HRV,gulf,port481,ok,,11907.811,3.104,3.635
port1103,BRA,west,port664,ok,,13653.613,7.84,7.345
port1103,BRA,east,port815,ok,,8968.334,7.84,2.182
port1103,BRA,gulf,port481,ok,,10052.085,7.84,3.635
port1104,BRA,west,port664,ok,,13943.772,31.054,7.345
port1104,BRA,east,port815,ok,,10195.492,31.054,2.182
port1104,BRA,gulf,port481,ok,,11279.243,31.054,3.635
port1105,CHN,west,port664,ok,,10743.972,3.803,7.345
port1105,CHN,east,port815,ok,,19846.221,3.803,2.182
port1105,CHN,gulf,port481,ok,,18971.238,3.803,3.635
port1106,VGB,west,port664,ok,,7560.647,3.974,7.345
port1106,VGB,east,port815,ok,,2756.96,3.974,2.182
port1106,VGB,gulf,port481,ok,,3393.503,3.974,3.635
port1107,NOR,west,port664,ok,,15111.787,31.585,7.345
port1107,NOR,east,port815,ok,,6407.287,31.585,2.182
port1107,NOR,gulf,port481,ok,,9649.352,31.585,3.635
port1108,ARG,west,port664,ok,,14140.566,8.99,7.345
port1108,ARG,east,port815,ok,,11224.604,8.99,2.182
port1108,ARG,gulf,port481,ok,,12308.355,8.99,3.635
port1110,DMA,west,port664,ok,,7836.802,16.176,7.345
port1110,DMA,east,port815,ok,,3237.32,16.176,2.182
port1110,DMA,gulf,port481,ok,,3875.926,16.176,3.635
port1111,DEU,west,port664,ok,,15430.341,5.259,7.345
port1111,DEU,east,port815,ok,,6725.841,5.259,2.182
port1111,DEU,gulf,port481,ok,,9967.905,5.259,3.635
port1112,RUS,west,port664,ok,,18068.603,1.242,7.345
port1112,RUS,east,port815,ok,,10377.82,1.242,2.182
port1112,RUS,gulf,port481,ok,,13305.262,1.242,3.635
port1114,NLD,west,port664,ok,,14476.05,1.049,7.345
port1114,NLD,east,port815,ok,,6137.027,1.049,2.182
port1114,NLD,gulf,port481,ok,,9358.944,1.049,3.635
port1118,MAR,west,port664,ok,,13426.396,98.292,7.345
port1118,MAR,east,port815,ok,,6148.127,98.292,2.182
port1118,MAR,gulf,port481,ok,,8784.876,98.292,3.635
port1120,ESP,west,port664,ok,,14372.842,2.384,7.345
port1120,ESP,east,port815,ok,,6682.06,2.384,2.182
port1120,ESP,gulf,port481,ok,,9609.501,2.384,3.635
port1124,FRA,west,port664,ok,,13973.554,1.675,7.345
port1124,FRA,east,port815,ok,,5673.653,1.675,2.182
port1124,FRA,gulf,port481,ok,,8888.458,1.675,3.635
port1125,HTI,west,port664,ok,,7015.821,54.914,7.345
port1125,HTI,east,port815,ok,,2540.79,54.914,2.182
port1125,HTI,gulf,port481,ok,,2660.325,54.914,3.635
port1126,MNP,west,port664,ok,,10059.838,174.367,7.345
port1126,MNP,east,port815,ok,,18602.406,174.367,2.182
port1126,MNP,gulf,port481,ok,,17727.423,174.367,3.635
port1127,JPN,west,port664,ok,,9526.586,26.596,7.345
port1127,JPN,east,port815,ok,,18628.836,26.596,2.182
port1127,JPN,gulf,port481,ok,,17753.853,26.596,3.635
port1128,JPN,west,port664,ok,,9639.857,14.683,7.345
port1128,JPN,east,port815,ok,,18742.106,14.683,2.182
port1128,JPN,gulf,port481,ok,,17867.123,14.683,3.635
port1129,JPN,west,port664,ok,,9664.407,16.736,7.345
port1129,JPN,east,port815,ok,,18766.656,16.736,2.182
port1129,JPN,gulf,port481,ok,,17891.673,16.736,3.635
port1130,JPN,west,port664,ok,,8834.743,76.683,7.345
port1130,JPN,east,port815,ok,,17936.992,76.683,2.182
port1130,JPN,gulf,port481,ok,,17062.009,76.683,3.635
port1131,CPV,west,port664,ok,,12080.845,45.454,7.345
port1131,CPV,east,port815,ok,,5920.178,45.454,2.182
port1131,CPV,gulf,port481,ok,,7897.514,45.454,3.635
port1132,PER,west,port664,ok,,6507.968,169.208,7.345
port1132,PER,east,port815,ok,,5681.205,169.208,2.182
port1132,PER,gulf,port481,ok,,4806.222,169.208,3.635
port1133,ZAF,west,port664,ok,,17677.211,96.127,7.345
port1133,ZAF,east,port815,ok,,12823.085,96.127,2.182
port1133,ZAF,gulf,port481,ok,,14075.683,96.127,3.635
port1135,ITA,west,port664,ok,,15455.564,7.934,7.345
port1135,ITA,east,port815,ok,,7764.781,7.934,2.182
port1135,ITA,gulf,port481,ok,,10692.223,7.934,3.635
port1136,MEX,west,port664,ok,,3350.77,138.727,7.345
port1136,MEX,east,port815,ok,,5925.683,138.727,2.182
port1136,MEX,gulf,port481,ok,,5050.7,138.727,3.635
port1137,IDN,west,port664,ok,,13292.74,55.134,7.345
port1137,IDN,east,port815,ok,,20952.037,55.134,2.182
port1137,IDN,gulf,port481,ok,,21341.835,55.134,3.635
port1138,IDN,west,port664,ok,,14254.824,69.642,7.345
port1138,IDN,east,port815,ok,,20195.372,69.642,2.182
port1138,IDN,gulf,port481,ok,,22039.233,69.642,3.635
port1139,TUR,west,port664,ok,,17629.38,16.603,7.345
port1139,TUR,east,port815,ok,,9938.597,16.603,2.182
port1139,TUR,gulf,port481,ok,,12866.039,16.603,3.635
port1142,ITA,west,port664,ok,,16748.138,13.393,7.345
port1142,ITA,east,port815,ok,,9057.355,13.393,2.182
port1142,ITA,gulf,port481,ok,,11984.797,13.393,3.635
port1143,PRI,west,port664,ok,,7451.15,1.964,7.345
port1143,PRI,east,port815,ok,,2613.159,1.964,2.182
port1143,PRI,gulf,port481,ok,,3249.702,1.964,3.635
port1144,MEX,west,port664,ok,,7294.627,43.895,7.345
port1144,MEX,east,port815,ok,,2806.843,43.895,2.182
port1144,MEX,gulf,port481,ok,,1500.695,43.895,3.635
port1145,ARG,west,port664,ok,,14072.43,4.35,7.345
port1145,ARG,east,port815,ok,,11156.468,4.35,2.182
port1145,ARG,gulf,port481,ok,,12240.22,4.35,3.635
port1146,CIV,west,port664,ok,,14153.661,1.241,7.345
port1146,CIV,east,port815,ok,,8259.548,1.241,2.182
port1146,CIV,gulf,port481,ok,,10236.885,1.241,3.635
port1147,DOM,west,port664,ok,,7179.255,15.566,7.345
port1147,DOM,east,port815,ok,,2758.83,15.566,2.182
port1147,DOM,gulf,port481,ok,,3193.074,15.566,3.635
port1148,NOR,west,port664,ok,,15270.873,89.092,7.345
port1148,NOR,east,port815,ok,,6516.625,89.092,2.182
port1148,NOR,gulf,port481,ok,,9758.689,89.092,3.635
port1150,RUS,west,port664,ok,,16541.841,4.091,7.345
port1150,RUS,east,port815,ok,,7837.341,4.091,2.182
port1150,RUS,gulf,port481,ok,,11079.405,4.091,3.635
port1151,CHN,west,port664,ok,,10898.466,32.483,7.345
port1151,CHN,east,port815,ok,,20000.716,32.483,2.182
port1151,CHN,gulf,port481,ok,,19125.733,32.483,3.635
port1152,ESP,west,port664,ok,,12536.143,23.968,7.345
port1152,ESP,east,port815,ok,,5584.563,23.968,2.182
port1152,ESP,gulf,port481,ok,,7894.623,23.968,3.635
port1153,ESP,west,port664,ok,,12749.327,18.367,7.345
port1153,ESP,east,port815,ok,,5797.747,18.367,2.182
port1153,ESP,gulf,port481,ok,,8107.807,18.367,3.635
port1154,COL,west,port664,ok,,6287.193,3.224,7.345
port1154,COL,east,port815,ok,,3980.352,3.224,2.182
port1154,COL,gulf,port481,ok,,3445.965,3.224,3.635
port1155,ESP,west,port664,ok,,13990.609,13.658,7.345
port1155,ESP,east,port815,ok,,5945.781,13.658,2.182
port1155,ESP,gulf,port481,ok,,9049.542,13.658,3.635
port1156,CUB,west,port664,ok,,6937.2,14.299,7.345
port1156,CUB,east,port815,ok,,2540.652,14.299,2.182
port1156,CUB,gulf,port481,ok,,2365.967,14.299,3.635
port1158,DOM,west,port664,ok,,7112.164,8.467,7.345
port1158,DOM,east,port815,ok,,2825.921,8.467,2.182
port1158,DOM,gulf,port481,ok,,3125.982,8.467,3.635
port1159,GTM,west,port664,ok,,7003.573,11.868,7.345
port1159,GTM,east,port815,ok,,3355.002,11.868,2.182
port1159,GTM,gulf,port481,ok,,2048.854,11.868,3.635
port1160,BRA,west,port664,ok,,14010.569,7.261,7.345
port1160,BRA,east,port815,ok,,9325.289,7.261,2.182
port1160,BRA,gulf,port481,ok,,10409.041,7.261,3.635
port1161,BRA,west,port664,ok,,14267.493,5.246,7.345
port1161,BRA,east,port815,ok,,9582.214,5.246,2.182
port1161,BRA,gulf,port481,ok,,10665.966,5.246,3.635
port1162,BRA,west,port664,ok,,13800.364,79.833,7.345
port1162,BRA,east,port815,ok,,9115.085,79.833,2.182
port1162,BRA,gulf,port481,ok,,10198.836,79.833,3.635
port1164,MYS,west,port664,ok,,13066.902,8.075,7.345
port1164,MYS,east,port815,ok,,20404.984,8.075,2.182
port1164,MYS,gulf,port481,ok,,21252.081,8.075,3.635
port1166,CAN,west,port664,ok,,12774.87,5.402,7.345
port1166,CAN,east,port815,ok,,3922.486,5.402,2.182
port1166,CAN,gulf,port481,ok,,7234.939,5.402,3.635
port1168,DEU,west,port664,ok,,15454.009,26.709,7.345
port1168,DEU,east,port815,ok,,6749.509,26.709,2.182
port1168,DEU,gulf,port481,ok,,9991.574,26.709,3.635
port1169,NOR,west,port664,ok,,14702.147,41.339,7.345
port1169,NOR,east,port815,ok,,5997.647,41.339,2.182
port1169,NOR,gulf,port481,ok,,9239.711,41.339,3.635
port1171,ITA,west,port664,ok,,15172.104,2.448,7.345
port1171,ITA,east,port815,ok,,7481.322,2.448,2.182
port1171,ITA,gulf,port481,ok,,10408.764,2.448,3.635
port1172,SDN,west,port664,ok,,18633.719,55.006,7.345
port1172,SDN,east,port815,ok,,10942.936,55.006,2.182
port1172,SDN,gulf,port481,ok,,13870.378,55.006,3.635
port1173,LBN,west,port664,ok,,17350.917,39.861,7.345
port1173,LBN,east,port815,ok,,9660.134,39.861,2.182
port1173,LBN,gulf,port481,ok,,12587.576,39.861,3.635
port1178,IDN,west,port664,ok,,14414.633,11.429,7.345
port1178,IDN,east,port815,ok,,18866.091,11.429,2.182
port1178,IDN,gulf,port481,ok,,21793.533,11.429,3.635
port1179,IDN,west,port664,ok,,14526.246,13.025,7.345
port1179,IDN,east,port815,ok,,19827.699,13.025,2.182
port1179,IDN,gulf,port481,ok,,22236.547,13.025,3.635
port1180,JPN,west,port664,ok,,8852.009,10.106,7.345
port1180,JPN,east,port815,ok,,17954.258,10.106,2.182
port1180,JPN,gulf,port481,ok,,17079.276,10.106,3.635
port1182,SGP,west,port664,ok,,14401.136,2.123,7.345
port1182,SGP,east,port815,ok,,18918.23,2.123,2.182
port1182,SGP,gulf,port481,ok,,21845.672,2.123,3.635
port1183,FRA,west,port664,ok,,14866.491,7.496,7.345
port1183,FRA,east,port815,ok,,7175.708,7.496,2.182
port1183,FRA,gulf,port481,ok,,10103.15,7.496,3.635
port1184,PRT,west,port664,ok,,13402.655,13.761,7.345
port1184,PRT,east,port815,ok,,5526.965,13.761,2.182
port1184,PRT,gulf,port481,ok,,8547.673,13.761,3.635
port1185,ESP,west,port664,ok,,13584.43,66.373,7.345
port1185,ESP,east,port815,ok,,5827.988,66.373,2.182
port1185,ESP,gulf,port481,ok,,8774.731,66.373,3.635
port1187,CHN,west,port664,ok,,11694.697,4.031,7.345
port1187,CHN,east,port815,ok,,20796.947,4.031,2.182
port1187,CHN,gulf,port481,ok,,19921.964,4.031,3.635
port1188,CHN,west,port664,ok,,10626.185,20.023,7.345
port1188,CHN,east,port815,ok,,19728.434,20.023,2.182
port1188,CHN,gulf,port481,ok,,18853.451,20.023,3.635
port1189,CHN,west,port664,ok,,12060.499,13.49,7.345
port1189,CHN,east,port815,ok,,21162.749,13.49,2.182
port1189,CHN,gulf,port481,ok,,20287.766,13.49,3.635
port1190,JPN,west,port664,ok,,10042.42,37.427,7.345
port1190,JPN,east,port815,ok,,19144.67,37.427,2.182
port1190,JPN,gulf,port481,ok,,18269.687,37.427,3.635
port1191,CHN,west,port664,ok,,10624.672,28.881,7.345
port1191,CHN,east,port815,ok,,19726.921,28.881,2.182
port1191,CHN,gulf,port481,ok,,18851.938,28.881,3.635
port1192,CHN,west,port664,ok,,11418.224,13.256,7.345
port1192,CHN,east,port815,ok,,20520.473,13.256,2.182
port1192,CHN,gulf,port481,ok,,19645.49,13.256,3.635
port1193,JPN,west,port664,ok,,9203.628,8.329,7.345
port1193,JPN,east,port815,ok,,18305.878,8.329,2.182
port1193,JPN,gulf,port481,ok,,17430.895,8.329,3.635
port1194,GBR,west,port664,ok,,14139.717,1.875,7.345
port1194,GBR,east,port815,ok,,5800.694,1.875,2.182
port1194,GBR,gulf,port481,ok,,9022.61,1.875,3.635
port1195,CHN,west,port664,ok,,11086.917,55.574,7.345
port1195,CHN,east,port815,ok,,20189.167,55.574,2.182
port1195,CHN,gulf,port481,ok,,19314.184,55.574,3.635
port1197,THA,west,port664,ok,,14522.045,5.43,7.345
port1197,THA,east,port815,ok,,20337.885,5.43,2.182
port1197,THA,gulf,port481,ok,,22749.312,5.43,3.635
port1198,IDN,west,port664,ok,,16157.409,226.291,7.345
port1198,IDN,east,port815,ok,,18087.858,226.291,2.182
port1198,IDN,gulf,port481,ok,,21015.3,226.291,3.635
port1200,PRT,west,port664,ok,,13361.807,7.991,7.345
port1200,PRT,east,port815,ok,,5553.414,7.991,2.182
port1200,PRT,gulf,port481,ok,,8549.53,7.991,3.635
port1201,SGP,west,port664,ok,,14440.02,3.744,7.345
port1201,SGP,east,port815,ok,,18861.674,3.744,2.182
port1201,SGP,gulf,port481,ok,,21789.116,3.744,3.635
port1203,BHR,west,port664,ok,,21297.52,7.064,7.345
port1203,BHR,east,port815,ok,,15361.547,7.064,2.182
port1203,BHR,gulf,port481,ok,,18288.988,7.064,3.635
port1204,DNK,west,port664,ok,,14973.211,12.309,7.345
port1204,DNK,east,port815,ok,,6268.711,12.309,2.182
port1204,DNK,gulf,port481,ok,,9510.775,12.309,3.635
port1205,SWE,west,port664,ok,,16662.895,1.855,7.345
port1205,SWE,east,port815,ok,,7958.395,1.855,2.182
port1205,SWE,gulf,port481,ok,,11200.459,1.855,3.635
port1207,SWE,west,port664,ok,,16219.022,13.577,7.345
port1207,SWE,east,port815,ok,,7514.522,13.577,2.182
port1207,SWE,gulf,port481,ok,,10756.586,13.577,3.635
port1209,SWE,west,port664,ok,,16057.625,39.903,7.345
port1209,SWE,east,port815,ok,,7353.125,39.903,2.182
port1209,SWE,gulf,port481,ok,,10595.189,39.903,3.635
port1210,SWE,west,port664,ok,,15572.813,23.13,7.345
port1210,SWE,east,port815,ok,,6868.313,23.13,2.182
port1210,SWE,gulf,port481,ok,,10110.377,23.13,3.635
port1211,THA,west,port664,ok,,14287.913,2.624,7.345
port1211,THA,east,port815,ok,,19908.559,2.624,2.182
port1211,THA,gulf,port481,ok,,22515.18,2.624,3.635
port1212,GRC,west,port664,ok,,16318.647,14.156,7.345
port1212,GRC,east,port815,ok,,8627.865,14.156,2.182
port1212,GRC,gulf,port481,ok,,11555.306,14.156,3.635
port1213,TUN,west,port664,ok,,15269.048,11.545,7.345
port1213,TUN,east,port815,ok,,7578.265,11.545,2.182
port1213,TUN,gulf,port481,ok,,10505.707,11.545,3.635
port1216,GBR,west,port664,ok,,14073.567,2.974,7.345
port1216,GBR,east,port815,ok,,5734.544,2.974,2.182
port1216,GBR,gulf,port481,ok,,8956.461,2.974,3.635
port1217,AGO,west,port664,ok,,16414.258,7.228,7.345
port1217,AGO,east,port815,ok,,10526.78,7.228,2.182
port1217,AGO,gulf,port481,ok,,12504.117,7.228,3.635
port1218,HRV,west,port664,ok,,16381.776,5.815,7.345
port1218,HRV,east,port815,ok,,8690.993,5.815,2.182
port1218,HRV,gulf,port481,ok,,11618.435,5.815,3.635
port1219,CAN,west,port664,ok,,9879.8,6.439,7.345
port1219,CAN,east,port815,ok,,966.834,6.439,2.182
port1219,CAN,gulf,port481,ok,,4339.87,6.439,3.635
port1220,CAN,west,port664,ok,,10809.405,21.812,7.345
port1220,CAN,east,port815,ok,,2055.156,21.812,2.182
port1220,CAN,gulf,port481,ok,,5297.22,21.812,3.635
port1221,ATG,west,port664,ok,,7778.221,11.274,7.345
port1221,ATG,east,port815,ok,,3105.104,11.274,2.182
port1221,ATG,gulf,port481,ok,,3743.71,11.274,3.635
port1222,FRA,west,port664,ok,,14049.449,3.446,7.345
port1222,FRA,east,port815,ok,,5749.548,3.446,2.182
port1222,FRA,gulf,port481,ok,,8964.353,3.446,3.635
port1223,GRD,west,port664,ok,,7644.295,17.145,7.345
port1223,GRD,east,port815,ok,,3560.648,17.145,2.182
port1223,GRD,gulf,port481,ok,,4054.391,17.145,3.635
port1224,IDN,west,port664,ok,,13613.757,47.575,7.345
port1224,IDN,east,port815,ok,,20604.385,47.575,2.182
port1224,IDN,gulf,port481,ok,,21662.852,47.575,3.635
port1225,NOR,west,port664,ok,,14684.061,12.617,7.345
port1225,NOR,east,port815,ok,,5979.561,12.617,2.182
port1225,NOR,gulf,port481,ok,,9221.625,12.617,3.635
port1226,NOR,west,port664,ok,,15235.383,23.989,7.345
port1226,NOR,east,port815,ok,,6530.883,23.989,2.182
port1226,NOR,gulf,port481,ok,,9772.947,23.989,3.635
port1228,SWE,west,port664,ok,,16057.625,10.665,7.345
port1228,SWE,east,port815,ok,,7353.125,10.665,2.182
port1228,SWE,gulf,port481,ok,,10595.189,10.665,3.635
port1230,SWE,west,port664,ok,,15616.145,81.84,7.345
port1230,SWE,east,port815,ok,,6911.645,81.84,2.182
port1230,SWE,gulf,port481,ok,,10153.709,81.84,3.635
port1232,PHL,west,port664,ok,,12308.933,4.001,7.345
port1232,PHL,east,port815,ok,,21305.396,4.001,2.182
port1232,PHL,gulf,port481,ok,,20501.593,4.001,3.635
port1234,GBR,west,port664,ok,,14652.382,11.724,7.345
port1234,GBR,east,port815,ok,,5947.882,11.724,2.182
port1234,GBR,gulf,port481,ok,,9189.946,11.724,3.635
port1235,SWE,west,port664,ok,,16286.387,87.144,7.345
port1235,SWE,east,port815,ok,,7581.887,87.144,2.182
port1235,SWE,gulf,port481,ok,,10823.951,87.144,3.635
port1237,IDN,west,port664,ok,,14335.937,9.124,7.345
port1237,IDN,east,port815,ok,,20094.111,9.124,2.182
port1237,IDN,gulf,port481,ok,,21939.14,9.124,3.635
port1238,PHL,west,port664,ok,,11842.659,12.05,7.345
port1238,PHL,east,port815,ok,,20902.821,12.05,2.182
port1238,PHL,gulf,port481,ok,,20027.838,12.05,3.635
port1240,FJI,west,port664,ok,,9200.352,29.319,7.345
port1240,FJI,east,port815,ok,,15606.459,29.319,2.182
port1240,FJI,gulf,port481,ok,,14731.476,29.319,3.635
port1242,POL,west,port664,ok,,15493.715,3.867,7.345
port1242,POL,east,port815,ok,,6789.215,3.867,2.182
port1242,POL,gulf,port481,ok,,10031.279,3.867,3.635
port1243,AUS,west,port664,ok,,12282.033,2.403,7.345
port1243,AUS,east,port815,ok,,18258.545,2.403,2.182
port1243,AUS,gulf,port481,ok,,17383.562,2.403,3.635
port1246,POL,west,port664,ok,,15493.715,58.945,7.345
port1246,POL,east,port815,ok,,6789.215,58.945,2.182
port1246,POL,gulf,port481,ok,,10031.279,58.945,3.635
port1249,RUS,west,port664,ok,,18016.303,13.032,7.345
port1249,RUS,east,port815,ok,,10325.52,13.032,2.182
port1249,RUS,gulf,port481,ok,,13252.962,13.032,3.635
port1252,TWN,west,port664,ok,,11266.571,9.917,7.345
port1252,TWN,east,port815,ok,,20368.82,9.917,2.182
port1252,TWN,gulf,port481,ok,,19493.837,9.917,3.635
port1253,CHN,west,port664,ok,,10712.055,6.276,7.345
port1253,CHN,east,port815,ok,,19814.305,6.276,2.182
port1253,CHN,gulf,port481,ok,,18939.322,6.276,3.635
port1254,JPN,west,port664,ok,,9664.407,8.998,7.345
port1254,JPN,east,port815,ok,,18766.656,8.998,2.182
port1254,JPN,gulf,port481,ok,,17891.673,8.998,3.635
port1255,GHA,west,port664,ok,,14710.655,49.704,7.345
port1255,GHA,east,port815,ok,,8816.543,49.704,2.182
port1255,GHA,gulf,port481,ok,,10793.879,49.704,3.635
port1258,EST,west,port664,ok,,16225.236,39.08,7.345
port1258,EST,east,port815,ok,,7520.736,39.08,2.182
port1258,EST,gulf,port481,ok,,10762.8,39.08,3.635
port1260,MEX,west,port664,ok,,8305.506,3.532,7.345
port1260,MEX,east,port815,ok,,3753.135,3.532,2.182
port1260,MEX,gulf,port481,ok,,1081.012,3.532,3.635
port1261,TWN,west,port664,ok,,11136.181,2.632,7.345
port1261,TWN,east,port815,ok,,20238.431,2.632,2.182
port1261,TWN,gulf,port481,ok,,19363.448,2.632,3.635
port1263,NOR,west,port664,ok,,14684.061,12.701,7.345
port1263,NOR,east,port815,ok,,5979.561,12.701,2.182
port1263,NOR,gulf,port481,ok,,9221.625,12.701,3.635
port1265,MAR,west,port664,ok,,13618.703,15.991,7.345
port1265,MAR,east,port815,ok,,5927.92,15.991,2.182
port1265,MAR,gulf,port481,ok,,8855.362,15.991,3.635
port1266,CHN,west,port664,ok,,10961.681,63.813,7.345
port1266,CHN,east,port815,ok,,20063.931,63.813,2.182
port1266,CHN,gulf,port481,ok,,19188.948,63.813,3.635
port1267,IDN,west,port664,ok,,14182.106,14.365,7.345
port1267,IDN,east,port815,ok,,20452.269,14.365,2.182
port1267,IDN,gulf,port481,ok,,21416.188,14.365,3.635
port1269,MYS,west,port664,ok,,14466.24,6.393,7.345
port1269,MYS,east,port815,ok,,18858.073,6.393,2.182
port1269,MYS,gulf,port481,ok,,21785.515,6.393,3.635
port1271,IDN,west,port664,ok,,14919.75,9.6,7.345
port1271,IDN,east,port815,ok,,19259.996,9.6,2.182
port1271,IDN,gulf,port481,ok,,22187.437,9.6,3.635
port1272,IDN,west,port664,ok,,13244.093,161.824,7.345
port1272,IDN,east,port815,ok,,21064.197,161.824,2.182
port1272,IDN,gulf,port481,ok,,21293.189,161.824,3.635
port1273,IDN,west,port664,ok,,14381.815,22.425,7.345
port1273,IDN,east,port815,ok,,18898.909,22.425,2.182
port1273,IDN,gulf,port481,ok,,21826.351,22.425,3.635
port1274,LBN,west,port664,ok,,17363.093,6.827,7.345
port1274,LBN,east,port815,ok,,9672.311,6.827,2.182
port1274,LBN,gulf,port481,ok,,12599.752,6.827,3.635
port1275,ITA,west,port664,ok,,15920.494,13.536,7.345
port1275,ITA,east,port815,ok,,8229.712,13.536,2.182
port1275,ITA,gulf,port481,ok,,11157.154,13.536,3.635
port1276,KIR,west,port664,ok,,8243.492,4.107,7.345
port1276,KIR,east,port815,ok,,16304.774,4.107,2.182
port1276,KIR,gulf,port481,ok,,15429.791,4.107,3.635
port1277,ESP,west,port664,ok,,14518.346,11.476,7.345
port1277,ESP,east,port815,ok,,6827.564,11.476,2.182
port1277,ESP,gulf,port481,ok,,9755.005,11.476,3.635
port1278,NZL,west,port664,ok,,10888.632,16.305,7.345
port1278,NZL,east,port815,ok,,16387.612,16.305,2.182
port1278,NZL,gulf,port481,ok,,15512.629,16.305,3.635
port1279,GBR,west,port664,ok,,14687.687,7.37,7.345
port1279,GBR,east,port815,ok,,5983.187,7.37,2.182
port1279,GBR,gulf,port481,ok,,9225.251,7.37,3.635
port1280,TUR,west,port664,ok,,16812.074,10.457,7.345
port1280,TUR,east,port815,ok,,9121.291,10.457,2.182
port1280,TUR,gulf,port481,ok,,12048.733,10.457,3.635
port1281,IDN,west,port664,ok,,15943.654,47.219,7.345
port1281,IDN,east,port815,ok,,18417.479,47.219,2.182
port1281,IDN,gulf,port481,ok,,21344.921,47.219,3.635
port1282,GHA,west,port664,ok,,14897.247,19.453,7.345
port1282,GHA,east,port815,ok,,9003.134,19.453,2.182
port1282,GHA,gulf,port481,ok,,10980.471,19.453,3.635
port1283,RUS,west,port664,ok,,17805.056,7.414,7.345
port1283,RUS,east,port815,ok,,10114.274,7.414,2.182
port1283,RUS,gulf,port481,ok,,13041.715,7.414,3.635
port1284,NLD,west,port664,ok,,14421.252,5.148,7.345
port1284,NLD,east,port815,ok,,6082.229,5.148,2.182
port1284,NLD,gulf,port481,ok,,9304.145,5.148,3.635
port1286,MYS,west,port664,ok,,13842.714,90.64,7.345
port1286,MYS,east,port815,ok,,19813.88,90.64,2.182
port1286,MYS,gulf,port481,ok,,22027.893,90.64,3.635
port1287,IDN,west,port664,ok,,12513.917,12.074,7.345
port1287,IDN,east,port815,ok,,20887.821,12.074,2.182
port1287,IDN,gulf,port481,ok,,20012.838,12.074,3.635
port1288,THA,west,port664,ok,,14853.888,5.24,7.345
port1288,THA,east,port815,ok,,20582.709,5.24,2.182
port1288,THA,gulf,port481,ok,,23081.155,5.24,3.635
port1289,GBR,west,port664,ok,,14340.174,12.185,7.345
port1289,GBR,east,port815,ok,,6001.151,12.185,2.182
port1289,GBR,gulf,port481,ok,,9223.068,12.185,3.635
port1290,NOR,west,port664,ok,,15155.303,17.98,7.345
port1290,NOR,east,port815,ok,,6450.803,17.98,2.182
port1290,NOR,gulf,port481,ok,,9692.867,17.98,3.635
port1291,VNM,west,port664,ok,,13525.168,48.641,7.345
port1291,VNM,east,port815,ok,,20027.007,48.641,2.182
port1291,VNM,gulf,port481,ok,,21752.434,48.641,3.635
port1293,GRC,west,port664,ok,,16738.718,2.431,7.345
port1293,GRC,east,port815,ok,,9047.935,2.431,2.182
port1293,GRC,gulf,port481,ok,,11975.377,2.431,3.635
port1295,CAN,west,port664,ok,,13663.171,4.151,7.345
port1295,CAN,east,port815,ok,,4810.787,4.151,2.182
port1295,CAN,gulf,port481,ok,,8123.24,4.151,3.635
port1296,DNK,west,port664,ok,,14939.163,20.649,7.345
port1296,DNK,east,port815,ok,,6234.663,20.649,2.182
port1296,DNK,gulf,port481,ok,,9476.727,20.649,3.635
port1297,CHN,west,port664,ok,,11086.917,11.459,7.345
port1297,CHN,east,port815,ok,,20189.167,11.459,2.182
port1297,CHN,gulf,port481,ok,,19314.184,11.459,3.635
port1298,GBR,west,port664,ok,,14376.38,0.955,7.345
port1298,GBR,east,port815,ok,,6037.358,0.955,2.182
port1298,GBR,gulf,port481,ok,,9259.274,0.955,3.635
port1299,NZL,west,port664,ok,,11589.629,10.105,7.345
port1299,NZL,east,port815,ok,,16748.087,10.105,2.182
port1299,NZL,gulf,port481,ok,,15873.104,10.105,3.635
port1301,MDG,west,port664,ok,,21424.159,4.688,7.345
port1301,MDG,east,port815,ok,,16386.671,4.688,2.182
port1301,MDG,gulf,port481,ok,,17963.062,4.688,3.635
port1303,JPN,west,port664,ok,,8337.404,66.948,7.345
port1303,JPN,east,port815,ok,,17439.654,66.948,2.182
port1303,JPN,gulf,port481,ok,,16564.671,66.948,3.635
port1304,JPN,west,port664,ok,,9893.796,34.0,7.345
port1304,JPN,east,port815,ok,,18996.046,34.0,2.182
port1304,JPN,gulf,port481,ok,,18121.063,34.0,3.635
port1305,JPN,west,port664,ok,,9132.149,12.985,7.345
port1305,JPN,east,port815,ok,,18234.399,12.985,2.182
port1305,JPN,gulf,port481,ok,,17359.416,12.985,3.635
port1308,JPN,west,port664,ok,,8502.206,19.478,7.345
port1308,JPN,east,port815,ok,,17604.455,19.478,2.182
port1308,JPN,gulf,port481,ok,,16729.472,19.478,3.635
port1309,KOR,west,port664,ok,,9650.512,36.936,7.345
port1309,KOR,east,port815,ok,,18752.762,36.936,2.182
port1309,KOR,gulf,port481,ok,,17877.779,36.936,3.635
port1311,FIN,west,port664,ok,,16790.727,4.068,7.345
port1311,FIN,east,port815,ok,,8086.227,4.068,2.182
port1311,FIN,gulf,port481,ok,,11328.291,4.068,3.635
port1312,CAN,west,port664,ok,,12213.746,9.389,7.345
port1312,CAN,east,port815,ok,,3361.363,9.389,2.182
port1312,CAN,gulf,port481,ok,,6673.816,9.389,3.635
port1313,TUR,west,port664,ok,,17385.63,3.974,7.345
port1313,TUR,east,port815,ok,,9694.847,3.974,2.182
port1313,TUR,gulf,port481,ok,,12622.289,3.974,3.635
port1314,ESP,west,port664,ok,,14141.793,2.347,7.345
port1314,ESP,east,port815,ok,,6451.01,2.347,2.182
port1314,ESP,gulf,port481,ok,,9378.452,2.347,3.635
port1315,AUS,west,port664,ok,,12169.943,2.382,7.345
port1315,AUS,east,port815,ok,,19379.28,2.382,2.182
port1315,AUS,gulf,port481,ok,,18504.297,2.382,3.635
port1316,TUR,west,port664,ok,,17883.501,13.228,7.345
port1316,TUR,east,port815,ok,,10192.718,13.228,2.182
port1316,TUR,gulf,port481,ok,,13120.16,13.228,3.635
port1317,SWE,west,port664,ok,,15332.065,1.094,7.345
port1317,SWE,east,port815,ok,,6627.565,1.094,2.182
port1317,SWE,gulf,port481,ok,,9869.629,1.094,3.635
port1318,ITA,west,port664,ok,,16758.042,2.081,7.345
port1318,ITA,east,port815,ok,,9067.259,2.081,2.182
port1318,ITA,gulf,port481,ok,,11994.701,2.081,3.635
port1320,CAN,west,port664,ok,,11574.127,23.301,7.345
port1320,CAN,east,port815,ok,,2721.743,23.301,2.182
port1320,CAN,gulf,port481,ok,,6034.197,23.301,3.635
port1321,NOR,west,port664,ok,,15541.883,33.22,7.345
port1321,NOR,east,port815,ok,,6787.634,33.22,2.182
port1321,NOR,gulf,port481,ok,,10029.698,33.22,3.635
port1322,NOR,west,port664,ok,,15180.644,3.819,7.345
port1322,NOR,east,port815,ok,,6476.144,3.819,2.182
port1322,NOR,gulf,port481,ok,,9718.208,3.819,3.635
port1323,GRC,west,port664,ok,,16621.884,21.48,7.345
port1323,GRC,east,port815,ok,,8931.101,21.48,2.182
port1323,GRC,gulf,port481,ok,,11858.543,21.48,3.635
port1325,JPN,west,port664,ok,,9359.705,17.403,7.345
port1325,JPN,east,port815,ok,,18461.955,17.403,2.182
port1325,JPN,gulf,port481,ok,,17586.972,17.403,3.635
port1326,RUS,west,port664,ok,,17817.925,14.267,7.345
port1326,RUS,east,port815,ok,,10127.142,14.267,2.182
port1326,RUS,gulf,port481,ok,,13054.584,14.267,3.635
port1328,BRA,west,port664,ok,,13006.615,82.237,7.345
port1328,BRA,east,port815,ok,,8321.336,82.237,2.182
port1328,BRA,gulf,port481,ok,,9405.087,82.237,3.635
port1329,TUN,west,port664,ok,,15091.508,15.348,7.345
port1329,TUN,east,port815,ok,,7400.725,15.348,2.182
port1329,TUN,gulf,port481,ok,,10328.167,15.348,3.635
port1330,TKM,west,port664,ok,,19823.205,35.713,7.345
port1330,TKM,east,port815,ok,,12132.422,35.713,2.182
port1330,TKM,gulf,port481,ok,,15059.864,35.713,3.635
port1331,IND,west,port664,ok,,17657.016,9.083,7.345
port1331,IND,east,port815,ok,,15909.184,9.083,2.182
port1331,IND,gulf,port481,ok,,18836.626,9.083,3.635
port1332,MEX,west,port664,ok,,8305.506,152.571,7.345
port1332,MEX,east,port815,ok,,3753.135,152.571,2.182
port1332,MEX,gulf,port481,ok,,1081.012,152.571,3.635
port1334,GBR,west,port664,ok,,14652.382,3.427,7.345
port1334,GBR,east,port815,ok,,5947.882,3.427,2.182
port1334,GBR,gulf,port481,ok,,9189.946,3.427,3.635
port1335,JPN,west,port664,ok,,9886.083,16.651,7.345
port1335,JPN,east,port815,ok,,18988.332,16.651,2.182
port1335,JPN,gulf,port481,ok,,18113.349,16.651,3.635
port1336,IDN,west,port664,ok,,13807.436,91.997,7.345
port1336,IDN,east,port815,ok,,20746.032,91.997,2.182
port1336,IDN,gulf,port481,ok,,21184.498,91.997,3.635
port1337,IDN,west,port664,ok,,15921.606,144.477,7.345
port1337,IDN,east,port815,ok,,17852.054,144.477,2.182
port1337,IDN,gulf,port481,ok,,20779.496,144.477,3.635
port1338,KOR,west,port664,ok,,9765.425,2.976,7.345
port1338,KOR,east,port815,ok,,18867.675,2.976,2.182
port1338,KOR,gulf,port481,ok,,17992.692,2.976,3.635
port1339,SWE,west,port664,ok,,16438.262,52.437,7.345
port1339,SWE,east,port815,ok,,7733.762,52.437,2.182
port1339,SWE,gulf,port481,ok,,10975.826,52.437,3.635
port1340,ARE,west,port664,ok,,20833.528,24.024,7.345
port1340,ARE,east,port815,ok,,14897.554,24.024,2.182
port1340,ARE,gulf,port481,ok,,17824.996,24.024,3.635
port1341,IRQ,west,port664,ok,,21719.67,7.325,7.345
port1341,IRQ,east,port815,ok,,15783.697,7.325,2.182
port1341,IRQ,gulf,port481,ok,,18711.138,7.325,3.635
port1342,QAT,west,port664,ok,,21234.277,39.01,7.345
port1342,QAT,east,port815,ok,,15298.303,39.01,2.182
port1342,QAT,gulf,port481,ok,,18225.745,39.01,3.635
port1344,PYF,west,port664,ok,,6910.593,4.475,7.345
port1344,PYF,east,port815,ok,,12336.373,4.475,2.182
port1344,PYF,gulf,port481,ok,,11461.39,4.475,3.635
port1346,FIN,west,port664,ok,,16490.38,4.714,7.345
port1346,FIN,east,port815,ok,,7785.88,4.714,2.182
port1346,FIN,gulf,port481,ok,,11027.944,4.714,3.635
port1348,ESP,west,port664,ok,,14345.196,1.73,7.345
port1348,ESP,east,port815,ok,,6654.414,1.73,2.182
port1348,ESP,gulf,port481,ok,,9581.855,1.73,3.635
port1349,MLT,west,port664,ok,,15466.312,5.09,7.345
port1349,MLT,east,port815,ok,,7775.529,5.09,2.182
port1349,MLT,gulf,port481,ok,,10702.971,5.09,3.635
port1350,CAN,west,port664,ok,,2323.1,0.608,7.345
port1350,CAN,east,port815,ok,,11553.581,0.608,2.182
port1350,CAN,gulf,port481,ok,,10678.598,0.608,3.635
port1352,PNG,west,port664,ok,,11762.143,82.512,7.345
port1352,PNG,east,port815,ok,,19884.529,82.512,2.182
port1352,PNG,gulf,port481,ok,,19009.546,82.512,3.635
port1353,SWE,west,port664,ok,,15133.364,4.131,7.345
port1353,SWE,east,port815,ok,,6428.864,4.131,2.182
port1353,SWE,gulf,port481,ok,,9670.928,4.131,3.635
port1355,BGR,west,port664,ok,,17229.452,3.675,7.345
port1355,BGR,east,port815,ok,,9538.669,3.675,2.182
port1355,BGR,gulf,port481,ok,,12466.111,3.675,3.635
port1356,SWE,west,port664,ok,,15922.604,105.451,7.345
port1356,SWE,east,port815,ok,,7218.104,105.451,2.182
port1356,SWE,gulf,port481,ok,,10460.168,105.451,3.635
port1357,LVA,west,port664,ok,,15931.045,33.586,7.345
port1357,LVA,east,port815,ok,,7226.545,33.586,2.182
port1357,LVA,gulf,port481,ok,,10468.609,33.586,3.635
port1358,MEX,west,port664,ok,,8225.082,6.728,7.345
port1358,MEX,east,port815,ok,,3672.71,6.728,2.182
port1358,MEX,gulf,port481,ok,,1227.479,6.728,3.635
port1360,MYS,west,port664,ok,,13257.044,24.278,7.345
port1360,MYS,east,port815,ok,,20273.038,24.278,2.182
port1360,MYS,gulf,port481,ok,,21442.223,24.278,3.635
port1361,SYC,west,port664,ok,,20449.118,18.163,7.345
port1361,SYC,east,port815,ok,,14806.672,18.163,2.182
port1361,SYC,gulf,port481,ok,,17734.113,18.163,3.635
port1362,LCA,west,port664,ok,,7855.596,23.983,7.345
port1362,LCA,east,port815,ok,,3373.562,23.983,2.182
port1362,LCA,gulf,port481,ok,,4010.105,23.983,3.635
port1363,ESP,west,port664,ok,,13593.533,6.692,7.345
port1363,ESP,east,port815,ok,,5603.749,6.692,2.182
port1363,ESP,gulf,port481,ok,,8652.466,6.692,3.635
port1364,NOR,west,port664,ok,,14684.537,66.333,7.345
port1364,NOR,east,port815,ok,,5980.037,66.333,2.182
port1364,NOR,gulf,port481,ok,,9222.101,66.333,3.635
port1365,ESP,west,port664,ok,,13593.008,21.737,7.345
port1365,ESP,east,port815,ok,,5603.225,21.737,2.182
port1365,ESP,gulf,port481,ok,,8651.941,21.737,3.635
port1366,PHL,west,port664,ok,,12043.85,11.694,7.345
port1366,PHL,east,port815,ok,,21104.012,11.694,2.182
port1366,PHL,gulf,port481,ok,,20229.029,11.694,3.635
port1367,IND,west,port664,ok,,17326.518,17.189,7.345
port1367,IND,east,port815,ok,,17560.925,17.189,2.182
port1367,IND,gulf,port481,ok,,20488.367,17.189,3.635
port1368,BRA,west,port664,ok,,13006.615,94.056,7.345
port1368,BRA,east,port815,ok,,8321.336,94.056,2.182
port1368,BRA,gulf,port481,ok,,9405.087,94.056,3.635
port1369,RUS,west,port664,ok,,9375.893,13.317,7.345
port1369,RUS,east,port815,ok,,18478.143,13.317,2.182
port1369,RUS,gulf,port481,ok,,17603.16,13.317,3.635
port1370,NLD,west,port664,ok,,14407.985,4.996,7.345
port1370,NLD,east,port815,ok,,6068.962,4.996,2.182
port1370,NLD,gulf,port481,ok,,9290.878,4.996,3.635
port1372,NCL,west,port664,ok,,10510.947,123.461,7.345
port1372,NCL,east,port815,ok,,17160.801,123.461,2.182
port1372,NCL,gulf,port481,ok,,16285.818,123.461,3.635
port1373,GRC,west,port664,ok,,16621.884,1.784,7.345
port1373,GRC,east,port815,ok,,8931.101,1.784,2.182
port1373,GRC,gulf,port481,ok,,11858.543,1.784,3.635
port1374,RUS,west,port664,ok,,9149.882,52.991,7.345
port1374,RUS,east,port815,ok,,18252.132,52.991,2.182
port1374,RUS,gulf,port481,ok,,17377.149,52.991,3.635
port1375,VNM,west,port664,ok,,13525.168,26.502,7.345
port1375,VNM,east,port815,ok,,20027.007,26.502,2.182
port1375,VNM,gulf,port481,ok,,21752.434,26.502,3.635
port1376,RUS,west,port664,ok,,16469.093,17.774,7.345
port1376,RUS,east,port815,ok,,7764.593,17.774,2.182
port1376,RUS,gulf,port481,ok,,11006.657,17.774,3.635
port1377,IDN,west,port664,ok,,14184.354,90.437,7.345
port1377,IDN,east,port815,ok,,20744.304,90.437,2.182
port1377,IDN,gulf,port481,ok,,21056.958,90.437,3.635
port1378,JPN,west,port664,ok,,9834.352,5.742,7.345
port1378,JPN,east,port815,ok,,18936.601,5.742,2.182
port1378,JPN,gulf,port481,ok,,18061.618,5.742,3.635
port1379,JPN,west,port664,ok,,9613.1,21.709,7.345
port1379,JPN,east,port815,ok,,18715.35,21.709,2.182
port1379,JPN,gulf,port481,ok,,17840.367,21.709,3.635
port1381,NAM,west,port664,ok,,17177.129,13.324,7.345
port1381,NAM,east,port815,ok,,11976.337,13.324,2.182
port1381,NAM,gulf,port481,ok,,13575.601,13.324,3.635
port1382,GBR,west,port664,ok,,14080.794,4.115,7.345
port1382,GBR,east,port815,ok,,5617.887,4.115,2.182
port1382,GBR,gulf,port481,ok,,8859.951,4.115,3.635
port1383,NGA,west,port664,ok,,15423.276,34.913,7.345
port1383,NGA,east,port815,ok,,9529.164,34.913,2.182
port1383,NGA,gulf,port481,ok,,11506.5,34.913,3.635
port1384,IRL,west,port664,ok,,13773.848,16.7,7.345
port1384,IRL,east,port815,ok,,5310.941,16.7,2.182
port1384,IRL,gulf,port481,ok,,8553.006,16.7,3.635
port1385,CHN,west,port664,ok,,10989.833,18.084,7.345
port1385,CHN,east,port815,ok,,20092.083,18.084,2.182
port1385,CHN,gulf,port481,ok,,19217.1,18.084,3.635
port1386,CHN,west,port664,ok,,10689.195,40.687,7.345
port1386,CHN,east,port815,ok,,19791.445,40.687,2.182
port1386,CHN,gulf,port481,ok,,18916.462,40.687,3.635
port1388,NZL,west,port664,ok,,11207.805,39.428,7.345
port1388,NZL,east,port815,ok,,16366.263,39.428,2.182
port1388,NZL,gulf,port481,ok,,15491.28,39.428,3.635
port1390,CHN,west,port664,ok,,11023.55,39.429,7.345
port1390,CHN,east,port815,ok,,20125.799,39.429,2.182
port1390,CHN,gulf,port481,ok,,19250.816,39.429,3.635
port1392,PNG,west,port664,ok,,11652.276,74.721,7.345
port1392,PNG,east,port815,ok,,19533.205,74.721,2.182
port1392,PNG,gulf,port481,ok,,18658.222,74.721,3.635
port1393,NZL,west,port664,ok,,10661.547,4.381,7.345
port1393,NZL,east,port815,ok,,16483.961,4.381,2.182
port1393,NZL,gulf,port481,ok,,15608.978,4.381,3.635
port1396,DEU,west,port664,ok,,14879.433,11.097,7.345
port1396,DEU,east,port815,ok,,6398.221,11.097,2.182
port1396,DEU,gulf,port481,ok,,9640.285,11.097,3.635
port1397,CUW,west,port664,ok,,6892.599,15.348,7.345
port1397,CUW,east,port815,ok,,3553.745,15.348,2.182
port1397,CUW,gulf,port481,ok,,3489.807,15.348,3.635
port1400,GBR,west,port664,ok,,14601.912,16.889,7.345
port1400,GBR,east,port815,ok,,6201.399,16.889,2.182
port1400,GBR,gulf,port481,ok,,9443.463,16.889,3.635
port1401,DEU,west,port664,ok,,15462.201,37.687,7.345
port1401,DEU,east,port815,ok,,6757.701,37.687,2.182
port1401,DEU,gulf,port481,ok,,9999.765,37.687,3.635
port1402,GBR,west,port664,ok,,14181.558,2.176,7.345
port1402,GBR,east,port815,ok,,5718.651,2.176,2.182
port1402,GBR,gulf,port481,ok,,8960.715,2.176,3.635
port1403,CHN,west,port664,ok,,11198.032,11.986,7.345
port1403,CHN,east,port815,ok,,20300.282,11.986,2.182
port1403,CHN,gulf,port481,ok,,19425.299,11.986,3.635
port1404,CHN,west,port664,ok,,11479.473,10.677,7.345
port1404,CHN,east,port815,ok,,20581.723,10.677,2.182
port1404,CHN,gulf,port481,ok,,19706.74,10.677,3.635
port1405,CHN,west,port664,ok,,11359.921,8.091,7.345
port1405,CHN,east,port815,ok,,20462.17,8.091,2.182
port1405,CHN,gulf,port481,ok,,19587.188,8.091,3.635
port1406,TUR,west,port664,ok,,17393.191,14.014,7.345
port1406,TUR,east,port815,ok,,9702.408,14.014,2.182
port1406,TUR,gulf,port481,ok,,12629.85,14.014,3.635
port1407,TUR,west,port664,ok,,16962.884,7.115,7.345
port1407,TUR,east,port815,ok,,9272.101,7.115,2.182
port1407,TUR,gulf,port481,ok,,12199.543,7.115,3.635
port1409,CHN,west,port664,ok,,12543.704,21.579,7.345
port1409,CHN,east,port815,ok,,21174.576,21.579,2.182
port1409,CHN,gulf,port481,ok,,20770.971,21.579,3.635
port1410,CHN,west,port664,ok,,10760.286,2.673,7.345
port1410,CHN,east,port815,ok,,19862.535,2.673,2.182
port1410,CHN,gulf,port481,ok,,18987.552,2.673,3.635
port1411,JPN,west,port664,ok,,10132.271,28.002,7.345
port1411,JPN,east,port815,ok,,19234.52,28.002,2.182
port1411,JPN,gulf,port481,ok,,18359.537,28.002,3.635
port1413,RUS,west,port664,ok,,17907.031,47.738,7.345
port1413,RUS,east,port815,ok,,10216.248,47.738,2.182
port1413,RUS,gulf,port481,ok,,13143.69,47.738,3.635
port1414,CHN,west,port664,ok,,11929.463,5.282,7.345
port1414,CHN,east,port815,ok,,21031.712,5.282,2.182
port1414,CHN,gulf,port481,ok,,20156.729,5.282,3.635
port1415,CHN,west,port664,ok,,11094.031,10.044,7.345
port1415,CHN,east,port815,ok,,20196.28,10.044,2.182
port1415,CHN,gulf,port481,ok,,19321.297,10.044,3.635
port1416,JPN,west,port664,ok,,9384.809,11.172,7.345
port1416,JPN,east,port815,ok,,18487.059,11.172,2.182
port1416,JPN,gulf,port481,ok,,17612.076,11.172,3.635
port1417,JPN,west,port664,ok,,9111.562,7.003,7.345
port1417,JPN,east,port815,ok,,18213.811,7.003,2.182
port1417,JPN,gulf,port481,ok,,17338.828,7.003,3.635
port1419,UKR,west,port664,ok,,17562.304,12.849,7.345
port1419,UKR,east,port815,ok,,9871.521,12.849,2.182
port1419,UKR,gulf,port481,ok,,12798.963,12.849,3.635
port1420,PHL,west,port664,ok,,12454.841,21.8,7.345
port1420,PHL,east,port815,ok,,21101.267,21.8,2.182
port1420,PHL,gulf,port481,ok,,20640.02,21.8,3.635
port1421,TZA,west,port664,ok,,22110.346,26.372,7.345
port1421,TZA,east,port815,ok,,15453.934,26.372,2.182
port1421,TZA,gulf,port481,ok,,18381.376,26.372,3.635
port1422,ARG,west,port664,ok,,13990.496,37.221,7.345
port1422,ARG,east,port815,ok,,11074.534,37.221,2.182
port1422,ARG,gulf,port481,ok,,12158.285,37.221,3.635
port1423,TUN,west,port664,ok,,15485.505,58.561,7.345
port1423,TUN,east,port815,ok,,7794.722,58.561,2.182
port1423,TUN,gulf,port481,ok,,10722.164,58.561,3.635
port1424,BEL,west,port664,ok,,14385.719,23.298,7.345
port1424,BEL,east,port815,ok,,6046.696,23.298,2.182
port1424,BEL,gulf,port481,ok,,9268.612,23.298,3.635
port1425,CHN,west,port664,ok,,10791.375,9.034,7.345
port1425,CHN,east,port815,ok,,19893.624,9.034,2.182
port1425,CHN,gulf,port481,ok,,19018.641,9.034,3.635
port1426,CHN,west,port664,ok,,12419.279,2.066,7.345
port1426,CHN,east,port815,ok,,21491.342,2.066,2.182
port1426,CHN,gulf,port481,ok,,20646.546,2.066,3.635
port1427,CHN,west,port664,ok,,10753.213,15.055,7.345
port1427,CHN,east,port815,ok,,19855.463,15.055,2.182
port1427,CHN,gulf,port481,ok,,18980.48,15.055,3.635
port1428,CHN,west,port664,ok,,10760.286,34.427,7.345
port1428,CHN,east,port815,ok,,19862.535,34.427,2.182
port1428,CHN,gulf,port481,ok,,18987.552,34.427,3.635
port1429,CHN,west,port664,ok,,10726.205,12.263,7.345
port1429,CHN,east,port815,ok,,19828.455,12.263,2.182
port1429,CHN,gulf,port481,ok,,18953.472,12.263,3.635
port1430,TUR,west,port664,ok,,17279.373,106.356,7.345
port1430,TUR,east,port815,ok,,9588.591,106.356,2.182
port1430,TUR,gulf,port481,ok,,12516.032,106.356,3.635
port1431,ESP,west,port664,ok,,14477.525,5.534,7.345
port1431,ESP,east,port815,ok,,6786.742,5.534,2.182
port1431,ESP,gulf,port481,ok,,9714.184,5.534,3.635
port1432,CHL,west,port664,ok,,10925.554,31.175,7.345
port1432,CHL,east,port815,ok,,11177.144,31.175,2.182
port1432,CHL,gulf,port481,ok,,10302.161,31.175,3.635
port2001,UKR,west,port664,ok,,17300.527,130.282,7.345
port2001,UKR,east,port815,ok,,9609.744,130.282,2.182
port2001,UKR,gulf,port481,ok,,12537.186,130.282,3.635
port2002,UKR,west,port664,ok,,17300.527,143.286,7.345
port2002,UKR,east,port815,ok,,9609.744,143.286,2.182
port2002,UKR,gulf,port481,ok,,12537.186,143.286,3.635
port2003,UKR,west,port664,ok,,17632.353,25.853,7.345
port2003,UKR,east,port815,ok,,9941.57,25.853,2.182
port2003,UKR,gulf,port481,ok,,12869.012,25.853,3.635
port2004,UKR,west,port664,ok,,17632.353,56.473,7.345
port2004,UKR,east,port815,ok,,9941.57,56.473,2.182
port2004,UKR,gulf,port481,ok,,12869.012,56.473,3.635
port2005,MDA,west,port664,ok,,17300.527,149.894,7.345
port2005,MDA,east,port815,ok,,9609.744,149.894,2.182
port2005,MDA,gulf,port481,ok,,12537.186,149.894,3.635
port2006,ROU,west,port664,ok,,17300.527,114.183,7.345
port2006,ROU,east,port815,ok,,9609.744,114.183,2.182
port2006,ROU,gulf,port481,ok,,12537.186,114.183,3.635
port2007,ROU,west,port664,ok,,17300.527,149.469,7.345
port2007,ROU,east,port815,ok,,9609.744,149.469,2.182
port2007,ROU,gulf,port481,ok,,12537.186,149.469,3.635
port2008,ROU,west,port664,ok,,17300.527,146.468,7.345
port2008,ROU,east,port815,ok,,9609.744,146.468,2.182
port2008,ROU,gulf,port481,ok,,12537.186,146.468,3.635
port2009,ROU,west,port664,ok,,17300.527,135.922,7.345
port2009,ROU,east,port815,ok,,9609.744,135.922,2.182
port2009,ROU,gulf,port481,ok,,12537.186,135.922,3.635
port2010,RUS,west,port664,ok,,18033.569,9.929,7.345
port2010,RUS,east,port815,ok,,10342.786,9.929,2.182
port2010,RUS,gulf,port481,ok,,13270.228,9.929,3.635
port2011,NZL,west,port664,ok,,11707.543,35.954,7.345
port2011,NZL,east,port815,ok,,16653.765,35.954,2.182
port2011,NZL,gulf,port481,ok,,15778.782,35.954,3.635
port2013,CRI,west,port664,ok,,5928.108,13.697,7.345
port2013,CRI,east,port815,ok,,3926.878,13.697,2.182
port2013,CRI,gulf,port481,ok,,2689.302,13.697,3.635
port2015,ITA,west,port664,ok,,15264.096,5.798,7.345
port2015,ITA,east,port815,ok,,7573.313,5.798,2.182
port2015,ITA,gulf,port481,ok,,10500.755,5.798,3.635
port2017,JPN,west,port664,ok,,9851.197,2.613,7.345
port2017,JPN,east,port815,ok,,18953.447,2.613,2.182
port2017,JPN,gulf,port481,ok,,18078.464,2.613,3.635
port2018,DNK,west,port664,ok,,15427.303,3.313,7.345
port2018,DNK,east,port815,ok,,6722.803,3.313,2.182
port2018,DNK,gulf,port481,ok,,9964.868,3.313,3.635
port2019,CHN,west,port664,ok,,12108.852,3.578,7.345
port2019,CHN,east,port815,ok,,21211.102,3.578,2.182
port2019,CHN,gulf,port481,ok,,20336.119,3.578,3.635
port2020,CHN,west,port664,ok,,10914.925,46.865,7.345
port2020,CHN,east,port815,ok,,20017.175,46.865,2.182
port2020,CHN,gulf,port481,ok,,19142.192,46.865,3.635
port2025,ARE,west,port664,ok,,21071.635,49.972,7.345
port2025,ARE,east,port815,ok,,15135.662,49.972,2.182
port2025,ARE,gulf,port481,ok,,18063.104,49.972,3.635
port2026,QAT,west,port664,ok,,21234.277,33.359,7.345
port2026,QAT,east,port815,ok,,15298.303,33.359,2.182
port2026,QAT,gulf,port481,ok,,18225.745,33.359,3.635
port2027,CHN,west,port664,ok,,10649.654,15.656,7.345
port2027,CHN,east,port815,ok,,19751.903,15.656,2.182
port2027,CHN,gulf,port481,ok,,18876.92,15.656,3.635
port2028,CHN,west,port664,ok,,12067.687,5.397,7.345
port2028,CHN,east,port815,ok,,21169.936,5.397,2.182
port2028,CHN,gulf,port481,ok,,20294.953,5.397,3.635
port2029,CHN,west,port664,ok,,12067.687,12.304,7.345
port2029,CHN,east,port815,ok,,21169.936,12.304,2.182
port2029,CHN,gulf,port481,ok,,20294.953,12.304,3.635
port2031,SAU,west,port664,ok,,18484.56,116.545,7.345
port2031,SAU,east,port815,ok,,10793.777,116.545,2.182
port2031,SAU,gulf,port481,ok,,13721.219,116.545,3.635
port2032,ECU,west,port664,ok,,6094.177,16.572,7.345
port2032,ECU,east,port815,ok,,5267.414,16.572,2.182
port2032,ECU,gulf,port481,ok,,4392.431,16.572,3.635
port2033,KOR,west,port664,ok,,9968.637,7.06,7.345
port2033,KOR,east,port815,ok,,19070.887,7.06,2.182
port2033,KOR,gulf,port481,ok,,18195.904,7.06,3.635
port2034,TUR,west,port664,ok,,16982.919,3.072,7.345
port2034,TUR,east,port815,ok,,9292.137,3.072,2.182
port2034,TUR,gulf,port481,ok,,12219.578,3.072,3.635
port2035,BRA,west,port664,ok,,14251.651,7.518,7.345
port2035,BRA,east,port815,ok,,9566.372,7.518,2.182
port2035,BRA,gulf,port481,ok,,10650.123,7.518,3.635
port2036,THA,west,port664,ok,,14522.045,6.401,7.345
port2036,THA,east,port815,ok,,20337.885,6.401,2.182
port2036,THA,gulf,port481,ok,,22749.312,6.401,3.635
port2037,TUR,west,port664,ok,,16962.884,2.368,7.345
port2037,TUR,east,port815,ok,,9272.101,2.368,2.182
port2037,TUR,gulf,port481,ok,,12199.543,2.368,3.635
port2038,IND,west,port664,ok,,17385.167,36.855,7.345
port2038,IND,east,port815,ok,,17100.892,36.855,2.182
port2038,IND,gulf,port481,ok,,20028.334,36.855,3.635
port2039,IND,west,port664,ok,,19249.858,10.963,7.345
port2039,IND,east,port815,ok,,15294.223,10.963,2.182
port2039,IND,gulf,port481,ok,,18221.665,10.963,3.635
port2040,JPN,west,port664,ok,,10586.551,20.34,7.345
port2040,JPN,east,port815,ok,,19688.8,20.34,2.182
port2040,JPN,gulf,port481,ok,,18813.817,20.34,3.635
port2041,JPN,west,port664,ok,,9194.065,13.881,7.345
port2041,JPN,east,port815,ok,,18296.314,13.881,2.182
port2041,JPN,gulf,port481,ok,,17421.331,13.881,3.635
port2042,VNM,west,port664,ok,,12817.744,79.618,7.345
port2042,VNM,east,port815,ok,,20722.302,79.618,2.182
port2042,VNM,gulf,port481,ok,,21045.011,79.618,3.635
port2043,TUR,west,port664,ok,,16970.945,0.728,7.345
port2043,TUR,east,port815,ok,,9280.163,0.728,2.182
port2043,TUR,gulf,port481,ok,,12207.604,0.728,3.635
port2044,EGY,west,port664,ok,,16945.94,8.491,7.345
port2044,EGY,east,port815,ok,,9255.157,8.491,2.182
port2044,EGY,gulf,port481,ok,,12182.599,8.491,3.635
port2045,BRA,west,port664,ok,,13653.613,69.132,7.345
port2045,BRA,east,port815,ok,,8968.334,69.132,2.182
port2045,BRA,gulf,port481,ok,,10052.085,69.132,3.635
port2046,BRA,west,port664,ok,,9896.632,7.726,7.345
port2046,BRA,east,port815,ok,,5729.286,7.726,2.182
port2046,BRA,gulf,port481,ok,,6314.559,7.726,3.635
port2047,TUN,west,port664,ok,,15091.508,13.733,7.345
port2047,TUN,east,port815,ok,,7400.725,13.733,2.182
port2047,TUN,gulf,port481,ok,,10328.167,13.733,3.635
port2048,PAN,west,port664,ok,,5872.986,51.316,7.345
port2048,PAN,east,port815,ok,,3906.741,51.316,2.182
port2048,PAN,gulf,port481,ok,,3031.758,51.316,3.635
port2049,TUR,west,port664,ok,,16898.758,0.927,7.345
port2049,TUR,east,port815,ok,,9207.975,0.927,2.182
port2049,TUR,gulf,port481,ok,,12135.417,0.927,3.635
port2054,CHL,west,port664,ok,,8731.981,146.987,7.345
port2054,CHL,east,port815,ok,,8287.03,146.987,2.182
port2054,CHL,gulf,port481,ok,,7412.047,146.987,3.635
port2055,PHL,west,port664,ok,,12053.202,100.945,7.345
port2055,PHL,east,port815,ok,,21120.845,100.945,2.182
port2055,PHL,gulf,port481,ok,,20245.862,100.945,3.635
port2057,JPN,west,port664,ok,,9834.352,4.262,7.345
port2057,JPN,east,port815,ok,,18936.601,4.262,2.182
port2057,JPN,gulf,port481,ok,,18061.618,4.262,3.635
port2059,ESP,west,port664,ok,,13867.383,0.758,7.345
port2059,ESP,east,port815,ok,,6176.6,0.758,2.182
port2059,ESP,gulf,port481,ok,,9104.042,0.758,3.635
port2063,ZAF,west,port664,ok,,18370.999,13.336,7.345
port2063,ZAF,east,port815,ok,,13516.873,13.336,2.182
port2063,ZAF,gulf,port481,ok,,14769.471,13.336,3.635
port2064,DEU,west,port664,ok,,14875.917,7.092,7.345
port2064,DEU,east,port815,ok,,6394.705,7.092,2.182
port2064,DEU,gulf,port481,ok,,9636.769,7.092,3.635
port2067,KWT,west,port664,ok,,21633.419,2.532,7.345
port2067,KWT,east,port815,ok,,15697.445,2.532,2.182
port2067,KWT,gulf,port481,ok,,18624.887,2.532,3.635
port2068,DEU,west,port664,ok,,15479.868,22.183,7.345
port2068,DEU,east,port815,ok,,6775.368,22.183,2.182
port2068,DEU,gulf,port481,ok,,10017.432,22.183,3.635
port2070,SWE,west,port664,ok,,15035.566,18.089,7.345
port2070,SWE,east,port815,ok,,6331.066,18.089,2.182
port2070,SWE,gulf,port481,ok,,9573.13,18.089,3.635
port2073,SOM,west,port664,ok,,21770.376,85.823,7.345
port2073,SOM,east,port815,ok,,14690.563,85.823,2.182
port2073,SOM,gulf,port481,ok,,17618.005,85.823,3.635
port2085,VNM,west,port664,ok,,13525.168,51.465,7.345
port2085,VNM,east,port815,ok,,20027.007,51.465,2.182
port2085,VNM,gulf,port481,ok,,21752.434,51.465,3.635
port2086,FRA,west,port664,ok,,14017.791,1.067,7.345
port2086,FRA,east,port815,ok,,5682.879,1.067,2.182
port2086,FRA,gulf,port481,ok,,8904.795,1.067,3.635
port2087,GBR,west,port664,ok,,14510.238,1.022,7.345
port2087,GBR,east,port815,ok,,5805.738,1.022,2.182
port2087,GBR,gulf,port481,ok,,9047.802,1.022,3.635
port2088,GBR,west,port664,ok,,14557.299,11.514,7.345
port2088,GBR,east,port815,ok,,5852.799,11.514,2.182
port2088,GBR,gulf,port481,ok,,9094.863,11.514,3.635
port2090,GBR,west,port664,ok,,14529.237,5.82,7.345
port2090,GBR,east,port815,ok,,5824.737,5.82,2.182
port2090,GBR,gulf,port481,ok,,9066.801,5.82,3.635
port2092,ALB,west,port664,ok,,16075.871,13.306,7.345
port2092,ALB,east,port815,ok,,8385.089,13.306,2.182
port2092,ALB,gulf,port481,ok,,11312.53,13.306,3.635
port2099,BRA,west,port664,ok,,9778.379,922.064,7.345
port2099,BRA,east,port815,ok,,5611.033,922.064,2.182
port2099,BRA,gulf,port481,ok,,6196.306,922.064,3.635
port2103,CAN,west,port664,ok,,10721.399,80.347,7.345
port2103,CAN,east,port815,ok,,1869.016,80.347,2.182
port2103,CAN,gulf,port481,ok,,5181.469,80.347,3.635
port2106,CHL,west,port664,ok,,9438.648,6.897,7.345
port2106,CHL,east,port815,ok,,9061.768,6.897,2.182
port2106,CHL,gulf,port481,ok,,8186.785,6.897,3.635
port2111,CHN,west,port664,ok,,10649.654,14.447,7.345
port2111,CHN,east,port815,ok,,19751.903,14.447,2.182
port2111,CHN,gulf,port481,ok,,18876.92,14.447,3.635
port2112,CHN,west,port664,ok,,12047.242,46.642,7.345
port2112,CHN,east,port815,ok,,21149.492,46.642,2.182
port2112,CHN,gulf,port481,ok,,20274.509,46.642,3.635
port2114,CHN,west,port664,ok,,11677.492,12.396,7.345
port2114,CHN,east,port815,ok,,20779.742,12.396,2.182
port2114,CHN,gulf,port481,ok,,19904.759,12.396,3.635
port2115,CHN,west,port664,ok,,10841.835,37.729,7.345
port2115,CHN,east,port815,ok,,19944.085,37.729,2.182
port2115,CHN,gulf,port481,ok,,19069.102,37.729,3.635
port2116,CHN,west,port664,ok,,10618.219,72.286,7.345
port2116,CHN,east,port815,ok,,19720.469,72.286,2.182
port2116,CHN,gulf,port481,ok,,18845.486,72.286,3.635
port2117,CHN,west,port664,ok,,10833.982,28.984,7.345
port2117,CHN,east,port815,ok,,19936.232,28.984,2.182
port2117,CHN,gulf,port481,ok,,19061.249,28.984,3.635
port2118,CHN,west,port664,ok,,10731.434,16.194,7.345
port2118,CHN,east,port815,ok,,19833.683,16.194,2.182
port2118,CHN,gulf,port481,ok,,18958.7,16.194,3.635
port2119,COL,west,port664,ok,,5745.999,90.816,7.345
port2119,COL,east,port815,ok,,4620.232,90.816,2.182
port2119,COL,gulf,port481,ok,,3745.249,90.816,3.635
port2122,HRV,west,port664,ok,,16615.666,2.442,7.345
port2122,HRV,east,port815,ok,,8924.883,2.442,2.182
port2122,HRV,gulf,port481,ok,,11852.325,2.442,3.635
port2123,HRV,west,port664,ok,,16627.863,4.639,7.345
port2123,HRV,east,port815,ok,,8937.081,4.639,2.182
port2123,HRV,gulf,port481,ok,,11864.522,4.639,3.635
port2125,DNK,west,port664,ok,,15286.981,20.965,7.345
port2125,DNK,east,port815,ok,,6582.481,20.965,2.182
port2125,DNK,gulf,port481,ok,,9824.545,20.965,3.635
port2133,EST,west,port664,ok,,16381.721,20.351,7.345
port2133,EST,east,port815,ok,,7677.221,20.351,2.182
port2133,EST,gulf,port481,ok,,10919.285,20.351,3.635
port2134,FRO,west,port664,ok,,14185.749,11.565,7.345
port2134,FRO,east,port815,ok,,5481.249,11.565,2.182
port2134,FRO,gulf,port481,ok,,8723.313,11.565,3.635
port2135,FRO,west,port664,ok,,14214.427,0.192,7.345
port2135,FRO,east,port815,ok,,5509.927,0.192,2.182
port2135,FRO,gulf,port481,ok,,8751.991,0.192,3.635
port2140,DEU,west,port664,ok,,14933.181,2.256,7.345
port2140,DEU,east,port815,ok,,6451.969,2.256,2.182
port2140,DEU,gulf,port481,ok,,9694.033,2.256,3.635
port2142,GRC,west,port664,ok,,16333.584,2.225,7.345
port2142,GRC,east,port815,ok,,8642.801,2.225,2.182
port2142,GRC,gulf,port481,ok,,11570.243,2.225,3.635
port2143,GRC,west,port664,ok,,16465.803,1.103,7.345
port2143,GRC,east,port815,ok,,8775.021,1.103,2.182
port2143,GRC,gulf,port481,ok,,11702.463,1.103,3.635
port2147,GRC,west,port664,ok,,16188.153,2.072,7.345
port2147,GRC,east,port815,ok,,8497.37,2.072,2.182
port2147,GRC,gulf,port481,ok,,11424.812,2.072,3.635
port2149,ISL,west,port664,ok,,13360.138,22.847,7.345
port2149,ISL,east,port815,ok,,4605.889,22.847,2.182
port2149,ISL,gulf,port481,ok,,7847.953,22.847,3.635
port2150,IND,west,port664,ok,,17672.23,40.988,7.345
port2150,IND,east,port815,ok,,15698.48,40.988,2.182
port2150,IND,gulf,port481,ok,,18625.922,40.988,3.635
port2152,IND,west,port664,ok,,16051.759,176.428,7.345
port2152,IND,east,port815,ok,,17894.83,176.428,2.182
port2152,IND,gulf,port481,ok,,20822.271,176.428,3.635
port2155,IDN,west,port664,ok,,14745.08,4.445,7.345
port2155,IDN,east,port815,ok,,18728.212,4.445,2.182
port2155,IDN,gulf,port481,ok,,21655.654,4.445,3.635
port2159,IDN,west,port664,ok,,14988.924,86.277,7.345
port2159,IDN,east,port815,ok,,18291.8,86.277,2.182
port2159,IDN,gulf,port481,ok,,21219.242,86.277,3.635
port2163,IDN,west,port664,ok,,13100.774,127.308,7.345
port2163,IDN,east,port815,ok,,21781.557,127.308,2.182
port2163,IDN,gulf,port481,ok,,20906.574,127.308,3.635
port2166,IRL,west,port664,ok,,13657.37,1.486,7.345
port2166,IRL,east,port815,ok,,5194.463,1.486,2.182
port2166,IRL,gulf,port481,ok,,8436.527,1.486,3.635
port2169,ITA,west,port664,ok,,16383.853,0.823,7.345
port2169,ITA,east,port815,ok,,8693.07,0.823,2.182
port2169,ITA,gulf,port481,ok,,11620.512,0.823,3.635
port2170,ITA,west,port664,ok,,15455.475,36.269,7.345
port2170,ITA,east,port815,ok,,7764.693,36.269,2.182
port2170,ITA,gulf,port481,ok,,10692.134,36.269,3.635
port2171,ITA,west,port664,ok,,15429.426,17.972,7.345
port2171,ITA,east,port815,ok,,7738.643,17.972,2.182
port2171,ITA,gulf,port481,ok,,10666.085,17.972,3.635
port2174,JPN,west,port664,ok,,9775.433,5.646,7.345
port2174,JPN,east,port815,ok,,18877.682,5.646,2.182
port2174,JPN,gulf,port481,ok,,18002.699,5.646,3.635
port2178,JPN,west,port664,ok,,9834.352,3.249,7.345
port2178,JPN,east,port815,ok,,18936.601,3.249,2.182
port2178,JPN,gulf,port481,ok,,18061.618,3.249,3.635
port2179,JPN,west,port664,ok,,9859.056,3.51,7.345
port2179,JPN,east,port815,ok,,18961.305,3.51,2.182
port2179,JPN,gulf,port481,ok,,18086.322,3.51,3.635
port2180,JPN,west,port664,ok,,10586.551,25.307,7.345
port2180,JPN,east,port815,ok,,19688.8,25.307,2.182
port2180,JPN,gulf,port481,ok,,18813.817,25.307,3.635
port2183,KOR,west,port664,ok,,9879.491,18.253,7.345
port2183,KOR,east,port815,ok,,18981.741,18.253,2.182
port2183,KOR,gulf,port481,ok,,18106.758,18.253,3.635
port2184,KOR,west,port664,ok,,10169.099,101.348,7.345
port2184,KOR,east,port815,ok,,19271.349,101.348,2.182
port2184,KOR,gulf,port481,ok,,18396.366,101.348,3.635
port2186,LBN,west,port664,ok,,17363.093,21.83,7.345
port2186,LBN,east,port815,ok,,9672.311,21.83,2.182
port2186,LBN,gulf,port481,ok,,12599.752,21.83,3.635
port2189,MYS,west,port664,ok,,14381.815,10.35,7.345
port2189,MYS,east,port815,ok,,18898.909,10.35,2.182
port2189,MYS,gulf,port481,ok,,21826.351,10.35,3.635
port2192,MYS,west,port664,ok,,13037.822,70.379,7.345
port2192,MYS,east,port815,ok,,21174.738,70.379,2.182
port2192,MYS,gulf,port481,ok,,21086.917,70.379,3.635
port2195,NCL,west,port664,ok,,10374.865,60.921,7.345
port2195,NCL,east,port815,ok,,16826.806,60.921,2.182
port2195,NCL,gulf,port481,ok,,15951.823,60.921,3.635
port2198,NOR,west,port664,ok,,14714.467,9.284,7.345
port2198,NOR,east,port815,ok,,6009.967,9.284,2.182
port2198,NOR,gulf,port481,ok,,9252.031,9.284,3.635
port2200,PAN,west,port664,ok,,5478.151,7.108,7.345
port2200,PAN,east,port815,ok,,3774.019,7.108,2.182
port2200,PAN,gulf,port481,ok,,2899.036,7.108,3.635
port2201,PNG,west,port664,ok,,10900.637,125.795,7.345
port2201,PNG,east,port815,ok,,18750.563,125.795,2.182
port2201,PNG,gulf,port481,ok,,17875.58,125.795,3.635
port2202,PER,west,port664,ok,,6966.255,82.055,7.345
port2202,PER,east,port815,ok,,6521.304,82.055,2.182
port2202,PER,gulf,port481,ok,,5646.321,82.055,3.635
port2209,PHL,west,port664,ok,,12156.064,3.082,7.345
port2209,PHL,east,port815,ok,,21223.707,3.082,2.182
port2209,PHL,gulf,port481,ok,,20348.724,3.082,3.635
port2211,PRT,west,port664,ok,,12644.385,31.972,7.345
port2211,PRT,east,port815,ok,,5303.922,31.972,2.182
port2211,PRT,gulf,port481,ok,,7964.027,31.972,3.635
port2213,ROU,west,port664,ok,,17300.527,41.773,7.345
port2213,ROU,east,port815,ok,,9609.744,41.773,2.182
port2213,ROU,gulf,port481,ok,,12537.186,41.773,3.635
port2214,RUS,west,port664,ok,,9375.893,53.571,7.345
port2214,RUS,east,port815,ok,,18478.143,53.571,2.182
port2214,RUS,gulf,port481,ok,,17603.16,53.571,3.635
port2215,RUS,west,port664,ok,,17845.485,13.601,7.345
port2215,RUS,east,port815,ok,,9091.237,13.601,2.182
port2215,RUS,gulf,port481,ok,,12333.301,13.601,3.635
port2216,RUS,west,port664,ok,,7060.95,285.356,7.345
port2216,RUS,east,port815,ok,,16163.2,285.356,2.182
port2216,RUS,gulf,port481,ok,,15288.217,285.356,3.635
port2221,ESP,west,port664,ok,,13583.567,9.705,7.345
port2221,ESP,east,port815,ok,,5827.126,9.705,2.182
port2221,ESP,gulf,port481,ok,,8773.868,9.705,3.635
port2223,ESP,west,port664,ok,,13668.586,6.268,7.345
port2223,ESP,east,port815,ok,,5623.758,6.268,2.182
port2223,ESP,gulf,port481,ok,,8727.519,6.268,3.635
port2225,SDN,west,port664,ok,,18633.719,29.066,7.345
port2225,SDN,east,port815,ok,,10942.936,29.066,2.182
port2225,SDN,gulf,port481,ok,,13870.378,29.066,3.635
port2226,SWE,west,port664,ok,,15230.699,6.51,7.345
port2226,SWE,east,port815,ok,,6526.199,6.51,2.182
port2226,SWE,gulf,port481,ok,,9768.264,6.51,3.635
port2227,SYR,west,port664,ok,,17371.696,3.428,7.345
port2227,SYR,east,port815,ok,,9680.913,3.428,2.182
port2227,SYR,gulf,port481,ok,,12608.355,3.428,3.635
port2229,TWN,west,port664,ok,,11433.21,1.318,7.345
port2229,TWN,east,port815,ok,,20535.459,1.318,2.182
port2229,TWN,gulf,port481,ok,,19660.476,1.318,3.635
port2231,TZA,west,port664,ok,,22158.599,40.36,7.345
port2231,TZA,east,port815,ok,,15309.828,40.36,2.182
port2231,TZA,gulf,port481,ok,,18237.27,40.36,3.635
port2232,TZA,west,port664,ok,,21553.993,91.806,7.345
port2232,TZA,east,port815,ok,,15818.232,91.806,2.182
port2232,TZA,gulf,port481,ok,,17952.465,91.806,3.635
port2241,GBR,west,port664,ok,,14303.965,4.027,7.345
port2241,GBR,east,port815,ok,,5599.465,4.027,2.182
port2241,GBR,gulf,port481,ok,,8841.529,4.027,3.635
port2246,GBR,west,port664,ok,,14127.031,21.174,7.345
port2246,GBR,east,port815,ok,,5534.69,21.174,2.182
port2246,GBR,gulf,port481,ok,,8776.754,21.174,3.635
port2257,URY,west,port664,ok,,13890.267,39.369,7.345
port2257,URY,east,port815,ok,,10974.305,39.369,2.182
port2257,URY,gulf,port481,ok,,12058.056,39.369,3.635
port2258,URY,west,port664,ok,,13890.267,49.538,7.345
port2258,URY,east,port815,ok,,10974.305,49.538,2.182
port2258,URY,gulf,port481,ok,,12058.056,49.538,3.635
port2262,VNM,west,port664,ok,,13100.516,65.149,7.345
port2262,VNM,east,port815,ok,,20273.168,65.149,2.182
port2262,VNM,gulf,port481,ok,,21327.783,65.149,3.635
port2272,PER,west,port664,ok,,6762.561,64.485,7.345
port2272,PER,east,port815,ok,,6317.609,64.485,2.182
port2272,PER,gulf,port481,ok,,5442.626,64.485,3.635
port2274,MEX,west,port664,ok,,3783.069,192.735,7.345
port2274,MEX,east,port815,ok,,5493.385,192.735,2.182
port2274,MEX,gulf,port481,ok,,4618.402,192.735,3.635
port2275,ARG,west,port664,ok,,11726.235,38.055,7.345
port2275,ARG,east,port815,ok,,11977.824,38.055,2.182
port2275,ARG,gulf,port481,ok,,11102.841,38.055,3.635
port2276,ARG,west,port664,ok,,12368.197,217.223,7.345
port2276,ARG,east,port815,ok,,11947.471,217.223,2.182
port2276,ARG,gulf,port481,ok,,11744.804,217.223,3.635
port2277,CHL,west,port664,ok,,10289.136,65.699,7.345
port2277,CHL,east,port815,ok,,10147.89,65.699,2.182
port2277,CHL,gulf,port481,ok,,9272.907,65.699,3.635
port2278,COL,west,port664,ok,,5960.682,43.563,7.345
port2278,COL,east,port815,ok,,3585.734,43.563,2.182
port2278,COL,gulf,port481,ok,,2416.505,43.563,3.635
port2280,VEN,west,port664,ok,,6831.156,17.588,7.345
port2280,VEN,east,port815,ok,,3541.345,17.588,2.182
port2280,VEN,gulf,port481,ok,,3477.407,17.588,3.635
port2281,VEN,west,port664,ok,,7509.006,12.283,7.345
port2281,VEN,east,port815,ok,,4005.772,12.283,2.182
port2281,VEN,gulf,port481,ok,,4098.463,12.283,3.635
port2282,FIN,west,port664,ok,,16211.804,32.76,7.345
port2282,FIN,east,port815,ok,,7507.304,32.76,2.182
port2282,FIN,gulf,port481,ok,,10749.368,32.76,3.635
port2283,NLD,west,port664,ok,,14502.425,11.002,7.345
port2283,NLD,east,port815,ok,,6163.402,11.002,2.182
port2283,NLD,gulf,port481,ok,,9385.318,11.002,3.635
port2287,CHN,west,port664,ok,,12087.215,23.447,7.345
port2287,CHN,east,port815,ok,,21189.464,23.447,2.182
port2287,CHN,gulf,port481,ok,,20314.481,23.447,3.635
port2288,ARG,west,port664,ok,,11140.487,130.525,7.345
port2288,ARG,east,port815,ok,,11392.076,130.525,2.182
port2288,ARG,gulf,port481,ok,,10517.093,130.525,3.635
port2290,JPN,west,port664,ok,,9928.808,23.232,7.345
port2290,JPN,east,port815,ok,,19031.057,23.232,2.182
port2290,JPN,gulf,port481,ok,,18156.074,23.232,3.635
port2293,IDN,west,port664,ok,,11994.722,22.601,7.345
port2293,IDN,east,port815,ok,,20368.627,22.601,2.182
port2293,IDN,gulf,port481,ok,,19493.644,22.601,3.635
port2294,IDN,west,port664,ok,,13709.158,90.201,7.345
port2294,IDN,east,port815,ok,,20486.013,90.201,2.182
port2294,IDN,gulf,port481,ok,,21748.972,90.201,3.635
port2297,JPN,west,port664,ok,,8865.078,22.269,7.345
port2297,JPN,east,port815,ok,,17967.328,22.269,2.182
port2297,JPN,gulf,port481,ok,,17092.345,22.269,3.635
port2302,JPN,west,port664,ok,,10839.498,24.662,7.345
port2302,JPN,east,port815,ok,,19941.747,24.662,2.182
port2302,JPN,gulf,port481,ok,,19066.764,24.662,3.635
port2303,JPN,west,port664,ok,,9903.693,41.717,7.345
port2303,JPN,east,port815,ok,,19005.943,41.717,2.182
port2303,JPN,gulf,port481,ok,,18130.96,41.717,3.635
port2304,JPN,west,port664,ok,,10977.032,21.654,7.345
port2304,JPN,east,port815,ok,,20079.282,21.654,2.182
port2304,JPN,gulf,port481,ok,,19204.299,21.654,3.635
port2306,IDN,west,port664,ok,,13244.093,12.551,7.345
port2306,IDN,east,port815,ok,,21064.197,12.551,2.182
port2306,IDN,gulf,port481,ok,,21293.189,12.551,3.635
port2307,TUR,west,port664,ok,,16995.529,78.121,7.345
port2307,TUR,east,port815,ok,,9304.746,78.121,2.182
port2307,TUR,gulf,port481,ok,,12232.188,78.121,3.635
port2308,JPN,west,port664,ok,,10120.574,10.476,7.345
port2308,JPN,east,port815,ok,,19222.823,10.476,2.182
port2308,JPN,gulf,port481,ok,,18347.84,10.476,3.635
port2310,CHN,west,port664,ok,,10914.925,63.327,7.345
port2310,CHN,east,port815,ok,,20017.175,63.327,2.182
port2310,CHN,gulf,port481,ok,,19142.192,63.327,3.635
port2312,JPN,west,port664,ok,,10132.271,6.726,7.345
port2312,JPN,east,port815,ok,,19234.52,6.726,2.182
port2312,JPN,gulf,port481,ok,,18359.537,6.726,3.635
port2314,JPN,west,port664,ok,,10170.526,12.047,7.345
port2314,JPN,east,port815,ok,,19272.775,12.047,2.182
port2314,JPN,gulf,port481,ok,,18397.792,12.047,3.635
port2315,JPN,west,port664,ok,,10132.271,19.789,7.345
port2315,JPN,east,port815,ok,,19234.52,19.789,2.182
port2315,JPN,gulf,port481,ok,,18359.537,19.789,3.635
port2328,TUR,west,port664,ok,,16939.872,13.638,7.345
port2328,TUR,east,port815,ok,,9249.09,13.638,2.182
port2328,TUR,gulf,port481,ok,,12176.531,13.638,3.635
port2333,CHN,west,port664,ok,,10791.375,6.681,7.345
port2333,CHN,east,port815,ok,,19893.624,6.681,2.182
port2333,CHN,gulf,port481,ok,,19018.641,6.681,3.635
port2334,JPN,west,port664,ok,,9088.215,52.43,7.345
port2334,JPN,east,port815,ok,,18190.465,52.43,2.182
port2334,JPN,gulf,port481,ok,,17315.482,52.43,3.635
port2337,JPN,west,port664,ok,,9851.197,3.121,7.345
port2337,JPN,east,port815,ok,,18953.447,3.121,2.182
port2337,JPN,gulf,port481,ok,,18078.464,3.121,3.635
port2340,CHN,west,port664,ok,,10847.263,11.825,7.345
port2340,CHN,east,port815,ok,,19949.512,11.825,2.182
port2340,CHN,gulf,port481,ok,,19074.529,11.825,3.635
port2343,JPN,west,port664,ok,,9761.008,16.14,7.345
port2343,JPN,east,port815,ok,,18863.257,16.14,2.182
port2343,JPN,gulf,port481,ok,,17988.274,16.14,3.635
port2348,CHN,west,port664,ok,,10791.375,5.84,7.345
port2348,CHN,east,port815,ok,,19893.624,5.84,2.182
port2348,CHN,gulf,port481,ok,,19018.641,5.84,3.635
port2349,CHN,west,port664,ok,,10914.925,13.717,7.345
port2349,CHN,east,port815,ok,,20017.175,13.717,2.182
port2349,CHN,gulf,port481,ok,,19142.192,13.717,3.635
port2350,CHN,west,port664,ok,,10914.925,40.181,7.345
port2350,CHN,east,port815,ok,,20017.175,40.181,2.182
port2350,CHN,gulf,port481,ok,,19142.192,40.181,3.635
port2351,CHN,west,port664,ok,,10914.925,21.982,7.345
port2351,CHN,east,port815,ok,,20017.175,21.982,2.182
port2351,CHN,gulf,port481,ok,,19142.192,21.982,3.635
port2352,CHN,west,port664,ok,,10903.417,2.431,7.345
port2352,CHN,east,port815,ok,,20005.666,2.431,2.182
port2352,CHN,gulf,port481,ok,,19130.683,2.431,3.635
port2362,BRA,west,port664,ok,,9778.379,213.463,7.345
port2362,BRA,east,port815,ok,,5611.033,213.463,2.182
port2362,BRA,gulf,port481,ok,,6196.306,213.463,3.635
port2370,BRA,west,port664,ok,,9778.379,982.146,7.345
port2370,BRA,east,port815,ok,,5611.033,982.146,2.182
port2370,BRA,gulf,port481,ok,,6196.306,982.146,3.635
port2372,BRA,west,port664,ok,,9778.379,519.554,7.345
port2372,BRA,east,port815,ok,,5611.033,519.554,2.182
port2372,BRA,gulf,port481,ok,,6196.306,519.554,3.635
port2381,CHN,west,port664,ok,,12108.852,9.645,7.345
port2381,CHN,east,port815,ok,,21211.102,9.645,2.182
port2381,CHN,gulf,port481,ok,,20336.119,9.645,3.635
port2382,ARG,west,port664,ok,,13890.267,28.156,7.345
port2382,ARG,east,port815,ok,,10974.305,28.156,2.182
port2382,ARG,gulf,port481,ok,,12058.056,28.156,3.635
port2391,KOR,west,port664,ok,,9897.53,12.74,7.345
port2391,KOR,east,port815,ok,,18999.78,12.74,2.182
port2391,KOR,gulf,port481,ok,,18124.797,12.74,3.635
port2395,PHL,west,port664,ok,,12053.202,106.808,7.345
port2395,PHL,east,port815,ok,,21120.845,106.808,2.182
port2395,PHL,gulf,port481,ok,,20245.862,106.808,3.635
port2397,NOR,west,port664,ok,,14689.687,48.513,7.345
port2397,NOR,east,port815,ok,,5985.187,48.513,2.182
port2397,NOR,gulf,port481,ok,,9227.251,48.513,3.635
port2398,NOR,west,port664,ok,,14684.537,11.213,7.345
port2398,NOR,east,port815,ok,,5980.037,11.213,2.182
port2398,NOR,gulf,port481,ok,,9222.101,11.213,3.635
port2399,IDN,west,port664,ok,,14745.08,65.709,7.345
port2399,IDN,east,port815,ok,,18728.212,65.709,2.182
port2399,IDN,gulf,port481,ok,,21655.654,65.709,3.635
port2400,GBR,west,port664,ok,,14273.059,4.72,7.345
port2400,GBR,east,port815,ok,,5702.372,4.72,2.182
port2400,GBR,gulf,port481,ok,,8944.436,4.72,3.635
port2401,CHN,west,port664,ok,,12108.852,20.674,7.345
port2401,CHN,east,port815,ok,,21211.102,20.674,2.182
port2401,CHN,gulf,port481,ok,,20336.119,20.674,3.635
port2403,NGA,west,port664,ok,,15266.644,72.128,7.345
port2403,NGA,east,port815,ok,,9372.531,72.128,2.182
port2403,NGA,gulf,port481,ok,,11349.868,72.128,3.635
port2404,ARG,west,port664,ok,,13116.046,44.058,7.345
port2404,ARG,east,port815,ok,,11002.228,44.058,2.182
port2404,ARG,gulf,port481,ok,,12085.979,44.058,3.635
port2405,VNM,west,port664,ok,,12884.094,51.892,7.345
port2405,VNM,east,port815,ok,,21181.948,51.892,2.182
port2405,VNM,gulf,port481,ok,,21111.361,51.892,3.635
port2406,ITA,west,port664,ok,,15466.624,49.279,7.345
port2406,ITA,east,port815,ok,,7775.842,49.279,2.182
port2406,ITA,gulf,port481,ok,,10703.284,49.279,3.635
port2419,MEX,west,port664,ok,,7210.464,7.681,7.345
port2419,MEX,east,port815,ok,,2722.68,7.681,2.182
port2419,MEX,gulf,port481,ok,,1416.532,7.681,3.635
port2421,CHN,west,port664,ok,,10964.64,35.183,7.345
port2421,CHN,east,port815,ok,,20066.889,35.183,2.182
port2421,CHN,gulf,port481,ok,,19191.906,35.183,3.635
port2422,CHN,west,port664,ok,,10912.639,42.552,7.345
port2422,CHN,east,port815,ok,,20014.888,42.552,2.182
port2422,CHN,gulf,port481,ok,,19139.905,42.552,3.635
port2423,CHN,west,port664,ok,,10912.639,34.772,7.345
port2423,CHN,east,port815,ok,,20014.888,34.772,2.182
port2423,CHN,gulf,port481,ok,,19139.905,34.772,3.635
port2424,CHN,west,port664,ok,,10912.639,27.024,7.345
port2424,CHN,east,port815,ok,,20014.888,27.024,2.182
port2424,CHN,gulf,port481,ok,,19139.905,27.024,3.635
port2430,IND,west,port664,ok,,19301.832,20.025,7.345
port2430,IND,east,port815,ok,,15242.956,20.025,2.182
port2430,IND,gulf,port481,ok,,18170.397,20.025,3.635
port2431,RUS,west,port664,ok,,6715.44,317.633,7.345
port2431,RUS,east,port815,ok,,15817.69,317.633,2.182
port2431,RUS,gulf,port481,ok,,14942.707,317.633,3.635
port2434,GBR,west,port664,ok,,14652.382,14.379,7.345
port2434,GBR,east,port815,ok,,5947.882,14.379,2.182
port2434,GBR,gulf,port481,ok,,9189.946,14.379,3.635
port2435,RUS,west,port664,ok,,16541.841,26.758,7.345
port2435,RUS,east,port815,ok,,7837.341,26.758,2.182
port2435,RUS,gulf,port481,ok,,11079.405,26.758,3.635
port2437,CAN,west,port664,ok,,10704.577,187.088,7.345
port2437,CAN,east,port815,ok,,1852.193,187.088,2.182
port2437,CAN,gulf,port481,ok,,5164.647,187.088,3.635
port2438,CAN,west,port664,ok,,2274.656,28.665,7.345
port2438,CAN,east,port815,ok,,11505.137,28.665,2.182
port2438,CAN,gulf,port481,ok,,10630.154,28.665,3.635
port2439,RUS,west,port664,ok,,6091.062,194.161,7.345
port2439,RUS,east,port815,ok,,15251.549,194.161,2.182
port2439,RUS,gulf,port481,ok,,14376.566,194.161,3.635
port2444,RUS,west,port664,ok,,8395.111,95.439,7.345
port2444,RUS,east,port815,ok,,17497.361,95.439,2.182
port2444,RUS,gulf,port481,ok,,16622.378,95.439,3.635
port2445,CAN,west,port664,ok,,2860.703,111.919,7.345
port2445,CAN,east,port815,ok,,12091.184,111.919,2.182
port2445,CAN,gulf,port481,ok,,11216.201,111.919,3.635
port2446,RUS,west,port664,ok,,16541.841,24.104,7.345
port2446,RUS,east,port815,ok,,7837.341,24.104,2.182
port2446,RUS,gulf,port481,ok,,11079.405,24.104,3.635
port2447,IDN,west,port664,ok,,14254.824,152.959,7.345
port2447,IDN,east,port815,ok,,20195.372,152.959,2.182
port2447,IDN,gulf,port481,ok,,22039.233,152.959,3.635
port2448,FRA,west,port664,ok,,14199.713,3.756,7.345
port2448,FRA,east,port815,ok,,5899.812,3.756,2.182
port2448,FRA,gulf,port481,ok,,9114.617,3.756,3.635
port2449,GBR,west,port664,ok,,14329.278,0.727,7.345
port2449,GBR,east,port815,ok,,5624.778,0.727,2.182
port2449,GBR,gulf,port481,ok,,8866.842,0.727,3.635
port2451,RUS,west,port664,ok,,8050.111,94.463,7.345
port2451,RUS,east,port815,ok,,17152.361,94.463,2.182
port2451,RUS,gulf,port481,ok,,16277.378,94.463,3.635
port2454,GBR,west,port664,ok,,14154.881,2.402,7.345
port2454,GBR,east,port815,ok,,5815.858,2.402,2.182
port2454,GBR,gulf,port481,ok,,9037.774,2.402,3.635
port2455,KOR,west,port664,ok,,9650.512,20.453,7.345
port2455,KOR,east,port815,ok,,18752.762,20.453,2.182
port2455,KOR,gulf,port481,ok,,17877.779,20.453,3.635
port2457,RUS,west,port664,ok,,20988.31,68.033,7.345
port2457,RUS,east,port815,ok,,12234.061,68.033,2.182
port2457,RUS,gulf,port481,ok,,15476.125,68.033,3.635
port2458,CAN,west,port664,ok,,2302.344,25.175,7.345
port2458,CAN,east,port815,ok,,11532.825,25.175,2.182
port2458,CAN,gulf,port481,ok,,10657.842,25.175,3.635
port2459,FRA,west,port664,ok,,14761.257,32.252,7.345
port2459,FRA,east,port815,ok,,7070.474,32.252,2.182
port2459,FRA,gulf,port481,ok,,9997.916,32.252,3.635
port2460,RUS,west,port664,ok,,5839.132,50.946,7.345
port2460,RUS,east,port815,ok,,14999.618,50.946,2.182
port2460,RUS,gulf,port481,ok,,14124.635,50.946,3.635
port2464,TUR,west,port664,ok,,16812.074,25.445,7.345
port2464,TUR,east,port815,ok,,9121.291,25.445,2.182
port2464,TUR,gulf,port481,ok,,12048.733,25.445,3.635
port2465,GBR,west,port664,ok,,14136.227,18.887,7.345
port2465,GBR,east,port815,ok,,5431.727,18.887,2.182
port2465,GBR,gulf,port481,ok,,8673.791,18.887,3.635
port2466,UKR,west,port664,ok,,17479.995,63.245,7.345
port2466,UKR,east,port815,ok,,9789.212,63.245,2.182
port2466,UKR,gulf,port481,ok,,12716.654,63.245,3.635
port2469,CAN,west,port664,ok,,2314.862,41.223,7.345
port2469,CAN,east,port815,ok,,11545.343,41.223,2.182
port2469,CAN,gulf,port481,ok,,10670.36,41.223,3.635
port2470,GBR,west,port664,ok,,13923.259,25.004,7.345
port2470,GBR,east,port815,ok,,5571.766,25.004,2.182
port2470,GBR,gulf,port481,ok,,8806.152,25.004,3.635
port2471,ITA,west,port664,ok,,15292.371,44.177,7.345
port2471,ITA,east,port815,ok,,7601.588,44.177,2.182
port2471,ITA,gulf,port481,ok,,10529.03,44.177,3.635
port2472,IDN,west,port664,ok,,12714.483,191.584,7.345
port2472,IDN,east,port815,ok,,21257.05,191.584,2.182
port2472,IDN,gulf,port481,ok,,20382.067,191.584,3.635
port2473,FRA,west,port664,ok,,14934.045,4.001,7.345
port2473,FRA,east,port815,ok,,7243.262,4.001,2.182
port2473,FRA,gulf,port481,ok,,10170.704,4.001,3.635
port2474,IDN,west,port664,ok,,13124.587,201.022,7.345
port2474,IDN,east,port815,ok,,20555.05,201.022,2.182
port2474,IDN,gulf,port481,ok,,19680.067,201.022,3.635
port2475,CHN,west,port664,ok,,11407.008,5.689,7.345
port2475,CHN,east,port815,ok,,20509.257,5.689,2.182
port2475,CHN,gulf,port481,ok,,19634.274,5.689,3.635
port2476,RUS,west,port664,ok,,9296.173,84.022,7.345
port2476,RUS,east,port815,ok,,18398.423,84.022,2.182
port2476,RUS,gulf,port481,ok,,17523.44,84.022,3.635
