basket,canonical_product_id,hs6_code,hs_version,year,weighting,dest_coast,flow_max_chokepoint,flow_max_exposure_200,flow_exposure_100,flow_exposure_300,risk_max_chokepoint,risk_max_exposure_200,risk_exposure_100,risk_exposure_300,gen_val_total,cnt_val_total,vessel_coverage,unrouted_share,coast_residual,hhi,effective_suppliers,top1_partner_name,top1_share
rare_earths_and_magnets,280530,280530,H5,2018,export_share,east,Panama Canal,0.363367,0.363367,0.363367,Panama Canal,0.363367,0.363367,0.363367,7760784,2947786,0.379831,0.000000,0.000000,6156.618313,1.624268,China,0.768327
rare_earths_and_magnets,280530,280530,H5,2018,export_share,gulf,Panama Canal,0.370027,0.370027,0.370027,Panama Canal,0.370027,0.370027,0.370027,7760784,2947786,0.379831,0.000000,0.000000,6156.618313,1.624268,China,0.768327
rare_earths_and_magnets,280530,280530,H5,2018,export_share,national,Panama Canal,0.334519,0.334519,0.334519,Panama Canal,0.334519,0.334519,0.334519,7760784,2947786,0.379831,0.000000,0.000000,6156.618313,1.624268,China,0.768327
rare_earths_and_magnets,280530,280530,H5,2018,export_share,west,Korea Strait,0.286488,0.286488,0.286488,Taiwan Strait,0.085958,0.083539,0.085958,7760784,2947786,0.379831,0.000000,0.000000,6156.618313,1.624268,China,0.768327
rare_earths_and_magnets,280530,280530,H5,2018,vessel_count,east,Panama Canal,0.361149,0.361149,0.361149,Panama Canal,0.361149,0.361149,0.361149,7760784,2947786,0.379831,0.000000,0.000000,6156.618313,1.624268,China,0.768327
rare_earths_and_magnets,280530,280530,H5,2018,vessel_count,gulf,Panama Canal,0.370027,0.370027,0.370027,Panama Canal,0.370027,0.370027,0.370027,7760784,2947786,0.379831,0.000000,0.000000,6156.618313,1.624268,China,0.768327
rare_earths_and_magnets,280530,280530,H5,2018,vessel_count,national,Panama Canal,0.332482,0.332482,0.332482,Panama Canal,0.332482,0.332482,0.332482,7760784,2947786,0.379831,0.000000,0.000000,6156.618313,1.624268,China,0.768327
rare_earths_and_magnets,280530,280530,H5,2018,vessel_count,west,Korea Strait,0.247042,0.247042,0.247042,Taiwan Strait,0.128378,0.122986,0.128378,7760784,2947786,0.379831,0.000000,0.000000,6156.618313,1.624268,China,0.768327
rare_earths_and_magnets,280530,280530,H5,2019,export_share,east,Panama Canal,0.378502,0.378502,0.378502,Panama Canal,0.378502,0.378502,0.378502,8191438,3152731,0.384881,0.000000,0.000000,5031.695263,1.987402,China,0.680972
rare_earths_and_magnets,280530,280530,H5,2019,export_share,gulf,Panama Canal,0.383258,0.383258,0.383258,Panama Canal,0.383258,0.383258,0.383258,8191438,3152731,0.384881,0.000000,0.000000,5031.695263,1.987402,China,0.680972
rare_earths_and_magnets,280530,280530,H5,2019,export_share,national,Panama Canal,0.344982,0.344982,0.344982,Panama Canal,0.344982,0.344982,0.344982,8191438,3152731,0.384881,0.000000,0.032133,5031.695263,1.987402,China,0.680972
rare_earths_and_magnets,280530,280530,H5,2019,export_share,west,Tsugaru Strait,0.204824,0.204707,0.204828,Taiwan Strait,0.178457,0.176730,0.178457,8191438,3152731,0.384881,0.000000,0.000000,5031.695263,1.987402,China,0.680972
rare_earths_and_magnets,280530,280530,H5,2019,vessel_count,east,Panama Canal,0.376919,0.376919,0.376919,Panama Canal,0.376919,0.376919,0.376919,8191438,3152731,0.384881,0.000000,0.000000,5031.695263,1.987402,China,0.680972
rare_earths_and_magnets,280530,280530,H5,2019,vessel_count,gulf,Panama Canal,0.383258,0.383258,0.383258,Panama Canal,0.383258,0.383258,0.383258,8191438,3152731,0.384881,0.000000,0.000000,5031.695263,1.987402,China,0.680972
rare_earths_and_magnets,280530,280530,H5,2019,vessel_count,national,Panama Canal,0.343539,0.343539,0.343539,Panama Canal,0.343539,0.343539,0.343539,8191438,3152731,0.384881,0.000000,0.032133,5031.695263,1.987402,China,0.680972
rare_earths_and_magnets,280530,280530,H5,2019,vessel_count,west,Taiwan Strait,0.208744,0.204894,0.208744,Taiwan Strait,0.208744,0.204894,0.208744,8191438,3152731,0.384881,0.000000,0.000000,5031.695263,1.987402,China,0.680972
rare_earths_and_magnets,280530,280530,H5,2020,export_share,east,Panama Canal,0.185121,0.185121,0.185121,Panama Canal,0.185121,0.185121,0.185121,8838160,1708121,0.193267,0.000000,0.000000,6024.715197,1.659829,China,0.743585
rare_earths_and_magnets,280530,280530,H5,2020,export_share,gulf,Panama Canal,0.188514,0.188514,0.188514,Panama Canal,0.188514,0.188514,0.188514,8838160,1708121,0.193267,0.000000,0.000000,6024.715197,1.659829,China,0.743585
rare_earths_and_magnets,280530,280530,H5,2020,export_share,national,Panama Canal,0.164086,0.164086,0.164086,Panama Canal,0.164086,0.164086,0.164086,8838160,1708121,0.193267,0.000000,0.000000,6024.715197,1.659829,China,0.743585
rare_earths_and_magnets,280530,280530,H5,2020,export_share,west,Korea Strait,0.145955,0.145955,0.145955,Taiwan Strait,0.043792,0.042560,0.043792,8838160,1708121,0.193267,0.000000,0.000000,6024.715197,1.659829,China,0.743585
rare_earths_and_magnets,280530,280530,H5,2020,vessel_count,east,Panama Canal,0.183991,0.183991,0.183991,Panama Canal,0.183991,0.183991,0.183991,8838160,1708121,0.193267,0.000000,0.000000,6024.715197,1.659829,China,0.743585
rare_earths_and_magnets,280530,280530,H5,2020,vessel_count,gulf,Panama Canal,0.188514,0.188514,0.188514,Panama Canal,0.188514,0.188514,0.188514,8838160,1708121,0.193267,0.000000,0.000000,6024.715197,1.659829,China,0.743585
rare_earths_and_magnets,280530,280530,H5,2020,vessel_count,national,Panama Canal,0.163088,0.163088,0.163088,Panama Canal,0.163088,0.163088,0.163088,8838160,1708121,0.193267,0.000000,0.000000,6024.715197,1.659829,China,0.743585
rare_earths_and_magnets,280530,280530,H5,2020,vessel_count,west,Korea Strait,0.125858,0.125858,0.125858,Taiwan Strait,0.065403,0.062656,0.065403,8838160,1708121,0.193267,0.000000,0.000000,6024.715197,1.659829,China,0.743585
rare_earths_and_magnets,280530,280530,H5,2021,export_share,east,Panama Canal,0.151345,0.151345,0.151345,Panama Canal,0.151345,0.151345,0.151345,17256523,2776078,0.160871,0.000000,0.000000,5111.548710,1.956354,China,0.629541
rare_earths_and_magnets,280530,280530,H5,2021,export_share,gulf,Panama Canal,0.154108,0.154108,0.154108,Panama Canal,0.154108,0.154108,0.154108,17256523,2776078,0.160871,0.000000,0.000000,5111.548710,1.956354,China,0.629541
rare_earths_and_magnets,280530,280530,H5,2021,export_share,national,Panama Canal,0.132677,0.132677,0.132677,Panama Canal,0.132677,0.132677,0.132677,17256523,2776078,0.160871,0.000000,0.000000,5111.548710,1.956354,China,0.629541
rare_earths_and_magnets,280530,280530,H5,2021,export_share,west,Tsugaru Strait,0.118921,0.118884,0.118922,Taiwan Strait,0.035654,0.034651,0.035654,17256523,2776078,0.160871,0.000000,0.000000,5111.548710,1.956354,China,0.629541
rare_earths_and_magnets,280530,280530,H5,2021,vessel_count,east,Panama Canal,0.150425,0.150425,0.150425,Panama Canal,0.150425,0.150425,0.150425,17256523,2776078,0.160871,0.000000,0.000000,5111.548710,1.956354,China,0.629541
rare_earths_and_magnets,280530,280530,H5,2021,vessel_count,gulf,Panama Canal,0.154108,0.154108,0.154108,Panama Canal,0.154108,0.154108,0.154108,17256523,2776078,0.160871,0.000000,0.000000,5111.548710,1.956354,China,0.629541
rare_earths_and_magnets,280530,280530,H5,2021,vessel_count,national,Panama Canal,0.131876,0.131876,0.131876,Panama Canal,0.131876,0.131876,0.131876,17256523,2776078,0.160871,0.000000,0.000000,5111.548710,1.956354,China,0.629541
rare_earths_and_magnets,280530,280530,H5,2021,vessel_count,west,Tsugaru Strait,0.102588,0.102564,0.102591,Taiwan Strait,0.053250,0.051013,0.053250,17256523,2776078,0.160871,0.000000,0.000000,5111.548710,1.956354,China,0.629541
rare_earths_and_magnets,280530,280530,H6,2022,export_share,east,Panama Canal,0.454058,0.454058,0.454058,Panama Canal,0.454058,0.454058,0.454058,17687095,8278387,0.468047,0.000000,0.000000,8733.357601,1.145035,China,0.934090
rare_earths_and_magnets,280530,280530,H6,2022,export_share,gulf,Panama Canal,0.462381,0.462381,0.462381,Panama Canal,0.462381,0.462381,0.462381,17687095,8278387,0.468047,0.000000,0.000000,8733.357601,1.145035,China,0.934090
rare_earths_and_magnets,280530,280530,H6,2022,export_share,national,Korea Strait,0.357992,0.357992,0.357992,Panama Canal,0.127685,0.127685,0.127685,17687095,8278387,0.468047,0.000000,0.000000,8733.357601,1.145035,China,0.934090
rare_earths_and_magnets,280530,280530,H6,2022,export_share,west,Korea Strait,0.357992,0.357992,0.357992,Taiwan Strait,0.107411,0.104389,0.107411,17687095,8278387,0.468047,0.000000,0.000000,8733.357601,1.145035,China,0.934090
rare_earths_and_magnets,280530,280530,H6,2022,vessel_count,east,Panama Canal,0.451287,0.451287,0.451287,Panama Canal,0.451287,0.451287,0.451287,17687095,8278387,0.468047,0.000000,0.000000,8733.357601,1.145035,China,0.934090
rare_earths_and_magnets,280530,280530,H6,2022,vessel_count,gulf,Panama Canal,0.462381,0.462381,0.462381,Panama Canal,0.462381,0.462381,0.462381,17687095,8278387,0.468047,0.000000,0.000000,8733.357601,1.145035,China,0.934090
rare_earths_and_magnets,280530,280530,H6,2022,vessel_count,national,Korea Strait,0.308700,0.308700,0.308700,Taiwan Strait,0.157536,0.150798,0.157536,17687095,8278387,0.468047,0.000000,0.000000,8733.357601,1.145035,China,0.934090
rare_earths_and_magnets,280530,280530,H6,2022,vessel_count,west,Korea Strait,0.308700,0.308700,0.308700,Taiwan Strait,0.160419,0.153681,0.160419,17687095,8278387,0.468047,0.000000,0.000000,8733.357601,1.145035,China,0.934090
rare_earths_and_magnets,280530,280530,H6,2023,export_share,east,Panama Canal,0.641945,0.641945,0.641945,Panama Canal,0.641945,0.641945,0.641945,21990458,14468353,0.657938,0.000000,0.000000,9748.734108,1.025774,China,0.987334
rare_earths_and_magnets,280530,280530,H6,2023,export_share,gulf,Panama Canal,0.653710,0.653710,0.653710,Panama Canal,0.653710,0.653710,0.653710,21990458,14468353,0.657938,0.000000,0.000000,9748.734108,1.025774,China,0.987334
rare_earths_and_magnets,280530,280530,H6,2023,export_share,national,Korea Strait,0.506013,0.506013,0.506013,Taiwan Strait,0.150064,0.145792,0.150064,21990458,14468353,0.657938,0.000000,0.000000,9748.734108,1.025774,China,0.987334
rare_earths_and_magnets,280530,280530,H6,2023,export_share,west,Korea Strait,0.506013,0.506013,0.506013,Taiwan Strait,0.151969,0.147697,0.151969,21990458,14468353,0.657938,0.000000,0.000000,9748.734108,1.025774,China,0.987334
rare_earths_and_magnets,280530,280530,H6,2023,vessel_count,east,Panama Canal,0.638028,0.638028,0.638028,Panama Canal,0.638028,0.638028,0.638028,21990458,14468353,0.657938,0.000000,0.000000,9748.734108,1.025774,China,0.987334
rare_earths_and_magnets,280530,280530,H6,2023,vessel_count,gulf,Panama Canal,0.653710,0.653710,0.653710,Panama Canal,0.653710,0.653710,0.653710,21990458,14468353,0.657938,0.000000,0.000000,9748.734108,1.025774,China,0.987334
rare_earths_and_magnets,280530,280530,H6,2023,vessel_count,national,Korea Strait,0.436340,0.436340,0.436340,Taiwan Strait,0.224355,0.214831,0.224355,21990458,14468353,0.657938,0.000000,0.000000,9748.734108,1.025774,China,0.987334
rare_earths_and_magnets,280530,280530,H6,2023,vessel_count,west,Korea Strait,0.436340,0.436340,0.436340,Taiwan Strait,0.226894,0.217370,0.226894,21990458,14468353,0.657938,0.000000,0.000000,9748.734108,1.025774,China,0.987334
rare_earths_and_magnets,280530,280530,H6,2024,export_share,east,Panama Canal,0.379247,0.379247,0.379247,Panama Canal,0.379247,0.379247,0.379247,4529921,1926633,0.425313,0.000000,0.000000,6280.214550,1.592302,China,0.782064
rare_earths_and_magnets,280530,280530,H6,2024,export_share,gulf,Panama Canal,0.386503,0.386503,0.386503,Panama Canal,0.386503,0.386503,0.386503,4529921,1926633,0.425313,0.000000,0.000000,6280.214550,1.592302,China,0.782064
rare_earths_and_magnets,280530,280530,H6,2024,export_share,national,Panama Canal,0.312944,0.312944,0.312944,Panama Canal,0.312944,0.312944,0.312944,4529921,1926633,0.425313,0.000000,0.000000,6280.214550,1.592302,China,0.782064
rare_earths_and_magnets,280530,280530,H6,2024,export_share,west,Korea Strait,0.296704,0.296704,0.296704,Taiwan Strait,0.091749,0.089244,0.091749,4529921,1926633,0.425313,0.000000,0.000000,6280.214550,1.592302,China,0.782064
rare_earths_and_magnets,280530,280530,H6,2024,vessel_count,east,Panama Canal,0.377249,0.377249,0.377249,Panama Canal,0.377249,0.377249,0.377249,4529921,1926633,0.425313,0.000000,0.000000,6280.214550,1.592302,China,0.782064
rare_earths_and_magnets,280530,280530,H6,2024,vessel_count,gulf,Panama Canal,0.386503,0.386503,0.386503,Panama Canal,0.386503,0.386503,0.386503,4529921,1926633,0.425313,0.000000,0.000000,6280.214550,1.592302,China,0.782064
rare_earths_and_magnets,280530,280530,H6,2024,vessel_count,national,Panama Canal,0.311336,0.311336,0.311336,Panama Canal,0.311336,0.311336,0.311336,4529921,1926633,0.425313,0.000000,0.000000,6280.214550,1.592302,China,0.782064
rare_earths_and_magnets,280530,280530,H6,2024,vessel_count,west,Korea Strait,0.255851,0.255851,0.255851,Taiwan Strait,0.135682,0.130097,0.135682,4529921,1926633,0.425313,0.000000,0.000000,6280.214550,1.592302,China,0.782064
rare_earths_and_magnets,280530,280530,H6,2025,export_share,east,Panama Canal,0.544650,0.544650,0.544650,Panama Canal,0.544650,0.544650,0.544650,8071922,4667857,0.578283,0.000000,0.000000,6923.542106,1.444347,China,0.825260
rare_earths_and_magnets,280530,280530,H6,2025,export_share,gulf,Panama Canal,0.553183,0.553183,0.553183,Panama Canal,0.553183,0.553183,0.553183,8071922,4667857,0.578283,0.000000,0.000000,6923.542106,1.444347,China,0.825260
rare_earths_and_magnets,280530,280530,H6,2025,export_share,national,Panama Canal,0.460112,0.460112,0.460112,Panama Canal,0.460112,0.460112,0.460112,8071922,4667857,0.578283,0.000000,0.000000,6923.542106,1.444347,China,0.825260
rare_earths_and_magnets,280530,280530,H6,2025,export_share,west,Tsugaru Strait,0.444661,0.444661,0.444661,Taiwan Strait,0.111620,0.108522,0.111620,8071922,4667857,0.578283,0.000000,0.000000,6923.542106,1.444347,China,0.825260
rare_earths_and_magnets,280530,280530,H6,2025,vessel_count,east,Panama Canal,0.541810,0.541810,0.541810,Panama Canal,0.541810,0.541810,0.541810,8071922,4667857,0.578283,0.000000,0.000000,6923.542106,1.444347,China,0.825260
rare_earths_and_magnets,280530,280530,H6,2025,vessel_count,gulf,Panama Canal,0.553183,0.553183,0.553183,Panama Canal,0.553183,0.553183,0.553183,8071922,4667857,0.578283,0.000000,0.000000,6923.542106,1.444347,China,0.825260
rare_earths_and_magnets,280530,280530,H6,2025,vessel_count,national,Panama Canal,0.459529,0.459529,0.459529,Panama Canal,0.459529,0.459529,0.459529,8071922,4667857,0.578283,0.000000,0.000000,6923.542106,1.444347,China,0.825260
rare_earths_and_magnets,280530,280530,H6,2025,vessel_count,west,Tsugaru Strait,0.394131,0.394131,0.394131,Taiwan Strait,0.165959,0.159052,0.165959,8071922,4667857,0.578283,0.000000,0.000000,6923.542106,1.444347,China,0.825260
rare_earths_and_magnets,284610,284610,H5,2018,export_share,east,Panama Canal,0.785316,0.785316,0.785316,Panama Canal,0.785316,0.785316,0.785316,41556828,35682276,0.858638,0.000000,0.000000,3108.301419,3.217191,Japan,0.438407
rare_earths_and_magnets,284610,284610,H5,2018,export_share,gulf,Panama Canal,0.788503,0.788503,0.788503,Panama Canal,0.788503,0.788503,0.788503,41556828,35682276,0.858638,0.000000,0.000000,3108.301419,3.217191,Japan,0.438407
rare_earths_and_magnets,284610,284610,H5,2018,export_share,national,Tsugaru Strait,0.373112,0.347238,0.373892,Panama Canal,0.272950,0.272950,0.272950,41556828,35682276,0.858638,0.000000,0.000105,3108.301419,3.217191,Japan,0.438407
rare_earths_and_magnets,284610,284610,H5,2018,export_share,west,Tsugaru Strait,0.373151,0.347274,0.373932,Panama Canal,0.065298,0.065298,0.065298,41556828,35682276,0.858638,0.000000,0.000000,3108.301419,3.217191,Japan,0.438407
rare_earths_and_magnets,284610,284610,H5,2018,vessel_count,east,Panama Canal,0.784255,0.784255,0.784255,Panama Canal,0.784255,0.784255,0.784255,41556828,35682276,0.858638,0.000000,0.000000,3108.301419,3.217191,Japan,0.438407
rare_earths_and_magnets,284610,284610,H5,2018,vessel_count,gulf,Panama Canal,0.788503,0.788503,0.788503,Panama Canal,0.788503,0.788503,0.788503,41556828,35682276,0.858638,0.000000,0.000000,3108.301419,3.217191,Japan,0.438407
rare_earths_and_magnets,284610,284610,H5,2018,vessel_count,national,Tsugaru Strait,0.374487,0.357787,0.376553,Panama Canal,0.272681,0.272681,0.272681,41556828,35682276,0.858638,0.000000,0.000105,3108.301419,3.217191,Japan,0.438407
rare_earths_and_magnets,284610,284610,H5,2018,vessel_count,west,Tsugaru Strait,0.374527,0.357825,0.376593,Panama Canal,0.065298,0.065298,0.065298,41556828,35682276,0.858638,0.000000,0.000000,3108.301419,3.217191,Japan,0.438407
rare_earths_and_magnets,284610,284610,H5,2019,export_share,east,Panama Canal,0.883652,0.883652,0.883652,Panama Canal,0.883652,0.883652,0.883652,40658133,38435695,0.945338,0.000000,0.000000,3943.649593,2.535722,Japan,0.573137
rare_earths_and_magnets,284610,284610,H5,2019,export_share,gulf,Panama Canal,0.886303,0.886303,0.886303,Panama Canal,0.886303,0.886303,0.886303,40658133,38435695,0.945338,0.000000,0.000000,3943.649593,2.535722,Japan,0.573137
rare_earths_and_magnets,284610,284610,H5,2019,export_share,national,Tsugaru Strait,0.353896,0.319578,0.354931,Panama Canal,0.215240,0.215240,0.215240,40658133,38435695,0.945338,0.000000,0.001528,3943.649593,2.535722,Japan,0.573137
rare_earths_and_magnets,284610,284610,H5,2019,export_share,west,Tsugaru Strait,0.354437,0.320067,0.355474,Panama Canal,0.056301,0.056301,0.056301,40658133,38435695,0.945338,0.000000,0.000000,3943.649593,2.535722,Japan,0.573137
rare_earths_and_magnets,284610,284610,H5,2019,vessel_count,east,Panama Canal,0.882769,0.882769,0.882769,Panama Canal,0.882769,0.882769,0.882769,40658133,38435695,0.945338,0.000000,0.000000,3943.649593,2.535722,Japan,0.573137
rare_earths_and_magnets,284610,284610,H5,2019,vessel_count,gulf,Panama Canal,0.886303,0.886303,0.886303,Panama Canal,0.886303,0.886303,0.886303,40658133,38435695,0.945338,0.000000,0.000000,3943.649593,2.535722,Japan,0.573137
rare_earths_and_magnets,284610,284610,H5,2019,vessel_count,national,Tsugaru Strait,0.365071,0.342921,0.367811,Panama Canal,0.215074,0.215074,0.215074,40658133,38435695,0.945338,0.000000,0.001528,3943.649593,2.535722,Japan,0.573137
rare_earths_and_magnets,284610,284610,H5,2019,vessel_count,west,Tsugaru Strait,0.365630,0.343445,0.368374,Panama Canal,0.056301,0.056301,0.056301,40658133,38435695,0.945338,0.000000,0.000000,3943.649593,2.535722,Japan,0.573137
rare_earths_and_magnets,284610,284610,H5,2020,export_share,east,Panama Canal,0.810115,0.810115,0.810115,Panama Canal,0.810115,0.810115,0.810115,30947907,27068930,0.874661,0.000000,0.000000,5349.909235,1.869191,Japan,0.691623
rare_earths_and_magnets,284610,284610,H5,2020,export_share,gulf,Panama Canal,0.813730,0.813730,0.813730,Panama Canal,0.813730,0.813730,0.813730,30947907,27068930,0.874661,0.000000,0.000000,5349.909235,1.869191,Japan,0.691623
rare_earths_and_magnets,284610,284610,H5,2020,export_share,national,Panama Canal,0.258465,0.258465,0.258465,Panama Canal,0.258465,0.258465,0.258465,30947907,27068930,0.874661,0.000000,0.000000,5349.909235,1.869191,Japan,0.691623
rare_earths_and_magnets,284610,284610,H5,2020,export_share,west,Tsugaru Strait,0.242026,0.205767,0.243120,Panama Canal,0.060931,0.060931,0.060931,30947907,27068930,0.874661,0.000000,0.000000,5349.909235,1.869191,Japan,0.691623
rare_earths_and_magnets,284610,284610,H5,2020,vessel_count,east,Panama Canal,0.808911,0.808911,0.808911,Panama Canal,0.808911,0.808911,0.808911,30947907,27068930,0.874661,0.000000,0.000000,5349.909235,1.869191,Japan,0.691623
rare_earths_and_magnets,284610,284610,H5,2020,vessel_count,gulf,Panama Canal,0.813730,0.813730,0.813730,Panama Canal,0.813730,0.813730,0.813730,30947907,27068930,0.874661,0.000000,0.000000,5349.909235,1.869191,Japan,0.691623
rare_earths_and_magnets,284610,284610,H5,2020,vessel_count,national,Panama Canal,0.258154,0.258154,0.258154,Panama Canal,0.258154,0.258154,0.258154,30947907,27068930,0.874661,0.000000,0.000000,5349.909235,1.869191,Japan,0.691623
rare_earths_and_magnets,284610,284610,H5,2020,vessel_count,west,Tsugaru Strait,0.248987,0.225583,0.251882,Taiwan Strait,0.070024,0.067000,0.070024,30947907,27068930,0.874661,0.000000,0.000000,5349.909235,1.869191,Japan,0.691623
rare_earths_and_magnets,284610,284610,H5,2021,export_share,east,Panama Canal,0.228344,0.228344,0.228344,Panama Canal,0.228344,0.228344,0.228344,28081846,10198197,0.363160,0.000000,0.000000,5168.294345,1.934874,Japan,0.700811
rare_earths_and_magnets,284610,284610,H5,2021,export_share,gulf,Panama Canal,0.230729,0.230729,0.230729,Panama Canal,0.230729,0.230729,0.230729,28081846,10198197,0.363160,0.000000,0.000000,5168.294345,1.934874,Japan,0.700811
rare_earths_and_magnets,284610,284610,H5,2021,export_share,national,Panama Canal,0.185003,0.185003,0.185003,Panama Canal,0.185003,0.185003,0.185003,28081846,10198197,0.363160,0.000000,0.001595,5168.294345,1.934874,Japan,0.700811
rare_earths_and_magnets,284610,284610,H5,2021,export_share,west,Mona Passage,0.127547,0.127547,0.127547,Panama Canal,0.127547,0.127547,0.127547,28081846,10198197,0.363160,0.000000,0.000000,5168.294345,1.934874,Japan,0.700811
rare_earths_and_magnets,284610,284610,H5,2021,vessel_count,east,Panama Canal,0.227642,0.227642,0.227642,Panama Canal,0.227642,0.227642,0.227642,28081846,10198197,0.363160,0.000000,0.000000,5168.294345,1.934874,Japan,0.700811
rare_earths_and_magnets,284610,284610,H5,2021,vessel_count,gulf,Panama Canal,0.230742,0.230742,0.230742,Panama Canal,0.230742,0.230742,0.230742,28081846,10198197,0.363160,0.000000,0.000000,5168.294345,1.934874,Japan,0.700811
rare_earths_and_magnets,284610,284610,H5,2021,vessel_count,national,Panama Canal,0.184641,0.184641,0.184641,Panama Canal,0.184641,0.184641,0.184641,28081846,10198197,0.363160,0.000000,0.001595,5168.294345,1.934874,Japan,0.700811
rare_earths_and_magnets,284610,284610,H5,2021,vessel_count,west,Mona Passage,0.127547,0.127547,0.127547,Panama Canal,0.127547,0.127547,0.127547,28081846,10198197,0.363160,0.000000,0.000000,5168.294345,1.934874,Japan,0.700811
rare_earths_and_magnets,284610,284610,H6,2022,export_share,east,Panama Canal,0.135629,0.135629,0.135629,Panama Canal,0.135629,0.135629,0.135629,27487065,7264603,0.264292,0.000000,0.000000,5415.567148,1.846529,Japan,0.718954
rare_earths_and_magnets,284610,284610,H6,2022,export_share,gulf,Panama Canal,0.138867,0.138867,0.138867,Panama Canal,0.138867,0.138867,0.138867,27487065,7264603,0.264292,0.000000,0.000000,5415.567148,1.846529,Japan,0.718954
rare_earths_and_magnets,284610,284610,H6,2022,export_share,national,Panama Canal,0.126392,0.126392,0.126392,Panama Canal,0.126392,0.126392,0.126392,27487065,7264603,0.264292,0.000000,0.004124,5415.567148,1.846529,Japan,0.718954
rare_earths_and_magnets,284610,284610,H6,2022,export_share,west,Mona Passage,0.104613,0.104613,0.104613,Panama Canal,0.104613,0.104613,0.104613,27487065,7264603,0.264292,0.000000,0.000000,5415.567148,1.846529,Japan,0.718954
rare_earths_and_magnets,284610,284610,H6,2022,vessel_count,east,Panama Canal,0.134943,0.134943,0.134943,Panama Canal,0.134943,0.134943,0.134943,27487065,7264603,0.264292,0.000000,0.000000,5415.567148,1.846529,Japan,0.718954
rare_earths_and_magnets,284610,284610,H6,2022,vessel_count,gulf,Panama Canal,0.138922,0.138922,0.138922,Panama Canal,0.138922,0.138922,0.138922,27487065,7264603,0.264292,0.000000,0.000000,5415.567148,1.846529,Japan,0.718954
rare_earths_and_magnets,284610,284610,H6,2022,vessel_count,national,Panama Canal,0.125954,0.125954,0.125954,Panama Canal,0.125954,0.125954,0.125954,27487065,7264603,0.264292,0.000000,0.004124,5415.567148,1.846529,Japan,0.718954
rare_earths_and_magnets,284610,284610,H6,2022,vessel_count,west,Mona Passage,0.104613,0.104613,0.104613,Panama Canal,0.104613,0.104613,0.104613,27487065,7264603,0.264292,0.000000,0.000000,5415.567148,1.846529,Japan,0.718954
rare_earths_and_magnets,284610,284610,H6,2023,export_share,east,Panama Canal,0.721486,0.721486,0.721486,Panama Canal,0.721486,0.721486,0.721486,19543092,16558649,0.847289,0.000000,0.000000,5044.030869,1.982541,Japan,0.692530
rare_earths_and_magnets,284610,284610,H6,2023,export_share,gulf,Panama Canal,0.724712,0.724712,0.724712,Panama Canal,0.724712,0.724712,0.724712,19543092,16558649,0.847289,0.000000,0.000000,5044.030869,1.982541,Japan,0.692530
rare_earths_and_magnets,284610,284610,H6,2023,export_share,national,Panama Canal,0.257647,0.257647,0.257647,Panama Canal,0.257647,0.257647,0.257647,19543092,16558649,0.847289,0.000000,0.000000,5044.030869,1.982541,Japan,0.692530
rare_earths_and_magnets,284610,284610,H6,2023,export_share,west,Tsugaru Strait,0.173283,0.137141,0.174374,Panama Canal,0.101366,0.101366,0.101366,19543092,16558649,0.847289,0.000000,0.000000,5044.030869,1.982541,Japan,0.692530
rare_earths_and_magnets,284610,284610,H6,2023,vessel_count,east,Panama Canal,0.720813,0.720813,0.720813,Panama Canal,0.720813,0.720813,0.720813,19543092,16558649,0.847289,0.000000,0.000000,5044.030869,1.982541,Japan,0.692530
rare_earths_and_magnets,284610,284610,H6,2023,vessel_count,gulf,Panama Canal,0.724767,0.724767,0.724767,Panama Canal,0.724767,0.724767,0.724767,19543092,16558649,0.847289,0.000000,0.000000,5044.030869,1.982541,Japan,0.692530
rare_earths_and_magnets,284610,284610,H6,2023,vessel_count,national,Panama Canal,0.257494,0.257494,0.257494,Panama Canal,0.257494,0.257494,0.257494,19543092,16558649,0.847289,0.000000,0.000000,5044.030869,1.982541,Japan,0.692530
rare_earths_and_magnets,284610,284610,H6,2023,vessel_count,west,Tsugaru Strait,0.189579,0.166251,0.192465,Panama Canal,0.101366,0.101366,0.101366,19543092,16558649,0.847289,0.000000,0.000000,5044.030869,1.982541,Japan,0.692530
rare_earths_and_magnets,284610,284610,H6,2024,export_share,east,Panama Canal,0.829951,0.829951,0.829951,Panama Canal,0.829951,0.829951,0.829951,18485855,17059141,0.922821,0.000000,0.000000,5450.702382,1.834626,Japan,0.713441
rare_earths_and_magnets,284610,284610,H6,2024,export_share,gulf,Panama Canal,0.833458,0.833458,0.833458,Panama Canal,0.833458,0.833458,0.833458,18485855,17059141,0.922821,0.000000,0.000000,5450.702382,1.834626,Japan,0.713441
rare_earths_and_magnets,284610,284610,H6,2024,export_share,national,Panama Canal,0.230156,0.230156,0.230156,Panama Canal,0.230156,0.230156,0.230156,18485855,17059141,0.922821,0.000000,0.001802,5450.702382,1.834626,Japan,0.713441
rare_earths_and_magnets,284610,284610,H6,2024,export_share,west,Tsugaru Strait,0.207354,0.166468,0.208588,Panama Canal,0.072138,0.072138,0.072138,18485855,17059141,0.922821,0.000000,0.000000,5450.702382,1.834626,Japan,0.713441
rare_earths_and_magnets,284610,284610,H6,2024,vessel_count,east,Panama Canal,0.829101,0.829101,0.829101,Panama Canal,0.829101,0.829101,0.829101,18485855,17059141,0.922821,0.000000,0.000000,5450.702382,1.834626,Japan,0.713441
rare_earths_and_magnets,284610,284610,H6,2024,vessel_count,gulf,Panama Canal,0.833502,0.833502,0.833502,Panama Canal,0.833502,0.833502,0.833502,18485855,17059141,0.922821,0.000000,0.000000,5450.702382,1.834626,Japan,0.713441
rare_earths_and_magnets,284610,284610,H6,2024,vessel_count,national,Panama Canal,0.229984,0.229984,0.229984,Panama Canal,0.229984,0.229984,0.229984,18485855,17059141,0.922821,0.000000,0.001802,5450.702382,1.834626,Japan,0.713441
rare_earths_and_magnets,284610,284610,H6,2024,vessel_count,west,Tsugaru Strait,0.224230,0.197840,0.227494,Panama Canal,0.072138,0.072138,0.072138,18485855,17059141,0.922821,0.000000,0.000000,5450.702382,1.834626,Japan,0.713441
rare_earths_and_magnets,284610,284610,H6,2025,export_share,east,Panama Canal,0.845178,0.845178,0.845178,Panama Canal,0.845178,0.845178,0.845178,20357699,18823257,0.924626,0.000000,0.000000,5657.328360,1.767619,Japan,0.729720
rare_earths_and_magnets,284610,284610,H6,2025,export_share,gulf,Panama Canal,0.847885,0.847885,0.847885,Panama Canal,0.847885,0.847885,0.847885,20357699,18823257,0.924626,0.000000,0.000000,5657.328360,1.767619,Japan,0.729720
rare_earths_and_magnets,284610,284610,H6,2025,export_share,national,Panama Canal,0.200402,0.200402,0.200402,Panama Canal,0.200402,0.200402,0.200402,20357699,18823257,0.924626,0.000000,0.000000,5657.328360,1.767619,Japan,0.729720
rare_earths_and_magnets,284610,284610,H6,2025,export_share,west,Tsugaru Strait,0.188738,0.145459,0.190044,Panama Canal,0.063419,0.063419,0.063419,20357699,18823257,0.924626,0.000000,0.000000,5657.328360,1.767619,Japan,0.729720
rare_earths_and_magnets,284610,284610,H6,2025,vessel_count,east,Panama Canal,0.844516,0.844516,0.844516,Panama Canal,0.844516,0.844516,0.844516,20357699,18823257,0.924626,0.000000,0.000000,5657.328360,1.767619,Japan,0.729720
rare_earths_and_magnets,284610,284610,H6,2025,vessel_count,gulf,Panama Canal,0.847918,0.847918,0.847918,Panama Canal,0.847918,0.847918,0.847918,20357699,18823257,0.924626,0.000000,0.000000,5657.328360,1.767619,Japan,0.729720
rare_earths_and_magnets,284610,284610,H6,2025,vessel_count,national,Tsugaru Strait,0.210835,0.182901,0.214291,Panama Canal,0.200293,0.200293,0.200293,20357699,18823257,0.924626,0.000000,0.000000,5657.328360,1.767619,Japan,0.729720
rare_earths_and_magnets,284610,284610,H6,2025,vessel_count,west,Tsugaru Strait,0.210835,0.182901,0.214291,Panama Canal,0.063419,0.063419,0.063419,20357699,18823257,0.924626,0.000000,0.000000,5657.328360,1.767619,Japan,0.729720
rare_earths_and_magnets,284690,284690,H5,2018,export_share,east,Panama Canal,0.516265,0.516265,0.516265,Panama Canal,0.516265,0.516265,0.516265,113042503,77868377,0.688842,0.000000,0.000000,4445.797353,2.249315,China,0.652729
rare_earths_and_magnets,284690,284690,H5,2018,export_share,gulf,Panama Canal,0.527178,0.527178,0.527178,Panama Canal,0.527178,0.527178,0.527178,113042503,77868377,0.688842,0.000000,0.000000,4445.797353,2.249315,China,0.652729
rare_earths_and_magnets,284690,284690,H5,2018,export_share,national,Panama Canal,0.401707,0.401707,0.401707,Panama Canal,0.401707,0.401707,0.401707,113042503,77868377,0.688842,0.000000,0.005346,4445.797353,2.249315,China,0.652729
rare_earths_and_magnets,284690,284690,H5,2018,export_share,west,Tsugaru Strait,0.398555,0.398057,0.398570,Panama Canal,0.131109,0.131109,0.131109,113042503,77868377,0.688842,0.000000,0.000000,4445.797353,2.249315,China,0.652729
rare_earths_and_magnets,284690,284690,H5,2018,vessel_count,east,Panama Canal,0.513322,0.513322,0.513322,Panama Canal,0.513322,0.513322,0.513322,113042503,77868377,0.688842,0.000000,0.000000,4445.797353,2.249315,China,0.652729
rare_earths_and_magnets,284690,284690,H5,2018,vessel_count,gulf,Panama Canal,0.527386,0.527386,0.527386,Panama Canal,0.527386,0.527386,0.527386,113042503,77868377,0.688842,0.000000,0.000000,4445.797353,2.249315,China,0.652729
rare_earths_and_magnets,284690,284690,H5,2018,vessel_count,national,Panama Canal,0.400150,0.400150,0.400150,Panama Canal,0.400150,0.400150,0.400150,113042503,77868377,0.688842,0.000000,0.005346,4445.797353,2.249315,China,0.652729
rare_earths_and_magnets,284690,284690,H5,2018,vessel_count,west,Tsugaru Strait,0.344281,0.343959,0.344321,Taiwan Strait,0.182367,0.174895,0.212142,113042503,77868377,0.688842,0.000000,0.000000,4445.797353,2.249315,China,0.652729
rare_earths_and_magnets,284690,284690,H5,2019,export_share,east,Panama Canal,0.571862,0.571862,0.571862,Panama Canal,0.571862,0.571862,0.571862,111565298,83142138,0.745233,0.000000,0.000000,4823.689731,2.073102,China,0.684462
rare_earths_and_magnets,284690,284690,H5,2019,export_share,gulf,Panama Canal,0.584090,0.584090,0.584090,Panama Canal,0.584090,0.584090,0.584090,111565298,83142138,0.745233,0.000000,0.000000,4823.689731,2.073102,China,0.684462
rare_earths_and_magnets,284690,284690,H5,2019,export_share,national,Panama Canal,0.459995,0.459995,0.459995,Panama Canal,0.459995,0.459995,0.459995,111565298,83142138,0.745233,0.000000,0.006711,4823.689731,2.073102,China,0.684462
rare_earths_and_magnets,284690,284690,H5,2019,export_share,west,Tsugaru Strait,0.435600,0.434226,0.435641,Taiwan Strait,0.131534,0.127884,0.168132,111565298,83142138,0.745233,0.000000,0.000000,4823.689731,2.073102,China,0.684462
rare_earths_and_magnets,284690,284690,H5,2019,vessel_count,east,Panama Canal,0.568752,0.568752,0.568752,Panama Canal,0.568752,0.568752,0.568752,111565298,83142138,0.745233,0.000000,0.000000,4823.689731,2.073102,China,0.684462
rare_earths_and_magnets,284690,284690,H5,2019,vessel_count,gulf,Panama Canal,0.584426,0.584426,0.584426,Panama Canal,0.584426,0.584426,0.584426,111565298,83142138,0.745233,0.000000,0.000000,4823.689731,2.073102,China,0.684462
rare_earths_and_magnets,284690,284690,H5,2019,vessel_count,national,Panama Canal,0.458100,0.458100,0.458100,Panama Canal,0.458100,0.458100,0.458100,111565298,83142138,0.745233,0.000000,0.006711,4823.689731,2.073102,China,0.684462
rare_earths_and_magnets,284690,284690,H5,2019,vessel_count,west,Tsugaru Strait,0.377148,0.376262,0.377258,Taiwan Strait,0.194636,0.186499,0.232045,111565298,83142138,0.745233,0.000000,0.000000,4823.689731,2.073102,China,0.684462
rare_earths_and_magnets,284690,284690,H5,2020,export_share,east,Panama Canal,0.365818,0.365818,0.365818,Panama Canal,0.365818,0.365818,0.365818,65096121,36561769,0.561658,0.000000,0.000000,3599.467714,2.778189,China,0.573311
rare_earths_and_magnets,284690,284690,H5,2020,export_share,gulf,Panama Canal,0.373500,0.373500,0.373500,Panama Canal,0.373500,0.373500,0.373500,65096121,36561769,0.561658,0.000000,0.000000,3599.467714,2.778189,China,0.573311
rare_earths_and_magnets,284690,284690,H5,2020,export_share,national,Panama Canal,0.297310,0.297310,0.297310,Panama Canal,0.297310,0.297310,0.297310,65096121,36561769,0.561658,0.000000,0.000000,3599.467714,2.778189,China,0.573311
rare_earths_and_magnets,284690,284690,H5,2020,export_share,west,Tsugaru Strait,0.258945,0.256261,0.259026,Panama Canal,0.156212,0.156212,0.156212,65096121,36561769,0.561658,0.000000,0.000000,3599.467714,2.778189,China,0.573311
rare_earths_and_magnets,284690,284690,H5,2020,vessel_count,east,Panama Canal,0.363992,0.363992,0.363992,Panama Canal,0.363992,0.363992,0.363992,65096121,36561769,0.561658,0.000000,0.000000,3599.467714,2.778189,China,0.573311
rare_earths_and_magnets,284690,284690,H5,2020,vessel_count,gulf,Panama Canal,0.373711,0.373711,0.373711,Panama Canal,0.373711,0.373711,0.373711,65096121,36561769,0.561658,0.000000,0.000000,3599.467714,2.778189,China,0.573311
rare_earths_and_magnets,284690,284690,H5,2020,vessel_count,national,Panama Canal,0.296313,0.296313,0.296313,Panama Canal,0.296313,0.296313,0.296313,65096121,36561769,0.561658,0.000000,0.000000,3599.467714,2.778189,China,0.573311
rare_earths_and_magnets,284690,284690,H5,2020,vessel_count,west,Tsugaru Strait,0.226272,0.224540,0.226487,Panama Canal,0.156084,0.156084,0.156084,65096121,36561769,0.561658,0.000000,0.000000,3599.467714,2.778189,China,0.573311
rare_earths_and_magnets,284690,284690,H5,2021,export_share,east,Panama Canal,0.424639,0.424639,0.424639,Panama Canal,0.424639,0.424639,0.424639,105192401,64327073,0.611518,0.000000,0.000000,4331.420549,2.308711,China,0.646012
rare_earths_and_magnets,284690,284690,H5,2021,export_share,gulf,Panama Canal,0.434264,0.434264,0.434264,Panama Canal,0.434264,0.434264,0.434264,105192401,64327073,0.611518,0.000000,0.000000,4331.420549,2.308711,China,0.646012
rare_earths_and_magnets,284690,284690,H5,2021,export_share,national,Panama Canal,0.361192,0.361192,0.361192,Panama Canal,0.361192,0.361192,0.361192,105192401,64327073,0.611518,0.000000,0.000909,4331.420549,2.308711,China,0.646012
rare_earths_and_magnets,284690,284690,H5,2021,export_share,west,Tsugaru Strait,0.322714,0.321622,0.322747,Panama Canal,0.137015,0.137015,0.137015,105192401,64327073,0.611518,0.000000,0.000000,4331.420549,2.308711,China,0.646012
rare_earths_and_magnets,284690,284690,H5,2021,vessel_count,east,Panama Canal,0.422303,0.422303,0.422303,Panama Canal,0.422303,0.422303,0.422303,105192401,64327073,0.611518,0.000000,0.000000,4331.420549,2.308711,China,0.646012
rare_earths_and_magnets,284690,284690,H5,2021,vessel_count,gulf,Panama Canal,0.434506,0.434506,0.434506,Panama Canal,0.434506,0.434506,0.434506,105192401,64327073,0.611518,0.000000,0.000000,4331.420549,2.308711,China,0.646012
rare_earths_and_magnets,284690,284690,H5,2021,vessel_count,national,Panama Canal,0.359594,0.359594,0.359594,Panama Canal,0.359594,0.359594,0.359594,105192401,64327073,0.611518,0.000000,0.000909,4331.420549,2.308711,China,0.646012
rare_earths_and_magnets,284690,284690,H5,2021,vessel_count,west,Tsugaru Strait,0.279492,0.278788,0.279579,Taiwan Strait,0.144355,0.138330,0.183583,105192401,64327073,0.611518,0.000000,0.000000,4331.420549,2.308711,China,0.646012
rare_earths_and_magnets,284690,284690,H6,2022,export_share,east,Panama Canal,0.553819,0.553819,0.553819,Panama Canal,0.553819,0.553819,0.553819,160803240,112404537,0.699019,0.000000,0.000000,5183.354709,1.929252,China,0.710109
rare_earths_and_magnets,284690,284690,H6,2022,export_share,gulf,Panama Canal,0.565449,0.565449,0.565449,Panama Canal,0.565449,0.565449,0.565449,160803240,112404537,0.699019,0.000000,0.000000,5183.354709,1.929252,China,0.710109
rare_earths_and_magnets,284690,284690,H6,2022,export_share,national,Tsugaru Strait,0.417504,0.415781,0.417556,Panama Canal,0.333668,0.333668,0.333668,160803240,112404537,0.699019,0.000000,0.000773,5183.354709,1.929252,China,0.710109
rare_earths_and_magnets,284690,284690,H6,2022,export_share,west,Tsugaru Strait,0.417827,0.416103,0.417879,Taiwan Strait,0.125774,0.122283,0.159973,160803240,112404537,0.699019,0.000000,0.000000,5183.354709,1.929252,China,0.710109
rare_earths_and_magnets,284690,284690,H6,2022,vessel_count,east,Panama Canal,0.550618,0.550618,0.550618,Panama Canal,0.550618,0.550618,0.550618,160803240,112404537,0.699019,0.000000,0.000000,5183.354709,1.929252,China,0.710109
rare_earths_and_magnets,284690,284690,H6,2022,vessel_count,gulf,Panama Canal,0.565542,0.565542,0.565542,Panama Canal,0.565542,0.565542,0.565542,160803240,112404537,0.699019,0.000000,0.000000,5183.354709,1.929252,China,0.710109
rare_earths_and_magnets,284690,284690,H6,2022,vessel_count,national,Tsugaru Strait,0.361950,0.360838,0.362088,Panama Canal,0.332270,0.332270,0.332270,160803240,112404537,0.699019,0.000000,0.000773,5183.354709,1.929252,China,0.710109
rare_earths_and_magnets,284690,284690,H6,2022,vessel_count,west,Tsugaru Strait,0.362230,0.361117,0.362368,Taiwan Strait,0.186169,0.178385,0.221118,160803240,112404537,0.699019,0.000000,0.000000,5183.354709,1.929252,China,0.710109
rare_earths_and_magnets,284690,284690,H6,2023,export_share,east,Panama Canal,0.453659,0.453659,0.453659,Panama Canal,0.453659,0.453659,0.453659,158294097,91967030,0.580988,0.000000,0.000000,4749.727800,2.105384,China,0.672263
rare_earths_and_magnets,284690,284690,H6,2023,export_share,gulf,Panama Canal,0.463257,0.463257,0.463257,Panama Canal,0.463257,0.463257,0.463257,158294097,91967030,0.580988,0.000000,0.000000,4749.727800,2.105384,China,0.672263
rare_earths_and_magnets,284690,284690,H6,2023,export_share,national,Tsugaru Strait,0.348504,0.347603,0.348531,Panama Canal,0.306275,0.306275,0.306275,158294097,91967030,0.580988,0.000000,0.000000,4749.727800,2.105384,China,0.672263
rare_earths_and_magnets,284690,284690,H6,2023,export_share,west,Tsugaru Strait,0.348504,0.347603,0.348531,Taiwan Strait,0.104308,0.101411,0.131563,158294097,91967030,0.580988,0.000000,0.000000,4749.727800,2.105384,China,0.672263
rare_earths_and_magnets,284690,284690,H6,2023,vessel_count,east,Panama Canal,0.451003,0.451003,0.451003,Panama Canal,0.451003,0.451003,0.451003,158294097,91967030,0.580988,0.000000,0.000000,4749.727800,2.105384,China,0.672263
rare_earths_and_magnets,284690,284690,H6,2023,vessel_count,gulf,Panama Canal,0.463332,0.463332,0.463332,Panama Canal,0.463332,0.463332,0.463332,158294097,91967030,0.580988,0.000000,0.000000,4749.727800,2.105384,China,0.672263
rare_earths_and_magnets,284690,284690,H6,2023,vessel_count,national,Panama Canal,0.304939,0.304939,0.304939,Panama Canal,0.304939,0.304939,0.304939,158294097,91967030,0.580988,0.000000,0.000000,4749.727800,2.105384,China,0.672263
rare_earths_and_magnets,284690,284690,H6,2023,vessel_count,west,Tsugaru Strait,0.301964,0.301382,0.302036,Taiwan Strait,0.154435,0.147977,0.182295,158294097,91967030,0.580988,0.000000,0.000000,4749.727800,2.105384,China,0.672263
rare_earths_and_magnets,284690,284690,H6,2024,export_share,east,Panama Canal,0.509192,0.509192,0.509192,Panama Canal,0.509192,0.509192,0.509192,148007339,92744374,0.626620,0.000000,0.000000,5642.912638,1.772134,China,0.745201
rare_earths_and_magnets,284690,284690,H6,2024,export_share,gulf,Panama Canal,0.518705,0.518705,0.518705,Panama Canal,0.518705,0.518705,0.518705,148007339,92744374,0.626620,0.000000,0.000000,5642.912638,1.772134,China,0.745201
rare_earths_and_magnets,284690,284690,H6,2024,export_share,national,Tsugaru Strait,0.392543,0.391697,0.392569,Panama Canal,0.366910,0.366910,0.366910,148007339,92744374,0.626620,0.000000,0.000000,5642.912638,1.772134,China,0.745201
rare_earths_and_magnets,284690,284690,H6,2024,export_share,west,Tsugaru Strait,0.392543,0.391697,0.392569,Taiwan Strait,0.117092,0.113808,0.130328,148007339,92744374,0.626620,0.000000,0.000000,5642.912638,1.772134,China,0.745201
rare_earths_and_magnets,284690,284690,H6,2024,vessel_count,east,Panama Canal,0.506181,0.506181,0.506181,Panama Canal,0.506181,0.506181,0.506181,148007339,92744374,0.626620,0.000000,0.000000,5642.912638,1.772134,China,0.745201
rare_earths_and_magnets,284690,284690,H6,2024,vessel_count,gulf,Panama Canal,0.518726,0.518726,0.518726,Panama Canal,0.518726,0.518726,0.518726,148007339,92744374,0.626620,0.000000,0.000000,5642.912638,1.772134,China,0.745201
rare_earths_and_magnets,284690,284690,H6,2024,vessel_count,national,Panama Canal,0.365073,0.365073,0.365073,Panama Canal,0.365073,0.365073,0.365073,148007339,92744374,0.626620,0.000000,0.000000,5642.912638,1.772134,China,0.745201
rare_earths_and_magnets,284690,284690,H6,2024,vessel_count,west,Tsugaru Strait,0.339651,0.339105,0.339719,Taiwan Strait,0.174486,0.167165,0.187897,148007339,92744374,0.626620,0.000000,0.000000,5642.912638,1.772134,China,0.745201
rare_earths_and_magnets,284690,284690,H6,2025,export_share,east,Panama Canal,0.374912,0.374912,0.374912,Panama Canal,0.374912,0.374912,0.374912,176707267,90892752,0.514369,0.000000,0.000000,3764.011684,2.656740,China,0.585650
rare_earths_and_magnets,284690,284690,H6,2025,export_share,gulf,Panama Canal,0.388484,0.388484,0.388484,Panama Canal,0.388484,0.388484,0.388484,176707267,90892752,0.514369,0.000000,0.000000,3764.011684,2.656740,China,0.585650
rare_earths_and_magnets,284690,284690,H6,2025,export_share,national,Tsugaru Strait,0.288423,0.287502,0.288450,Panama Canal,0.257805,0.257805,0.257805,176707267,90892752,0.514369,0.000000,0.000000,3764.011684,2.656740,China,0.585650
rare_earths_and_magnets,284690,284690,H6,2025,export_share,west,Tsugaru Strait,0.288423,0.287502,0.288450,Panama Canal,0.105724,0.105724,0.105724,176707267,90892752,0.514369,0.000000,0.000000,3764.011684,2.656740,China,0.585650
rare_earths_and_magnets,284690,284690,H6,2025,vessel_count,east,Panama Canal,0.372802,0.372802,0.372802,Panama Canal,0.372802,0.372802,0.372802,176707267,90892752,0.514369,0.000000,0.000000,3764.011684,2.656740,China,0.585650
rare_earths_and_magnets,284690,284690,H6,2025,vessel_count,gulf,Panama Canal,0.388514,0.388514,0.388514,Panama Canal,0.388514,0.388514,0.388514,176707267,90892752,0.514369,0.000000,0.000000,3764.011684,2.656740,China,0.585650
rare_earths_and_magnets,284690,284690,H6,2025,vessel_count,national,Panama Canal,0.256747,0.256747,0.256747,Panama Canal,0.256747,0.256747,0.256747,176707267,90892752,0.514369,0.000000,0.000000,3764.011684,2.656740,China,0.585650
rare_earths_and_magnets,284690,284690,H6,2025,vessel_count,west,Tsugaru Strait,0.251619,0.251025,0.251693,Taiwan Strait,0.128977,0.123848,0.148836,176707267,90892752,0.514369,0.000000,0.000000,3764.011684,2.656740,China,0.585650
semiconductors_and_sme,848610,848610,H5,2018,export_share,east,Panama Canal,0.154417,0.154417,0.154417,Panama Canal,0.154417,0.154417,0.154417,165285102,26902674,0.162765,0.000000,0.000000,3014.275272,3.317547,Japan,0.422561
semiconductors_and_sme,848610,848610,H5,2018,export_share,gulf,Panama Canal,0.154631,0.154631,0.154631,Panama Canal,0.154631,0.154631,0.154631,165285102,26902674,0.162765,0.000000,0.000000,3014.275272,3.317547,Japan,0.422561
semiconductors_and_sme,848610,848610,H5,2018,export_share,national,Tsugaru Strait,0.025193,0.016813,0.025446,Panama Canal,0.017639,0.017639,0.017639,165285102,26902674,0.162765,0.000000,0.000000,3014.275272,3.317547,Japan,0.422561
semiconductors_and_sme,848610,848610,H5,2018,export_share,west,Tsugaru Strait,0.025193,0.016813,0.025446,Taiwan Strait,0.007896,0.007047,0.010472,165285102,26902674,0.162765,0.000000,0.000000,3014.275272,3.317547,Japan,0.422561
semiconductors_and_sme,848610,848610,H5,2018,vessel_count,east,Panama Canal,0.154377,0.154377,0.154377,Panama Canal,0.154377,0.154377,0.154377,165285102,26902674,0.162765,0.000000,0.000000,3014.275272,3.317547,Japan,0.422561
semiconductors_and_sme,848610,848610,H5,2018,vessel_count,gulf,Panama Canal,0.154636,0.154636,0.154636,Panama Canal,0.154636,0.154636,0.154636,165285102,26902674,0.162765,0.000000,0.000000,3014.275272,3.317547,Japan,0.422561
semiconductors_and_sme,848610,848610,H5,2018,vessel_count,national,Tsugaru Strait,0.031041,0.025632,0.031710,Panama Canal,0.017635,0.017635,0.017635,165285102,26902674,0.162765,0.000000,0.000000,3014.275272,3.317547,Japan,0.422561
semiconductors_and_sme,848610,848610,H5,2018,vessel_count,west,Tsugaru Strait,0.031041,0.025632,0.031710,Taiwan Strait,0.008620,0.006735,0.011231,165285102,26902674,0.162765,0.000000,0.000000,3014.275272,3.317547,Japan,0.422561
semiconductors_and_sme,848610,848610,H5,2019,export_share,east,Panama Canal,0.300299,0.300299,0.300299,Panama Canal,0.300299,0.300299,0.300299,140575437,45757959,0.325505,0.000000,0.000000,4029.927455,2.481434,Japan,0.601033
semiconductors_and_sme,848610,848610,H5,2019,export_share,gulf,Panama Canal,0.300299,0.300299,0.300299,Panama Canal,0.300299,0.300299,0.300299,140575437,45757959,0.325505,0.000000,0.000000,4029.927455,2.481434,Japan,0.601033
semiconductors_and_sme,848610,848610,H5,2019,export_share,national,Tsugaru Strait,0.097019,0.083228,0.097435,Panama Canal,0.049664,0.049664,0.049664,140575437,45757959,0.325505,0.000000,0.000000,4029.927455,2.481434,Japan,0.601033
semiconductors_and_sme,848610,848610,H5,2019,export_share,west,Tsugaru Strait,0.097019,0.083228,0.097435,Panama Canal,0.025206,0.025206,0.025206,140575437,45757959,0.325505,0.000000,0.000000,4029.927455,2.481434,Japan,0.601033
semiconductors_and_sme,848610,848610,H5,2019,vessel_count,east,Panama Canal,0.300299,0.300299,0.300299,Panama Canal,0.300299,0.300299,0.300299,140575437,45757959,0.325505,0.000000,0.000000,4029.927455,2.481434,Japan,0.601033
semiconductors_and_sme,848610,848610,H5,2019,vessel_count,gulf,Panama Canal,0.300299,0.300299,0.300299,Panama Canal,0.300299,0.300299,0.300299,140575437,45757959,0.325505,0.000000,0.000000,4029.927455,2.481434,Japan,0.601033
semiconductors_and_sme,848610,848610,H5,2019,vessel_count,national,Tsugaru Strait,0.107810,0.098909,0.108911,Panama Canal,0.049664,0.049664,0.049664,140575437,45757959,0.325505,0.000000,0.000000,4029.927455,2.481434,Japan,0.601033
semiconductors_and_sme,848610,848610,H5,2019,vessel_count,west,Tsugaru Strait,0.107810,0.098909,0.108911,Panama Canal,0.025206,0.025206,0.025206,140575437,45757959,0.325505,0.000000,0.000000,4029.927455,2.481434,Japan,0.601033
semiconductors_and_sme,848610,848610,H5,2020,export_share,east,Panama Canal,0.173793,0.173793,0.173793,Panama Canal,0.173793,0.173793,0.173793,87186728,18423463,0.211310,0.000000,0.000000,3406.719630,2.935375,Japan,0.483745
semiconductors_and_sme,848610,848610,H5,2020,export_share,gulf,Panama Canal,0.173826,0.173826,0.173826,Panama Canal,0.173826,0.173826,0.173826,87186728,18423463,0.211310,0.000000,0.000000,3406.719630,2.935375,Japan,0.483745
semiconductors_and_sme,848610,848610,H5,2020,export_share,national,Tsugaru Strait,0.121357,0.117759,0.121465,Panama Canal,0.047873,0.047873,0.047873,87186728,18423463,0.211310,0.000000,0.000000,3406.719630,2.935375,Japan,0.483745
semiconductors_and_sme,848610,848610,H5,2020,export_share,west,Tsugaru Strait,0.121357,0.117759,0.121465,Panama Canal,0.036927,0.036927,0.036927,87186728,18423463,0.211310,0.000000,0.000000,3406.719630,2.935375,Japan,0.483745
semiconductors_and_sme,848610,848610,H5,2020,vessel_count,east,Panama Canal,0.173786,0.173786,0.173786,Panama Canal,0.173786,0.173786,0.173786,87186728,18423463,0.211310,0.000000,0.000000,3406.719630,2.935375,Japan,0.483745
semiconductors_and_sme,848610,848610,H5,2020,vessel_count,gulf,Panama Canal,0.173827,0.173827,0.173827,Panama Canal,0.173827,0.173827,0.173827,87186728,18423463,0.211310,0.000000,0.000000,3406.719630,2.935375,Japan,0.483745
semiconductors_and_sme,848610,848610,H5,2020,vessel_count,national,Tsugaru Strait,0.124050,0.121727,0.124337,Panama Canal,0.047872,0.047872,0.047872,87186728,18423463,0.211310,0.000000,0.000000,3406.719630,2.935375,Japan,0.483745
semiconductors_and_sme,848610,848610,H5,2020,vessel_count,west,Tsugaru Strait,0.124050,0.121727,0.124337,Panama Canal,0.036927,0.036927,0.036927,87186728,18423463,0.211310,0.000000,0.000000,3406.719630,2.935375,Japan,0.483745
semiconductors_and_sme,848610,848610,H5,2021,export_share,east,Panama Canal,0.070473,0.070473,0.070473,Panama Canal,0.070473,0.070473,0.070473,67590503,8620056,0.127534,0.000000,0.000000,3779.604987,2.645779,Japan,0.563042
semiconductors_and_sme,848610,848610,H5,2021,export_share,gulf,Panama Canal,0.070986,0.070986,0.070986,Panama Canal,0.070986,0.070986,0.070986,67590503,8620056,0.127534,0.000000,0.000000,3779.604987,2.645779,Japan,0.563042
semiconductors_and_sme,848610,848610,H5,2021,export_share,national,Panama Canal,0.057979,0.057979,0.057979,Panama Canal,0.057979,0.057979,0.057979,67590503,8620056,0.127534,0.000000,0.008920,3779.604987,2.645779,Japan,0.563042
semiconductors_and_sme,848610,848610,H5,2021,export_share,west,Mona Passage,0.056457,0.056457,0.056457,Panama Canal,0.056457,0.056457,0.056457,67590503,8620056,0.127534,0.000000,0.000000,3779.604987,2.645779,Japan,0.563042
semiconductors_and_sme,848610,848610,H5,2021,vessel_count,east,Panama Canal,0.070460,0.070460,0.070460,Panama Canal,0.070460,0.070460,0.070460,67590503,8620056,0.127534,0.000000,0.000000,3779.604987,2.645779,Japan,0.563042
semiconductors_and_sme,848610,848610,H5,2021,vessel_count,gulf,Panama Canal,0.070986,0.070986,0.070986,Panama Canal,0.070986,0.070986,0.070986,67590503,8620056,0.127534,0.000000,0.000000,3779.604987,2.645779,Japan,0.563042
semiconductors_and_sme,848610,848610,H5,2021,vessel_count,national,Panama Canal,0.057978,0.057978,0.057978,Panama Canal,0.057978,0.057978,0.057978,67590503,8620056,0.127534,0.000000,0.008920,3779.604987,2.645779,Japan,0.563042
semiconductors_and_sme,848610,848610,H5,2021,vessel_count,west,Mona Passage,0.056457,0.056457,0.056457,Panama Canal,0.056457,0.056457,0.056457,67590503,8620056,0.127534,0.000000,0.000000,3779.604987,2.645779,Japan,0.563042
semiconductors_and_sme,848610,848610,H6,2022,export_share,east,Panama Canal,0.205314,0.205314,0.205314,Panama Canal,0.205314,0.205314,0.205314,176697863,40011396,0.226440,0.000000,0.000000,2559.029924,3.907731,Japan,0.366450
semiconductors_and_sme,848610,848610,H6,2022,export_share,gulf,Panama Canal,0.205387,0.205387,0.205387,Panama Canal,0.205387,0.205387,0.205387,176697863,40011396,0.226440,0.000000,0.000000,2559.029924,3.907731,Japan,0.366450
semiconductors_and_sme,848610,848610,H6,2022,export_share,national,Taiwan Strait,0.079047,0.068985,0.093780,Taiwan Strait,0.079047,0.068985,0.093780,176697863,40011396,0.226440,0.000000,0.000000,2559.029924,3.907731,Japan,0.366450
semiconductors_and_sme,848610,848610,H6,2022,export_share,west,Taiwan Strait,0.079057,0.068994,0.096248,Taiwan Strait,0.079057,0.068994,0.096248,176697863,40011396,0.226440,0.000000,0.000000,2559.029924,3.907731,Japan,0.366450
semiconductors_and_sme,848610,848610,H6,2022,vessel_count,east,Panama Canal,0.205290,0.205290,0.205290,Panama Canal,0.205290,0.205290,0.205290,176697863,40011396,0.226440,0.000000,0.000000,2559.029924,3.907731,Japan,0.366450
semiconductors_and_sme,848610,848610,H6,2022,vessel_count,gulf,Panama Canal,0.205387,0.205387,0.205387,Panama Canal,0.205387,0.205387,0.205387,176697863,40011396,0.226440,0.000000,0.000000,2559.029924,3.907731,Japan,0.366450
semiconductors_and_sme,848610,848610,H6,2022,vessel_count,national,Tsugaru Strait,0.080437,0.078298,0.080702,Taiwan Strait,0.079498,0.057159,0.094231,176697863,40011396,0.226440,0.000000,0.000000,2559.029924,3.907731,Japan,0.366450
semiconductors_and_sme,848610,848610,H6,2022,vessel_count,west,Tsugaru Strait,0.080437,0.078298,0.080702,Taiwan Strait,0.079511,0.057172,0.096702,176697863,40011396,0.226440,0.000000,0.000000,2559.029924,3.907731,Japan,0.366450
semiconductors_and_sme,848610,848610,H6,2023,export_share,east,Gibraltar Strait,0.318608,0.318608,0.318608,Bab el-Mandeb Strait,0.306291,0.306291,0.306291,266624468,102277029,0.383600,0.000000,0.000000,2799.671621,3.571847,Singapore,0.377081
semiconductors_and_sme,848610,848610,H6,2023,export_share,gulf,Gibraltar Strait,0.318594,0.318594,0.318594,Bab el-Mandeb Strait,0.306276,0.306276,0.306276,266624468,102277029,0.383600,0.000000,0.000000,2799.671621,3.571847,Singapore,0.377081
semiconductors_and_sme,848610,848610,H6,2023,export_share,national,Malacca Strait,0.306278,0.044616,0.306278,Bab el-Mandeb Strait,0.044616,0.044616,0.044616,266624468,102277029,0.383600,0.000000,0.000000,2799.671621,3.571847,Singapore,0.377081
semiconductors_and_sme,848610,848610,H6,2023,export_share,west,Luzon Strait,0.306276,0.306276,0.321162,Taiwan Strait,0.020911,0.018243,0.327187,266624468,102277029,0.383600,0.000000,0.000000,2799.671621,3.571847,Singapore,0.377081
semiconductors_and_sme,848610,848610,H6,2023,vessel_count,east,Gibraltar Strait,0.318613,0.318613,0.318613,Bab el-Mandeb Strait,0.306296,0.306296,0.306296,266624468,102277029,0.383600,0.000000,0.000000,2799.671621,3.571847,Singapore,0.377081
semiconductors_and_sme,848610,848610,H6,2023,vessel_count,gulf,Gibraltar Strait,0.318594,0.318594,0.318594,Bab el-Mandeb Strait,0.306276,0.306276,0.306276,266624468,102277029,0.383600,0.000000,0.000000,2799.671621,3.571847,Singapore,0.377081
semiconductors_and_sme,848610,848610,H6,2023,vessel_count,national,Malacca Strait,0.306279,0.044617,0.306279,Bab el-Mandeb Strait,0.044617,0.044617,0.044617,266624468,102277029,0.383600,0.000000,0.000000,2799.671621,3.571847,Singapore,0.377081
semiconductors_and_sme,848610,848610,H6,2023,vessel_count,west,Luzon Strait,0.306276,0.306276,0.317191,Taiwan Strait,0.021003,0.015082,0.327279,266624468,102277029,0.383600,0.000000,0.000000,2799.671621,3.571847,Singapore,0.377081
semiconductors_and_sme,848610,848610,H6,2024,export_share,east,Panama Canal,0.555588,0.555588,0.555588,Panama Canal,0.555588,0.555588,0.555588,548267558,330552208,0.602903,0.000000,0.000000,2122.959739,4.710405,Japan,0.264609
semiconductors_and_sme,848610,848610,H6,2024,export_share,gulf,Panama Canal,0.560608,0.560608,0.560608,Panama Canal,0.560608,0.560608,0.560608,548267558,330552208,0.602903,0.000000,0.000000,2122.959739,4.710405,Japan,0.264609
semiconductors_and_sme,848610,848610,H6,2024,export_share,national,Tsugaru Strait,0.417150,0.411853,0.417310,Panama Canal,0.287952,0.287952,0.287952,548267558,330552208,0.602903,0.000000,0.000000,2122.959739,4.710405,Japan,0.264609
semiconductors_and_sme,848610,848610,H6,2024,export_share,west,Tsugaru Strait,0.417150,0.411853,0.417310,Taiwan Strait,0.068285,0.065504,0.094512,548267558,330552208,0.602903,0.000000,0.000000,2122.959739,4.710405,Japan,0.264609
semiconductors_and_sme,848610,848610,H6,2024,vessel_count,east,Panama Canal,0.554061,0.554061,0.554061,Panama Canal,0.554061,0.554061,0.554061,548267558,330552208,0.602903,0.000000,0.000000,2122.959739,4.710405,Japan,0.264609
semiconductors_and_sme,848610,848610,H6,2024,vessel_count,gulf,Panama Canal,0.560608,0.560608,0.560608,Panama Canal,0.560608,0.560608,0.560608,548267558,330552208,0.602903,0.000000,0.000000,2122.959739,4.710405,Japan,0.264609
semiconductors_and_sme,848610,848610,H6,2024,vessel_count,national,Tsugaru Strait,0.394143,0.390724,0.394566,Panama Canal,0.287419,0.287419,0.287419,548267558,330552208,0.602903,0.000000,0.000000,2122.959739,4.710405,Japan,0.264609
semiconductors_and_sme,848610,848610,H6,2024,vessel_count,west,Tsugaru Strait,0.394143,0.390724,0.394566,Taiwan Strait,0.097480,0.091292,0.123710,548267558,330552208,0.602903,0.000000,0.000000,2122.959739,4.710405,Japan,0.264609
semiconductors_and_sme,848610,848610,H6,2025,export_share,east,Windward Passage,0.423896,0.423896,0.423896,Panama Canal,0.423850,0.423850,0.423850,454692633,258696217,0.568947,0.000000,0.000000,2348.573614,4.257904,Japan,0.351819
semiconductors_and_sme,848610,848610,H6,2025,export_share,gulf,Yucatan Channel,0.425267,0.425267,0.425267,Panama Canal,0.425220,0.425220,0.425220,454692633,258696217,0.568947,0.000000,0.000000,2348.573614,4.257904,Japan,0.351819
semiconductors_and_sme,848610,848610,H6,2025,export_share,national,Panama Canal,0.371190,0.371190,0.371190,Panama Canal,0.371190,0.371190,0.371190,454692633,258696217,0.568947,0.000000,0.000000,2348.573614,4.257904,Japan,0.351819
semiconductors_and_sme,848610,848610,H6,2025,export_share,west,Tsugaru Strait,0.157032,0.141564,0.157499,Panama Canal,0.142514,0.142514,0.142514,454692633,258696217,0.568947,0.000000,0.000000,2348.573614,4.257904,Japan,0.351819
semiconductors_and_sme,848610,848610,H6,2025,vessel_count,east,Windward Passage,0.423457,0.423457,0.423457,Panama Canal,0.423414,0.423414,0.423414,454692633,258696217,0.568947,0.000000,0.000000,2348.573614,4.257904,Japan,0.351819
semiconductors_and_sme,848610,848610,H6,2025,vessel_count,gulf,Yucatan Channel,0.425269,0.425269,0.425269,Panama Canal,0.425226,0.425226,0.425226,454692633,258696217,0.568947,0.000000,0.000000,2348.573614,4.257904,Japan,0.351819
semiconductors_and_sme,848610,848610,H6,2025,vessel_count,national,Panama Canal,0.371140,0.371140,0.371140,Panama Canal,0.371140,0.371140,0.371140,454692633,258696217,0.568947,0.000000,0.000000,2348.573614,4.257904,Japan,0.351819
semiconductors_and_sme,848610,848610,H6,2025,vessel_count,west,Tsugaru Strait,0.161321,0.151337,0.162556,Panama Canal,0.142507,0.142507,0.142507,454692633,258696217,0.568947,0.000000,0.000000,2348.573614,4.257904,Japan,0.351819
semiconductors_and_sme,848620,848620,H5,2018,export_share,east,Windward Passage,0.132443,0.132443,0.132443,Panama Canal,0.132443,0.132443,0.132443,3630260549,626181547,0.172489,0.000027,0.000000,2312.175675,4.324931,Japan,0.354437
semiconductors_and_sme,848620,848620,H5,2018,export_share,gulf,Yucatan Channel,0.132613,0.132613,0.132613,Panama Canal,0.132609,0.132609,0.132609,3630260549,626181547,0.172489,0.000027,0.000000,2312.175675,4.324931,Japan,0.354437
semiconductors_and_sme,848620,848620,H5,2018,export_share,national,Malacca Strait,0.030539,0.003379,0.030551,Panama Canal,0.022651,0.022651,0.022651,3630260549,626181547,0.172489,0.000027,0.000000,2312.175675,4.324931,Japan,0.354437
semiconductors_and_sme,848620,848620,H5,2018,export_share,west,Luzon Strait,0.030531,0.030531,0.031171,Panama Canal,0.009343,0.009343,0.009343,3630260549,626181547,0.172489,0.000027,0.000000,2312.175675,4.324931,Japan,0.354437
semiconductors_and_sme,848620,848620,H5,2018,vessel_count,east,Windward Passage,0.132397,0.132397,0.132397,Panama Canal,0.132397,0.132397,0.132397,3630260549,626181547,0.172489,0.000027,0.000000,2312.175675,4.324931,Japan,0.354437
semiconductors_and_sme,848620,848620,H5,2018,vessel_count,gulf,Yucatan Channel,0.132612,0.132612,0.132612,Panama Canal,0.132612,0.132612,0.132612,3630260549,626181547,0.172489,0.000027,0.000000,2312.175675,4.324931,Japan,0.354437
semiconductors_and_sme,848620,848620,H5,2018,vessel_count,national,Tsugaru Strait,0.032065,0.027515,0.032628,Panama Canal,0.022646,0.022646,0.022646,3630260549,626181547,0.172489,0.000027,0.000000,2312.175675,4.324931,Japan,0.354437
semiconductors_and_sme,848620,848620,H5,2018,vessel_count,west,Tsugaru Strait,0.032065,0.027515,0.032628,Panama Canal,0.009343,0.009343,0.009343,3630260549,626181547,0.172489,0.000027,0.000000,2312.175675,4.324931,Japan,0.354437
semiconductors_and_sme,848620,848620,H5,2019,export_share,east,Panama Canal,0.222865,0.222865,0.222865,Panama Canal,0.222865,0.222865,0.222865,6208376343,1830437304,0.294833,0.000000,0.000000,3020.438181,3.310778,Japan,0.432106
semiconductors_and_sme,848620,848620,H5,2019,export_share,gulf,Yucatan Channel,0.222954,0.222954,0.222954,Panama Canal,0.222953,0.222953,0.222953,6208376343,1830437304,0.294833,0.000000,0.000000,3020.438181,3.310778,Japan,0.432106
semiconductors_and_sme,848620,848620,H5,2019,export_share,national,Malacca Strait,0.057874,0.006135,0.057933,Panama Canal,0.035053,0.035053,0.035053,6208376343,1830437304,0.294833,0.000000,0.000042,3020.438181,3.310778,Japan,0.432106
semiconductors_and_sme,848620,848620,H5,2019,export_share,west,Luzon Strait,0.057900,0.057900,0.058866,Panama Canal,0.013952,0.013952,0.013952,6208376343,1830437304,0.294833,0.000000,0.000000,3020.438181,3.310778,Japan,0.432106
semiconductors_and_sme,848620,848620,H5,2019,vessel_count,east,Panama Canal,0.222858,0.222858,0.222858,Panama Canal,0.222858,0.222858,0.222858,6208376343,1830437304,0.294833,0.000000,0.000000,3020.438181,3.310778,Japan,0.432106
semiconductors_and_sme,848620,848620,H5,2019,vessel_count,gulf,Yucatan Channel,0.222955,0.222955,0.222955,Panama Canal,0.222955,0.222955,0.222955,6208376343,1830437304,0.294833,0.000000,0.000000,3020.438181,3.310778,Japan,0.432106
semiconductors_and_sme,848620,848620,H5,2019,vessel_count,national,Malacca Strait,0.057885,0.006136,0.057929,Panama Canal,0.035053,0.035053,0.035053,6208376343,1830437304,0.294833,0.000000,0.000042,3020.438181,3.310778,Japan,0.432106
semiconductors_and_sme,848620,848620,H5,2019,vessel_count,west,Luzon Strait,0.057912,0.057912,0.058621,Panama Canal,0.013952,0.013952,0.013952,6208376343,1830437304,0.294833,0.000000,0.000000,3020.438181,3.310778,Japan,0.432106
semiconductors_and_sme,848620,848620,H5,2020,export_share,east,Panama Canal,0.212447,0.212447,0.212447,Panama Canal,0.212447,0.212447,0.212447,3619950917,935843897,0.258524,0.000000,0.000000,2331.330913,4.289395,Japan,0.419708
semiconductors_and_sme,848620,848620,H5,2020,export_share,gulf,Panama Canal,0.213106,0.213106,0.213106,Panama Canal,0.213106,0.213106,0.213106,3619950917,935843897,0.258524,0.000000,0.000000,2331.330913,4.289395,Japan,0.419708
semiconductors_and_sme,848620,848620,H5,2020,export_share,national,Malacca Strait,0.038864,0.006606,0.039393,Panama Canal,0.027985,0.027985,0.027985,3619950917,935843897,0.258524,0.000000,0.000000,2331.330913,4.289395,Japan,0.419708
semiconductors_and_sme,848620,848620,H5,2020,export_share,west,Luzon Strait,0.039096,0.039096,0.040086,Panama Canal,0.006075,0.006075,0.006075,3619950917,935843897,0.258524,0.000000,0.000000,2331.330913,4.289395,Japan,0.419708
semiconductors_and_sme,848620,848620,H5,2020,vessel_count,east,Panama Canal,0.212440,0.212440,0.212440,Panama Canal,0.212440,0.212440,0.212440,3619950917,935843897,0.258524,0.000000,0.000000,2331.330913,4.289395,Japan,0.419708
semiconductors_and_sme,848620,848620,H5,2020,vessel_count,gulf,Panama Canal,0.213120,0.213120,0.213120,Panama Canal,0.213120,0.213120,0.213120,3619950917,935843897,0.258524,0.000000,0.000000,2331.330913,4.289395,Japan,0.419708
semiconductors_and_sme,848620,848620,H5,2020,vessel_count,national,Tsugaru Strait,0.045342,0.037566,0.046304,Panama Canal,0.027985,0.027985,0.027985,3619950917,935843897,0.258524,0.000000,0.000000,2331.330913,4.289395,Japan,0.419708
semiconductors_and_sme,848620,848620,H5,2020,vessel_count,west,Tsugaru Strait,0.045342,0.037566,0.046304,Panama Canal,0.006075,0.006075,0.006075,3619950917,935843897,0.258524,0.000000,0.000000,2331.330913,4.289395,Japan,0.419708
semiconductors_and_sme,848620,848620,H5,2021,export_share,east,Panama Canal,0.169989,0.169989,0.169989,Panama Canal,0.169989,0.169989,0.169989,4284479839,948122623,0.221292,0.000000,0.000000,2213.119787,4.518508,Japan,0.411669
semiconductors_and_sme,848620,848620,H5,2021,export_share,gulf,Yucatan Channel,0.170268,0.170268,0.170268,Panama Canal,0.170268,0.170268,0.170268,4284479839,948122623,0.221292,0.000000,0.000000,2213.119787,4.518508,Japan,0.411669
semiconductors_and_sme,848620,848620,H5,2021,export_share,national,Malacca Strait,0.047170,0.005713,0.047493,Panama Canal,0.017448,0.017448,0.017448,4284479839,948122623,0.221292,0.000000,0.000000,2213.119787,4.518508,Japan,0.411669
semiconductors_and_sme,848620,848620,H5,2021,export_share,west,Luzon Strait,0.047309,0.047309,0.047703,Panama Canal,0.003545,0.003545,0.003545,4284479839,948122623,0.221292,0.000000,0.000000,2213.119787,4.518508,Japan,0.411669
semiconductors_and_sme,848620,848620,H5,2021,vessel_count,east,Panama Canal,0.169989,0.169989,0.169989,Panama Canal,0.169989,0.169989,0.169989,4284479839,948122623,0.221292,0.000000,0.000000,2213.119787,4.518508,Japan,0.411669
semiconductors_and_sme,848620,848620,H5,2021,vessel_count,gulf,Yucatan Channel,0.170281,0.170281,0.170281,Panama Canal,0.170281,0.170281,0.170281,4284479839,948122623,0.221292,0.000000,0.000000,2213.119787,4.518508,Japan,0.411669
semiconductors_and_sme,848620,848620,H5,2021,vessel_count,national,Malacca Strait,0.047240,0.005722,0.047474,Panama Canal,0.017445,0.017445,0.017445,4284479839,948122623,0.221292,0.000000,0.000000,2213.119787,4.518508,Japan,0.411669
semiconductors_and_sme,848620,848620,H5,2021,vessel_count,west,Luzon Strait,0.047384,0.047384,0.047674,Panama Canal,0.003542,0.003542,0.003542,4284479839,948122623,0.221292,0.000000,0.000000,2213.119787,4.518508,Japan,0.411669
semiconductors_and_sme,848620,848620,H6,2022,export_share,east,Panama Canal,0.080276,0.080276,0.080276,Panama Canal,0.080276,0.080276,0.080276,6414677975,798802459,0.124527,0.000000,0.000000,2521.062416,3.966582,Japan,0.455506
semiconductors_and_sme,848620,848620,H6,2022,export_share,gulf,Panama Canal,0.080970,0.080970,0.080970,Panama Canal,0.080970,0.080970,0.080970,6414677975,798802459,0.124527,0.000000,0.000000,2521.062416,3.966582,Japan,0.455506
semiconductors_and_sme,848620,848620,H6,2022,export_share,national,Malacca Strait,0.031952,0.011340,0.033737,Panama Canal,0.026628,0.026628,0.026628,6414677975,798802459,0.124527,0.000000,0.000000,2521.062416,3.966582,Japan,0.455506
semiconductors_and_sme,848620,848620,H6,2022,export_share,west,Luzon Strait,0.033135,0.033135,0.036484,Panama Canal,0.009919,0.009919,0.009919,6414677975,798802459,0.124527,0.000000,0.000000,2521.062416,3.966582,Japan,0.455506
semiconductors_and_sme,848620,848620,H6,2022,vessel_count,east,Panama Canal,0.080276,0.080276,0.080276,Panama Canal,0.080276,0.080276,0.080276,6414677975,798802459,0.124527,0.000000,0.000000,2521.062416,3.966582,Japan,0.455506
semiconductors_and_sme,848620,848620,H6,2022,vessel_count,gulf,Panama Canal,0.080998,0.080998,0.080998,Panama Canal,0.080998,0.080998,0.080998,6414677975,798802459,0.124527,0.000000,0.000000,2521.062416,3.966582,Japan,0.455506
semiconductors_and_sme,848620,848620,H6,2022,vessel_count,national,Malacca Strait,0.032120,0.011357,0.033616,Panama Canal,0.026629,0.026629,0.026629,6414677975,798802459,0.124527,0.000000,0.000000,2521.062416,3.966582,Japan,0.455506
semiconductors_and_sme,848620,848620,H6,2022,vessel_count,west,Luzon Strait,0.033359,0.033359,0.035814,Panama Canal,0.009919,0.009919,0.009919,6414677975,798802459,0.124527,0.000000,0.000000,2521.062416,3.966582,Japan,0.455506
semiconductors_and_sme,848620,848620,H6,2023,export_share,east,Panama Canal,0.250320,0.250320,0.250320,Panama Canal,0.250320,0.250320,0.250320,5810654479,2282269127,0.392773,0.000000,0.000000,1892.523117,5.283951,Japan,0.361660
semiconductors_and_sme,848620,848620,H6,2023,export_share,gulf,Yucatan Channel,0.252566,0.252566,0.252566,Panama Canal,0.252565,0.252565,0.252565,5810654479,2282269127,0.392773,0.000000,0.000000,1892.523117,5.283951,Japan,0.361660
semiconductors_and_sme,848620,848620,H6,2023,export_share,national,Malacca Strait,0.122675,0.029325,0.126200,Panama Canal,0.037744,0.037744,0.037744,5810654479,2282269127,0.392773,0.000000,0.000011,1892.523117,5.283951,Japan,0.361660
semiconductors_and_sme,848620,848620,H6,2023,export_share,west,Luzon Strait,0.124379,0.124379,0.143558,Taiwan Strait,0.031065,0.027561,0.155445,5810654479,2282269127,0.392773,0.000000,0.000000,1892.523117,5.283951,Japan,0.361660
semiconductors_and_sme,848620,848620,H6,2023,vessel_count,east,Panama Canal,0.250254,0.250254,0.250254,Panama Canal,0.250254,0.250254,0.250254,5810654479,2282269127,0.392773,0.000000,0.000000,1892.523117,5.283951,Japan,0.361660
semiconductors_and_sme,848620,848620,H6,2023,vessel_count,gulf,Yucatan Channel,0.252657,0.252657,0.252657,Panama Canal,0.252657,0.252657,0.252657,5810654479,2282269127,0.392773,0.000000,0.000000,1892.523117,5.283951,Japan,0.361660
semiconductors_and_sme,848620,848620,H6,2023,vessel_count,national,Malacca Strait,0.123352,0.029403,0.125974,Panama Canal,0.037741,0.037741,0.037741,5810654479,2282269127,0.392773,0.000000,0.000011,1892.523117,5.283951,Japan,0.361660
semiconductors_and_sme,848620,848620,H6,2023,vessel_count,west,Luzon Strait,0.125136,0.125136,0.139198,Taiwan Strait,0.031529,0.023748,0.156665,5810654479,2282269127,0.392773,0.000000,0.000000,1892.523117,5.283951,Japan,0.361660
semiconductors_and_sme,848620,848620,H6,2024,export_share,east,Panama Canal,0.259576,0.259576,0.259576,Panama Canal,0.259576,0.259576,0.259576,7178698604,3436182312,0.478664,0.000000,0.000000,1574.517366,6.351153,Japan,0.287448
semiconductors_and_sme,848620,848620,H6,2024,export_share,gulf,Yucatan Channel,0.261920,0.261920,0.261920,Panama Canal,0.261920,0.261920,0.261920,7178698604,3436182312,0.478664,0.000000,0.000000,1574.517366,6.351153,Japan,0.287448
semiconductors_and_sme,848620,848620,H6,2024,export_share,national,Malacca Strait,0.151091,0.047437,0.156907,Panama Canal,0.106132,0.106132,0.106132,7178698604,3436182312,0.478664,0.000000,0.000029,1574.517366,6.351153,Japan,0.287448
semiconductors_and_sme,848620,848620,H6,2024,export_share,west,Luzon Strait,0.155000,0.155000,0.171522,Panama Canal,0.060073,0.060073,0.060073,7178698604,3436182312,0.478664,0.000000,0.000000,1574.517366,6.351153,Japan,0.287448
semiconductors_and_sme,848620,848620,H6,2024,vessel_count,east,Panama Canal,0.259471,0.259471,0.259471,Panama Canal,0.259471,0.259471,0.259471,7178698604,3436182312,0.478664,0.000000,0.000000,1574.517366,6.351153,Japan,0.287448
semiconductors_and_sme,848620,848620,H6,2024,vessel_count,gulf,Yucatan Channel,0.262012,0.262012,0.262012,Panama Canal,0.262012,0.262012,0.262012,7178698604,3436182312,0.478664,0.000000,0.000000,1574.517366,6.351153,Japan,0.287448
semiconductors_and_sme,848620,848620,H6,2024,vessel_count,national,Malacca Strait,0.151655,0.047498,0.156516,Panama Canal,0.106120,0.106120,0.106120,7178698604,3436182312,0.478664,0.000000,0.000029,1574.517366,6.351153,Japan,0.287448
semiconductors_and_sme,848620,848620,H6,2024,vessel_count,west,Luzon Strait,0.155745,0.155745,0.167859,Panama Canal,0.060073,0.060073,0.060073,7178698604,3436182312,0.478664,0.000000,0.000000,1574.517366,6.351153,Japan,0.287448
semiconductors_and_sme,848620,848620,H6,2025,export_share,east,Panama Canal,0.182364,0.182364,0.182364,Panama Canal,0.182364,0.182364,0.182364,6986577335,2555938513,0.365836,0.000000,0.000000,1518.446058,6.585680,Netherlands,0.268357
semiconductors_and_sme,848620,848620,H6,2025,export_share,gulf,Yucatan Channel,0.185017,0.185017,0.185017,Panama Canal,0.185016,0.185016,0.185016,6986577335,2555938513,0.365836,0.000000,0.000000,1518.446058,6.585680,Netherlands,0.268357
semiconductors_and_sme,848620,848620,H6,2025,export_share,national,Malacca Strait,0.114735,0.047347,0.121750,Panama Canal,0.101290,0.101290,0.101290,6986577335,2555938513,0.365836,0.000000,0.000000,1518.446058,6.585680,Netherlands,0.268357
semiconductors_and_sme,848620,848620,H6,2025,export_share,west,Luzon Strait,0.120149,0.120149,0.133211,Panama Canal,0.059157,0.059157,0.059157,6986577335,2555938513,0.365836,0.000000,0.000000,1518.446058,6.585680,Netherlands,0.268357
semiconductors_and_sme,848620,848620,H6,2025,vessel_count,east,Panama Canal,0.182126,0.182126,0.182126,Panama Canal,0.182126,0.182126,0.182126,6986577335,2555938513,0.365836,0.000000,0.000000,1518.446058,6.585680,Netherlands,0.268357
semiconductors_and_sme,848620,848620,H6,2025,vessel_count,gulf,Yucatan Channel,0.185101,0.185101,0.185101,Panama Canal,0.185101,0.185101,0.185101,6986577335,2555938513,0.365836,0.000000,0.000000,1518.446058,6.585680,Netherlands,0.268357
semiconductors_and_sme,848620,848620,H6,2025,vessel_count,national,Malacca Strait,0.115163,0.047382,0.121262,Panama Canal,0.101281,0.101281,0.101281,6986577335,2555938513,0.365836,0.000000,0.000000,1518.446058,6.585680,Netherlands,0.268357
semiconductors_and_sme,848620,848620,H6,2025,vessel_count,west,Luzon Strait,0.120823,0.120823,0.130400,Panama Canal,0.059157,0.059157,0.059157,6986577335,2555938513,0.365836,0.000000,0.000000,1518.446058,6.585680,Netherlands,0.268357
semiconductors_and_sme,848630,848630,H5,2018,export_share,east,Panama Canal,0.478629,0.478629,0.478629,Panama Canal,0.478629,0.478629,0.478629,14604569,7349895,0.503260,0.000000,0.000000,2384.169977,4.194332,Japan,0.348459
semiconductors_and_sme,848630,848630,H5,2018,export_share,gulf,Panama Canal,0.482846,0.482846,0.482846,Panama Canal,0.482846,0.482846,0.482846,14604569,7349895,0.503260,0.000000,0.000000,2384.169977,4.194332,Japan,0.348459
semiconductors_and_sme,848630,848630,H5,2018,export_share,national,Taiwan Strait,0.132087,0.115648,0.132126,Taiwan Strait,0.132087,0.115648,0.132126,14604569,7349895,0.503260,0.000000,0.000000,2384.169977,4.194332,Japan,0.348459
semiconductors_and_sme,848630,848630,H5,2018,export_share,west,Taiwan Strait,0.132396,0.115957,0.132438,Taiwan Strait,0.132396,0.115957,0.132438,14604569,7349895,0.503260,0.000000,0.000000,2384.169977,4.194332,Japan,0.348459
semiconductors_and_sme,848630,848630,H5,2018,vessel_count,east,Panama Canal,0.478621,0.478621,0.478621,Panama Canal,0.478621,0.478621,0.478621,14604569,7349895,0.503260,0.000000,0.000000,2384.169977,4.194332,Japan,0.348459
semiconductors_and_sme,848630,848630,H5,2018,vessel_count,gulf,Panama Canal,0.482887,0.482887,0.482887,Panama Canal,0.482887,0.482887,0.482887,14604569,7349895,0.503260,0.000000,0.000000,2384.169977,4.194332,Japan,0.348459
semiconductors_and_sme,848630,848630,H5,2018,vessel_count,national,Taiwan Strait,0.132271,0.095779,0.132272,Taiwan Strait,0.132271,0.095779,0.132272,14604569,7349895,0.503260,0.000000,0.000000,2384.169977,4.194332,Japan,0.348459
semiconductors_and_sme,848630,848630,H5,2018,vessel_count,west,Taiwan Strait,0.132583,0.096091,0.132584,Taiwan Strait,0.132583,0.096091,0.132584,14604569,7349895,0.503260,0.000000,0.000000,2384.169977,4.194332,Japan,0.348459
semiconductors_and_sme,848630,848630,H5,2019,export_share,east,Panama Canal,0.060773,0.060773,0.060773,Panama Canal,0.060773,0.060773,0.060773,9701261,716068,0.073812,0.000000,0.000000,3387.164354,2.952322,Germany,0.533807
semiconductors_and_sme,848630,848630,H5,2019,export_share,gulf,Panama Canal,0.060773,0.060773,0.060773,Panama Canal,0.060773,0.060773,0.060773,9701261,716068,0.073812,0.000000,0.000000,3387.164354,2.952322,Germany,0.533807
semiconductors_and_sme,848630,848630,H5,2019,export_share,national,Tsugaru Strait,0.059313,0.059212,0.059316,Panama Canal,0.018877,0.018877,0.018877,9701261,716068,0.073812,0.000000,0.000000,3387.164354,2.952322,Germany,0.533807
semiconductors_and_sme,848630,848630,H5,2019,export_share,west,Tsugaru Strait,0.059313,0.059212,0.059316,Panama Canal,0.013039,0.013039,0.013039,9701261,716068,0.073812,0.000000,0.000000,3387.164354,2.952322,Germany,0.533807
semiconductors_and_sme,848630,848630,H5,2019,vessel_count,east,Panama Canal,0.060773,0.060773,0.060773,Panama Canal,0.060773,0.060773,0.060773,9701261,716068,0.073812,0.000000,0.000000,3387.164354,2.952322,Germany,0.533807
semiconductors_and_sme,848630,848630,H5,2019,vessel_count,gulf,Panama Canal,0.060773,0.060773,0.060773,Panama Canal,0.060773,0.060773,0.060773,9701261,716068,0.073812,0.000000,0.000000,3387.164354,2.952322,Germany,0.533807
semiconductors_and_sme,848630,848630,H5,2019,vessel_count,national,Tsugaru Strait,0.059391,0.059326,0.059399,Panama Canal,0.018877,0.018877,0.018877,9701261,716068,0.073812,0.000000,0.000000,3387.164354,2.952322,Germany,0.533807
semiconductors_and_sme,848630,848630,H5,2019,vessel_count,west,Tsugaru Strait,0.059391,0.059326,0.059399,Panama Canal,0.013039,0.013039,0.013039,9701261,716068,0.073812,0.000000,0.000000,3387.164354,2.952322,Germany,0.533807
semiconductors_and_sme,848630,848630,H5,2020,export_share,east,Panama Canal,0.210112,0.210112,0.210112,Panama Canal,0.210112,0.210112,0.210112,4341906,934997,0.215343,0.000000,0.000000,2165.693323,4.617459,Rep. of Korea,0.313986
semiconductors_and_sme,848630,848630,H5,2020,export_share,gulf,Panama Canal,0.210311,0.210311,0.210311,Panama Canal,0.210311,0.210311,0.210311,4341906,934997,0.215343,0.000000,0.000000,2165.693323,4.617459,Rep. of Korea,0.313986
semiconductors_and_sme,848630,848630,H5,2020,export_share,national,Taiwan Strait,0.127551,0.111710,0.127551,Taiwan Strait,0.127551,0.111710,0.127551,4341906,934997,0.215343,0.000000,0.000000,2165.693323,4.617459,Rep. of Korea,0.313986
semiconductors_and_sme,848630,848630,H5,2020,export_share,west,Taiwan Strait,0.127568,0.111727,0.127568,Taiwan Strait,0.127568,0.111727,0.127568,4341906,934997,0.215343,0.000000,0.000000,2165.693323,4.617459,Rep. of Korea,0.313986
semiconductors_and_sme,848630,848630,H5,2020,vessel_count,east,Panama Canal,0.210046,0.210046,0.210046,Panama Canal,0.210046,0.210046,0.210046,4341906,934997,0.215343,0.000000,0.000000,2165.693323,4.617459,Rep. of Korea,0.313986
semiconductors_and_sme,848630,848630,H5,2020,vessel_count,gulf,Panama Canal,0.210311,0.210311,0.210311,Panama Canal,0.210311,0.210311,0.210311,4341906,934997,0.215343,0.000000,0.000000,2165.693323,4.617459,Rep. of Korea,0.313986
semiconductors_and_sme,848630,848630,H5,2020,vessel_count,national,Taiwan Strait,0.128807,0.093641,0.128807,Taiwan Strait,0.128807,0.093641,0.128807,4341906,934997,0.215343,0.000000,0.000000,2165.693323,4.617459,Rep. of Korea,0.313986
semiconductors_and_sme,848630,848630,H5,2020,vessel_count,west,Taiwan Strait,0.128830,0.093664,0.128830,Taiwan Strait,0.128830,0.093664,0.128830,4341906,934997,0.215343,0.000000,0.000000,2165.693323,4.617459,Rep. of Korea,0.313986
semiconductors_and_sme,848630,848630,H5,2021,export_share,east,Dover Strait,0.042400,0.042400,0.042400,Panama Canal,0.038937,0.038937,0.038937,4839547,401418,0.082945,0.000000,0.000000,3153.591651,3.170988,Germany,0.520017
semiconductors_and_sme,848630,848630,H5,2021,export_share,gulf,Dover Strait,0.042464,0.042464,0.042464,Panama Canal,0.038959,0.038959,0.038959,4839547,401418,0.082945,0.000000,0.000000,3153.591651,3.170988,Germany,0.520017
semiconductors_and_sme,848630,848630,H5,2021,export_share,national,Panama Canal,0.042742,0.042742,0.042742,Panama Canal,0.042742,0.042742,0.042742,4839547,401418,0.082945,0.000000,0.000000,3153.591651,3.170988,Germany,0.520017
semiconductors_and_sme,848630,848630,H5,2021,export_share,west,Panama Canal,0.043986,0.043986,0.043986,Panama Canal,0.043986,0.043986,0.043986,4839547,401418,0.082945,0.000000,0.000000,3153.591651,3.170988,Germany,0.520017
semiconductors_and_sme,848630,848630,H5,2021,vessel_count,east,Dover Strait,0.042348,0.042348,0.042348,Panama Canal,0.038930,0.038930,0.038930,4839547,401418,0.082945,0.000000,0.000000,3153.591651,3.170988,Germany,0.520017
semiconductors_and_sme,848630,848630,H5,2021,vessel_count,gulf,Dover Strait,0.042455,0.042455,0.042455,Panama Canal,0.038959,0.038959,0.038959,4839547,401418,0.082945,0.000000,0.000000,3153.591651,3.170988,Germany,0.520017
semiconductors_and_sme,848630,848630,H5,2021,vessel_count,national,Panama Canal,0.042740,0.042740,0.042740,Panama Canal,0.042740,0.042740,0.042740,4839547,401418,0.082945,0.000000,0.000000,3153.591651,3.170988,Germany,0.520017
semiconductors_and_sme,848630,848630,H5,2021,vessel_count,west,Panama Canal,0.043986,0.043986,0.043986,Panama Canal,0.043986,0.043986,0.043986,4839547,401418,0.082945,0.000000,0.000000,3153.591651,3.170988,Germany,0.520017
semiconductors_and_sme,848630,848630,H6,2022,export_share,east,Panama Canal,0.234389,0.234389,0.234389,Panama Canal,0.234389,0.234389,0.234389,5999735,1426730,0.237799,0.000000,0.000000,1908.971826,5.238422,Belarus,0.308628
semiconductors_and_sme,848630,848630,H6,2022,export_share,gulf,Panama Canal,0.237799,0.237799,0.237799,Panama Canal,0.237799,0.237799,0.237799,5999735,1426730,0.237799,0.000000,0.000000,1908.971826,5.238422,Belarus,0.308628
semiconductors_and_sme,848630,848630,H6,2022,export_share,national,Tsugaru Strait,0.159422,0.159422,0.159422,Taiwan Strait,0.079339,0.073734,0.079339,5999735,1426730,0.237799,0.000000,0.000000,1908.971826,5.238422,Belarus,0.308628
semiconductors_and_sme,848630,848630,H6,2022,export_share,west,Tsugaru Strait,0.159422,0.159422,0.159422,Taiwan Strait,0.079615,0.074010,0.079615,5999735,1426730,0.237799,0.000000,0.000000,1908.971826,5.238422,Belarus,0.308628
semiconductors_and_sme,848630,848630,H6,2022,vessel_count,east,Panama Canal,0.233254,0.233254,0.233254,Panama Canal,0.233254,0.233254,0.233254,5999735,1426730,0.237799,0.000000,0.000000,1908.971826,5.238422,Belarus,0.308628
semiconductors_and_sme,848630,848630,H6,2022,vessel_count,gulf,Panama Canal,0.237799,0.237799,0.237799,Panama Canal,0.237799,0.237799,0.237799,5999735,1426730,0.237799,0.000000,0.000000,1908.971826,5.238422,Belarus,0.308628
semiconductors_and_sme,848630,848630,H6,2022,vessel_count,national,Tsugaru Strait,0.139231,0.139231,0.139231,Taiwan Strait,0.100961,0.088508,0.100961,5999735,1426730,0.237799,0.000000,0.000000,1908.971826,5.238422,Belarus,0.308628
semiconductors_and_sme,848630,848630,H6,2022,vessel_count,west,Tsugaru Strait,0.139231,0.139231,0.139231,Taiwan Strait,0.101328,0.088875,0.101328,5999735,1426730,0.237799,0.000000,0.000000,1908.971826,5.238422,Belarus,0.308628
semiconductors_and_sme,848630,848630,H6,2023,export_share,east,Panama Canal,0.037698,0.037698,0.037698,Panama Canal,0.037698,0.037698,0.037698,6625248,251403,0.037946,0.000000,0.000000,1581.452276,6.323302,China,0.270536
semiconductors_and_sme,848630,848630,H6,2023,export_share,gulf,Panama Canal,0.037946,0.037946,0.037946,Panama Canal,0.037946,0.037946,0.037946,6625248,251403,0.037946,0.000000,0.000000,1581.452276,6.323302,China,0.270536
semiconductors_and_sme,848630,848630,H6,2023,export_share,national,Tsugaru Strait,0.034318,0.034318,0.034318,Panama Canal,0.029917,0.029917,0.029917,6625248,251403,0.037946,0.000000,0.000000,1581.452276,6.323302,China,0.270536
semiconductors_and_sme,848630,848630,H6,2023,export_share,west,Tsugaru Strait,0.034318,0.034318,0.034318,Taiwan Strait,0.003718,0.003562,0.003718,6625248,251403,0.037946,0.000000,0.000000,1581.452276,6.323302,China,0.270536
semiconductors_and_sme,848630,848630,H6,2023,vessel_count,east,Panama Canal,0.037616,0.037616,0.037616,Panama Canal,0.037616,0.037616,0.037616,6625248,251403,0.037946,0.000000,0.000000,1581.452276,6.323302,China,0.270536
semiconductors_and_sme,848630,848630,H6,2023,vessel_count,gulf,Panama Canal,0.037946,0.037946,0.037946,Panama Canal,0.037946,0.037946,0.037946,6625248,251403,0.037946,0.000000,0.000000,1581.452276,6.323302,China,0.270536
semiconductors_and_sme,848630,848630,H6,2023,vessel_count,national,Tsugaru Strait,0.032849,0.032849,0.032849,Panama Canal,0.029854,0.029854,0.029854,6625248,251403,0.037946,0.000000,0.000000,1581.452276,6.323302,China,0.270536
semiconductors_and_sme,848630,848630,H6,2023,vessel_count,west,Tsugaru Strait,0.032849,0.032849,0.032849,Taiwan Strait,0.005298,0.004950,0.005298,6625248,251403,0.037946,0.000000,0.000000,1581.452276,6.323302,China,0.270536
semiconductors_and_sme,848630,848630,H6,2024,export_share,east,Panama Canal,0.201072,0.201072,0.201072,Panama Canal,0.201072,0.201072,0.201072,10243481,2069197,0.202001,0.000000,0.000000,2240.998370,4.462297,Switzerland,0.388366
semiconductors_and_sme,848630,848630,H6,2024,export_share,gulf,Panama Canal,0.202001,0.202001,0.202001,Panama Canal,0.202001,0.202001,0.202001,10243481,2069197,0.202001,0.000000,0.000000,2240.998370,4.462297,Switzerland,0.388366
semiconductors_and_sme,848630,848630,H6,2024,export_share,national,Tsugaru Strait,0.107749,0.107749,0.107749,Taiwan Strait,0.094528,0.083580,0.094528,10243481,2069197,0.202001,0.000000,0.000000,2240.998370,4.462297,Switzerland,0.388366
semiconductors_and_sme,848630,848630,H6,2024,export_share,west,Tsugaru Strait,0.107749,0.107749,0.107749,Taiwan Strait,0.094590,0.083642,0.094590,10243481,2069197,0.202001,0.000000,0.000000,2240.998370,4.462297,Switzerland,0.388366
semiconductors_and_sme,848630,848630,H6,2024,vessel_count,east,Panama Canal,0.200763,0.200763,0.200763,Panama Canal,0.200763,0.200763,0.200763,10243481,2069197,0.202001,0.000000,0.000000,2240.998370,4.462297,Switzerland,0.388366
semiconductors_and_sme,848630,848630,H6,2024,vessel_count,gulf,Panama Canal,0.202001,0.202001,0.202001,Panama Canal,0.202001,0.202001,0.202001,10243481,2069197,0.202001,0.000000,0.000000,2240.998370,4.462297,Switzerland,0.388366
semiconductors_and_sme,848630,848630,H6,2024,vessel_count,national,Tsugaru Strait,0.102246,0.102246,0.102246,Taiwan Strait,0.100425,0.076120,0.100425,10243481,2069197,0.202001,0.000000,0.000000,2240.998370,4.462297,Switzerland,0.388366
semiconductors_and_sme,848630,848630,H6,2024,vessel_count,west,Tsugaru Strait,0.102246,0.102246,0.102246,Taiwan Strait,0.100508,0.076202,0.100508,10243481,2069197,0.202001,0.000000,0.000000,2240.998370,4.462297,Switzerland,0.388366
semiconductors_and_sme,848630,848630,H6,2025,export_share,east,Panama Canal,0.400800,0.400800,0.400800,Panama Canal,0.400800,0.400800,0.400800,14976881,9219715,0.615596,0.000000,0.000000,2092.932414,4.777985,Rep. of Korea,0.320585
semiconductors_and_sme,848630,848630,H6,2025,export_share,gulf,Panama Canal,0.402899,0.402899,0.402899,Panama Canal,0.402899,0.402899,0.402899,14976881,9219715,0.615596,0.000000,0.000000,2092.932414,4.777985,Rep. of Korea,0.320585
semiconductors_and_sme,848630,848630,H6,2025,export_share,national,Tsugaru Strait,0.358786,0.358665,0.358790,Panama Canal,0.306647,0.306647,0.306647,14976881,9219715,0.615596,0.000000,0.000000,2092.932414,4.777985,Rep. of Korea,0.320585
semiconductors_and_sme,848630,848630,H6,2025,export_share,west,Tsugaru Strait,0.358786,0.358665,0.358790,Panama Canal,0.212698,0.212698,0.212698,14976881,9219715,0.615596,0.000000,0.000000,2092.932414,4.777985,Rep. of Korea,0.320585
semiconductors_and_sme,848630,848630,H6,2025,vessel_count,east,Panama Canal,0.400102,0.400102,0.400102,Panama Canal,0.400102,0.400102,0.400102,14976881,9219715,0.615596,0.000000,0.000000,2092.932414,4.777985,Rep. of Korea,0.320585
semiconductors_and_sme,848630,848630,H6,2025,vessel_count,gulf,Panama Canal,0.402899,0.402899,0.402899,Panama Canal,0.402899,0.402899,0.402899,14976881,9219715,0.615596,0.000000,0.000000,2092.932414,4.777985,Rep. of Korea,0.320585
semiconductors_and_sme,848630,848630,H6,2025,vessel_count,national,Tsugaru Strait,0.346455,0.346377,0.346464,Panama Canal,0.306300,0.306300,0.306300,14976881,9219715,0.615596,0.000000,0.000000,2092.932414,4.777985,Rep. of Korea,0.320585
semiconductors_and_sme,848630,848630,H6,2025,vessel_count,west,Tsugaru Strait,0.346455,0.346377,0.346464,Panama Canal,0.212698,0.212698,0.212698,14976881,9219715,0.615596,0.000000,0.000000,2092.932414,4.777985,Rep. of Korea,0.320585
semiconductors_and_sme,848640,848640,H5,2018,export_share,east,Panama Canal,0.172664,0.172664,0.172664,Panama Canal,0.172664,0.172664,0.172664,635674269,131358436,0.206644,0.000000,0.000000,2105.763747,4.748871,Japan,0.362462
semiconductors_and_sme,848640,848640,H5,2018,export_share,gulf,Panama Canal,0.173838,0.173838,0.173838,Panama Canal,0.173838,0.173838,0.173838,635674269,131358436,0.206644,0.000000,0.000000,2105.763747,4.748871,Japan,0.362462
semiconductors_and_sme,848640,848640,H5,2018,export_share,national,Tsugaru Strait,0.054252,0.047706,0.054449,Panama Canal,0.045305,0.045305,0.045305,635674269,131358436,0.206644,0.000000,0.000000,2105.763747,4.748871,Japan,0.362462
semiconductors_and_sme,848640,848640,H5,2018,export_share,west,Tsugaru Strait,0.054252,0.047706,0.054449,Taiwan Strait,0.024657,0.022096,0.050789,635674269,131358436,0.206644,0.000000,0.000000,2105.763747,4.748871,Japan,0.362462
semiconductors_and_sme,848640,848640,H5,2018,vessel_count,east,Panama Canal,0.172530,0.172530,0.172530,Panama Canal,0.172530,0.172530,0.172530,635674269,131358436,0.206644,0.000000,0.000000,2105.763747,4.748871,Japan,0.362462
semiconductors_and_sme,848640,848640,H5,2018,vessel_count,gulf,Panama Canal,0.173874,0.173874,0.173874,Panama Canal,0.173874,0.173874,0.173874,635674269,131358436,0.206644,0.000000,0.000000,2105.763747,4.748871,Japan,0.362462
semiconductors_and_sme,848640,848640,H5,2018,vessel_count,national,Tsugaru Strait,0.056979,0.052754,0.057501,Panama Canal,0.045275,0.045275,0.045275,635674269,131358436,0.206644,0.000000,0.000000,2105.763747,4.748871,Japan,0.362462
semiconductors_and_sme,848640,848640,H5,2018,vessel_count,west,Tsugaru Strait,0.056979,0.052754,0.057501,Taiwan Strait,0.026909,0.021222,0.053328,635674269,131358436,0.206644,0.000000,0.000000,2105.763747,4.748871,Japan,0.362462
semiconductors_and_sme,848640,848640,H5,2019,export_share,east,Panama Canal,0.248191,0.248191,0.248191,Panama Canal,0.248191,0.248191,0.248191,519022061,161116295,0.310423,0.000000,0.000000,1989.283869,5.026935,Japan,0.368839
semiconductors_and_sme,848640,848640,H5,2019,export_share,gulf,Panama Canal,0.254838,0.254838,0.254838,Panama Canal,0.254838,0.254838,0.254838,519022061,161116295,0.310423,0.000000,0.000000,1989.283869,5.026935,Japan,0.368839
semiconductors_and_sme,848640,848640,H5,2019,export_share,national,Malacca Strait,0.042662,0.010429,0.043834,Taiwan Strait,0.039492,0.035341,0.078085,519022061,161116295,0.310423,0.000000,0.000000,1989.283869,5.026935,Japan,0.368839
semiconductors_and_sme,848640,848640,H5,2019,export_share,west,Luzon Strait,0.042669,0.042669,0.065707,Taiwan Strait,0.040093,0.035942,0.082762,519022061,161116295,0.310423,0.000000,0.000000,1989.283869,5.026935,Japan,0.368839
semiconductors_and_sme,848640,848640,H5,2019,vessel_count,east,Panama Canal,0.248146,0.248146,0.248146,Panama Canal,0.248146,0.248146,0.248146,519022061,161116295,0.310423,0.000000,0.000000,1989.283869,5.026935,Japan,0.368839
semiconductors_and_sme,848640,848640,H5,2019,vessel_count,gulf,Panama Canal,0.254869,0.254869,0.254869,Panama Canal,0.254869,0.254869,0.254869,519022061,161116295,0.310423,0.000000,0.000000,1989.283869,5.026935,Japan,0.368839
semiconductors_and_sme,848640,848640,H5,2019,vessel_count,national,Tsugaru Strait,0.048821,0.041062,0.049781,Taiwan Strait,0.039775,0.030559,0.078601,519022061,161116295,0.310423,0.000000,0.000000,1989.283869,5.026935,Japan,0.368839
semiconductors_and_sme,848640,848640,H5,2019,vessel_count,west,Tsugaru Strait,0.048821,0.041062,0.049781,Taiwan Strait,0.040351,0.031135,0.083277,519022061,161116295,0.310423,0.000000,0.000000,1989.283869,5.026935,Japan,0.368839
semiconductors_and_sme,848640,848640,H5,2020,export_share,east,Panama Canal,0.120687,0.120687,0.120687,Panama Canal,0.120687,0.120687,0.120687,429089445,79098470,0.184340,0.000000,0.000000,1951.440876,5.124419,Japan,0.337688
semiconductors_and_sme,848640,848640,H5,2020,export_share,gulf,Panama Canal,0.125627,0.125627,0.125627,Panama Canal,0.125627,0.125627,0.125627,429089445,79098470,0.184340,0.000000,0.000000,1951.440876,5.124419,Japan,0.337688
semiconductors_and_sme,848640,848640,H5,2020,export_share,national,Malacca Strait,0.045758,0.015770,0.048221,Panama Canal,0.028864,0.028864,0.028864,429089445,79098470,0.184340,0.000000,0.004909,1951.440876,5.124419,Japan,0.337688
semiconductors_and_sme,848640,848640,H5,2020,export_share,west,Luzon Strait,0.046942,0.046942,0.047379,Panama Canal,0.010877,0.010877,0.010877,429089445,79098470,0.184340,0.000000,0.000000,1951.440876,5.124419,Japan,0.337688
semiconductors_and_sme,848640,848640,H5,2020,vessel_count,east,Panama Canal,0.120640,0.120640,0.120640,Panama Canal,0.120640,0.120640,0.120640,429089445,79098470,0.184340,0.000000,0.000000,1951.440876,5.124419,Japan,0.337688
semiconductors_and_sme,848640,848640,H5,2020,vessel_count,gulf,Panama Canal,0.125676,0.125676,0.125676,Panama Canal,0.125676,0.125676,0.125676,429089445,79098470,0.184340,0.000000,0.000000,1951.440876,5.124419,Japan,0.337688
semiconductors_and_sme,848640,848640,H5,2020,vessel_count,national,Malacca Strait,0.046087,0.015807,0.048059,Panama Canal,0.028859,0.028859,0.028859,429089445,79098470,0.184340,0.000000,0.004909,1951.440876,5.124419,Japan,0.337688
semiconductors_and_sme,848640,848640,H5,2020,vessel_count,west,Luzon Strait,0.047340,0.047340,0.047661,Panama Canal,0.010877,0.010877,0.010877,429089445,79098470,0.184340,0.000000,0.000000,1951.440876,5.124419,Japan,0.337688
semiconductors_and_sme,848640,848640,H5,2021,export_share,east,Panama Canal,0.056141,0.056141,0.056141,Panama Canal,0.056141,0.056141,0.056141,581503681,65422576,0.112506,0.000000,0.000000,1515.934805,6.596590,Japan,0.253730
semiconductors_and_sme,848640,848640,H5,2021,export_share,gulf,Panama Canal,0.060584,0.060584,0.060584,Panama Canal,0.060584,0.060584,0.060584,581503681,65422576,0.112506,0.000000,0.000000,1515.934805,6.596590,Japan,0.253730
semiconductors_and_sme,848640,848640,H5,2021,export_share,national,Malacca Strait,0.029378,0.017763,0.034788,Panama Canal,0.028839,0.028839,0.028839,581503681,65422576,0.112506,0.000000,0.000000,1515.934805,6.596590,Japan,0.253730
semiconductors_and_sme,848640,848640,H5,2021,export_share,west,Luzon Strait,0.032563,0.032563,0.033634,Panama Canal,0.018007,0.018007,0.018007,581503681,65422576,0.112506,0.000000,0.000000,1515.934805,6.596590,Japan,0.253730
semiconductors_and_sme,848640,848640,H5,2021,vessel_count,east,Panama Canal,0.056066,0.056066,0.056066,Panama Canal,0.056066,0.056066,0.056066,581503681,65422576,0.112506,0.000000,0.000000,1515.934805,6.596590,Japan,0.253730
semiconductors_and_sme,848640,848640,H5,2021,vessel_count,gulf,Panama Canal,0.060658,0.060658,0.060658,Panama Canal,0.060658,0.060658,0.060658,581503681,65422576,0.112506,0.000000,0.000000,1515.934805,6.596590,Japan,0.253730
semiconductors_and_sme,848640,848640,H5,2021,vessel_count,national,Malacca Strait,0.029806,0.017809,0.034422,Panama Canal,0.028825,0.028825,0.028825,581503681,65422576,0.112506,0.000000,0.000000,1515.934805,6.596590,Japan,0.253730
semiconductors_and_sme,848640,848640,H5,2021,vessel_count,west,Luzon Strait,0.033166,0.033166,0.033951,Panama Canal,0.018007,0.018007,0.018007,581503681,65422576,0.112506,0.000000,0.000000,1515.934805,6.596590,Japan,0.253730
semiconductors_and_sme,848640,848640,H6,2022,export_share,east,Panama Canal,0.102745,0.102745,0.102745,Panama Canal,0.102745,0.102745,0.102745,925984109,158435013,0.171099,0.000000,0.000000,1967.303822,5.083099,Singapore,0.307355
semiconductors_and_sme,848640,848640,H6,2022,export_share,gulf,Panama Canal,0.107401,0.107401,0.107401,Panama Canal,0.107401,0.107401,0.107401,925984109,158435013,0.171099,0.000000,0.000000,1967.303822,5.083099,Singapore,0.307355
semiconductors_and_sme,848640,848640,H6,2022,export_share,national,Malacca Strait,0.044073,0.026756,0.053100,Panama Canal,0.043388,0.043388,0.043388,925984109,158435013,0.171099,0.000000,0.000000,1967.303822,5.083099,Singapore,0.307355
semiconductors_and_sme,848640,848640,H6,2022,export_share,west,Luzon Strait,0.050128,0.050128,0.054266,Taiwan Strait,0.011884,0.011087,0.062011,925984109,158435013,0.171099,0.000000,0.000000,1967.303822,5.083099,Singapore,0.307355
semiconductors_and_sme,848640,848640,H6,2022,vessel_count,east,Panama Canal,0.102694,0.102694,0.102694,Panama Canal,0.102694,0.102694,0.102694,925984109,158435013,0.171099,0.000000,0.000000,1967.303822,5.083099,Singapore,0.307355
semiconductors_and_sme,848640,848640,H6,2022,vessel_count,gulf,Panama Canal,0.107506,0.107506,0.107506,Panama Canal,0.107506,0.107506,0.107506,925984109,158435013,0.171099,0.000000,0.000000,1967.303822,5.083099,Singapore,0.307355
semiconductors_and_sme,848640,848640,H6,2022,vessel_count,national,Malacca Strait,0.044605,0.026800,0.052474,Panama Canal,0.043375,0.043375,0.043375,925984109,158435013,0.171099,0.000000,0.000000,1967.303822,5.083099,Singapore,0.307355
semiconductors_and_sme,848640,848640,H6,2022,vessel_count,west,Luzon Strait,0.050977,0.050977,0.054011,Taiwan Strait,0.011913,0.010145,0.062890,925984109,158435013,0.171099,0.000000,0.000000,1967.303822,5.083099,Singapore,0.307355
semiconductors_and_sme,848640,848640,H6,2023,export_share,east,Panama Canal,0.232501,0.232501,0.232501,Panama Canal,0.232501,0.232501,0.232501,1068955874,384080146,0.359304,0.000000,0.000000,1289.241422,7.756499,Singapore,0.256680
semiconductors_and_sme,848640,848640,H6,2023,export_share,gulf,Panama Canal,0.244625,0.244625,0.244625,Panama Canal,0.244625,0.244625,0.244625,1068955874,384080146,0.359304,0.000000,0.000000,1289.241422,7.756499,Singapore,0.256680
semiconductors_and_sme,848640,848640,H6,2023,export_share,national,Panama Canal,0.133921,0.133921,0.133921,Panama Canal,0.133921,0.133921,0.133921,1068955874,384080146,0.359304,0.000000,0.000270,1289.241422,7.756499,Singapore,0.256680
semiconductors_and_sme,848640,848640,H6,2023,export_share,west,Tsugaru Strait,0.123301,0.119137,0.123427,Taiwan Strait,0.060273,0.056180,0.144989,1068955874,384080146,0.359304,0.000000,0.000000,1289.241422,7.756499,Singapore,0.256680
semiconductors_and_sme,848640,848640,H6,2023,vessel_count,east,Panama Canal,0.231845,0.231845,0.231845,Panama Canal,0.231845,0.231845,0.231845,1068955874,384080146,0.359304,0.000000,0.000000,1289.241422,7.756499,Singapore,0.256680
semiconductors_and_sme,848640,848640,H6,2023,vessel_count,gulf,Panama Canal,0.244679,0.244679,0.244679,Panama Canal,0.244679,0.244679,0.244679,1068955874,384080146,0.359304,0.000000,0.000000,1289.241422,7.756499,Singapore,0.256680
semiconductors_and_sme,848640,848640,H6,2023,vessel_count,national,Panama Canal,0.133704,0.133704,0.133704,Panama Canal,0.133704,0.133704,0.133704,1068955874,384080146,0.359304,0.000000,0.000270,1289.241422,7.756499,Singapore,0.256680
semiconductors_and_sme,848640,848640,H6,2023,vessel_count,west,Tsugaru Strait,0.115801,0.113113,0.116133,Taiwan Strait,0.071347,0.062253,0.156504,1068955874,384080146,0.359304,0.000000,0.000000,1289.241422,7.756499,Singapore,0.256680
semiconductors_and_sme,848640,848640,H6,2024,export_share,east,Panama Canal,0.213998,0.213998,0.213998,Panama Canal,0.213998,0.213998,0.213998,1278624516,493414787,0.385895,0.000000,0.000000,1298.750773,7.699707,Singapore,0.266943
semiconductors_and_sme,848640,848640,H6,2024,export_share,gulf,Panama Canal,0.229357,0.229357,0.229357,Panama Canal,0.229357,0.229357,0.229357,1278624516,493414787,0.385895,0.000000,0.000000,1298.750773,7.699707,Singapore,0.266943
semiconductors_and_sme,848640,848640,H6,2024,export_share,national,Tsugaru Strait,0.131473,0.128225,0.131571,Panama Canal,0.112539,0.112539,0.112539,1278624516,493414787,0.385895,0.000000,0.000000,1298.750773,7.699707,Singapore,0.266943
semiconductors_and_sme,848640,848640,H6,2024,export_share,west,Tsugaru Strait,0.131473,0.128225,0.131571,Taiwan Strait,0.050382,0.048327,0.172789,1278624516,493414787,0.385895,0.000000,0.000000,1298.750773,7.699707,Singapore,0.266943
semiconductors_and_sme,848640,848640,H6,2024,vessel_count,east,Panama Canal,0.213248,0.213248,0.213248,Panama Canal,0.213248,0.213248,0.213248,1278624516,493414787,0.385895,0.000000,0.000000,1298.750773,7.699707,Singapore,0.266943
semiconductors_and_sme,848640,848640,H6,2024,vessel_count,gulf,Panama Canal,0.229416,0.229416,0.229416,Panama Canal,0.229416,0.229416,0.229416,1278624516,493414787,0.385895,0.000000,0.000000,1298.750773,7.699707,Singapore,0.266943
semiconductors_and_sme,848640,848640,H6,2024,vessel_count,national,Malacca Strait,0.122000,0.058973,0.127278,Panama Canal,0.112342,0.112342,0.112342,1278624516,493414787,0.385895,0.000000,0.000000,1298.750773,7.699707,Singapore,0.266943
semiconductors_and_sme,848640,848640,H6,2024,vessel_count,west,Luzon Strait,0.122881,0.122881,0.128150,Taiwan Strait,0.063352,0.058782,0.186233,1278624516,493414787,0.385895,0.000000,0.000000,1298.750773,7.699707,Singapore,0.266943
semiconductors_and_sme,848640,848640,H6,2025,export_share,east,Panama Canal,0.219256,0.219256,0.219256,Panama Canal,0.219256,0.219256,0.219256,1067020513,415465876,0.389370,0.000000,0.000000,1189.575294,8.406362,Japan,0.200088
semiconductors_and_sme,848640,848640,H6,2025,export_share,gulf,Panama Canal,0.232826,0.232826,0.232826,Panama Canal,0.232826,0.232826,0.232826,1067020513,415465876,0.389370,0.000000,0.000000,1189.575294,8.406362,Japan,0.200088
semiconductors_and_sme,848640,848640,H6,2025,export_share,national,Panama Canal,0.122991,0.122991,0.122991,Panama Canal,0.122991,0.122991,0.122991,1067020513,415465876,0.389370,0.000000,0.000000,1189.575294,8.406362,Japan,0.200088
semiconductors_and_sme,848640,848640,H6,2025,export_share,west,Luzon Strait,0.115793,0.115793,0.127795,Taiwan Strait,0.053948,0.051070,0.169741,1067020513,415465876,0.389370,0.000000,0.000000,1189.575294,8.406362,Japan,0.200088
semiconductors_and_sme,848640,848640,H6,2025,vessel_count,east,Panama Canal,0.218582,0.218582,0.218582,Panama Canal,0.218582,0.218582,0.218582,1067020513,415465876,0.389370,0.000000,0.000000,1189.575294,8.406362,Japan,0.200088
semiconductors_and_sme,848640,848640,H6,2025,vessel_count,gulf,Panama Canal,0.232922,0.232922,0.232922,Panama Canal,0.232922,0.232922,0.232922,1067020513,415465876,0.389370,0.000000,0.000000,1189.575294,8.406362,Japan,0.200088
semiconductors_and_sme,848640,848640,H6,2025,vessel_count,national,Panama Canal,0.122809,0.122809,0.122809,Panama Canal,0.122809,0.122809,0.122809,1067020513,415465876,0.389370,0.000000,0.000000,1189.575294,8.406362,Japan,0.200088
semiconductors_and_sme,848640,848640,H6,2025,vessel_count,west,Luzon Strait,0.116540,0.116540,0.125340,Taiwan Strait,0.065947,0.059551,0.182487,1067020513,415465876,0.389370,0.000000,0.000000,1189.575294,8.406362,Japan,0.200088
semiconductors_and_sme,848690,848690,H5,2018,export_share,east,Panama Canal,0.032257,0.032257,0.032257,Panama Canal,0.032257,0.032257,0.032257,3895462154,144430234,0.037077,0.000000,0.000000,1788.730664,5.590557,Japan,0.302171
semiconductors_and_sme,848690,848690,H5,2018,export_share,gulf,Yucatan Channel,0.032499,0.032499,0.032499,Panama Canal,0.032497,0.032497,0.032497,3895462154,144430234,0.037077,0.000000,0.000000,1788.730664,5.590557,Japan,0.302171
semiconductors_and_sme,848690,848690,H5,2018,export_share,national,Tsugaru Strait,0.013920,0.013389,0.013936,Panama Canal,0.013294,0.013294,0.013294,3895462154,144430234,0.037077,0.000000,0.000000,1788.730664,5.590557,Japan,0.302171
semiconductors_and_sme,848690,848690,H5,2018,export_share,west,Tsugaru Strait,0.013920,0.013389,0.013936,Taiwan Strait,0.003570,0.003293,0.006198,3895462154,144430234,0.037077,0.000000,0.000000,1788.730664,5.590557,Japan,0.302171
semiconductors_and_sme,848690,848690,H5,2018,vessel_count,east,Panama Canal,0.032215,0.032215,0.032215,Panama Canal,0.032215,0.032215,0.032215,3895462154,144430234,0.037077,0.000000,0.000000,1788.730664,5.590557,Japan,0.302171
semiconductors_and_sme,848690,848690,H5,2018,vessel_count,gulf,Yucatan Channel,0.032499,0.032499,0.032499,Panama Canal,0.032498,0.032498,0.032498,3895462154,144430234,0.037077,0.000000,0.000000,1788.730664,5.590557,Japan,0.302171
semiconductors_and_sme,848690,848690,H5,2018,vessel_count,national,Tsugaru Strait,0.013561,0.013219,0.013603,Panama Canal,0.013279,0.013279,0.013279,3895462154,144430234,0.037077,0.000000,0.000000,1788.730664,5.590557,Japan,0.302171
semiconductors_and_sme,848690,848690,H5,2018,vessel_count,west,Tsugaru Strait,0.013561,0.013219,0.013603,Taiwan Strait,0.004374,0.003758,0.007026,3895462154,144430234,0.037077,0.000000,0.000000,1788.730664,5.590557,Japan,0.302171
semiconductors_and_sme,848690,848690,H5,2019,export_share,east,Panama Canal,0.046424,0.046424,0.046424,Panama Canal,0.046424,0.046424,0.046424,3131494856,180524103,0.057648,0.000000,0.000000,2349.672146,4.255913,Japan,0.432337
semiconductors_and_sme,848690,848690,H5,2019,export_share,gulf,Yucatan Channel,0.046688,0.046688,0.046688,Panama Canal,0.046685,0.046685,0.046685,3131494856,180524103,0.057648,0.000000,0.000000,2349.672146,4.255913,Japan,0.432337
semiconductors_and_sme,848690,848690,H5,2019,export_share,national,Panama Canal,0.017574,0.017574,0.017574,Panama Canal,0.017574,0.017574,0.017574,3131494856,180524103,0.057648,0.000000,0.000233,2349.672146,4.255913,Japan,0.432337
semiconductors_and_sme,848690,848690,H5,2019,export_share,west,Tsugaru Strait,0.015940,0.014600,0.015981,Taiwan Strait,0.004703,0.004271,0.012856,3131494856,180524103,0.057648,0.000000,0.000000,2349.672146,4.255913,Japan,0.432337
semiconductors_and_sme,848690,848690,H5,2019,vessel_count,east,Panama Canal,0.046381,0.046381,0.046381,Panama Canal,0.046381,0.046381,0.046381,3131494856,180524103,0.057648,0.000000,0.000000,2349.672146,4.255913,Japan,0.432337
semiconductors_and_sme,848690,848690,H5,2019,vessel_count,gulf,Yucatan Channel,0.046685,0.046685,0.046685,Panama Canal,0.046685,0.046685,0.046685,3131494856,180524103,0.057648,0.000000,0.000000,2349.672146,4.255913,Japan,0.432337
semiconductors_and_sme,848690,848690,H5,2019,vessel_count,national,Panama Canal,0.017561,0.017561,0.017561,Panama Canal,0.017561,0.017561,0.017561,3131494856,180524103,0.057648,0.000000,0.000233,2349.672146,4.255913,Japan,0.432337
semiconductors_and_sme,848690,848690,H5,2019,vessel_count,west,Tsugaru Strait,0.016279,0.015415,0.016386,Taiwan Strait,0.005449,0.004490,0.013616,3131494856,180524103,0.057648,0.000000,0.000000,2349.672146,4.255913,Japan,0.432337
semiconductors_and_sme,848690,848690,H5,2020,export_share,east,Panama Canal,0.039578,0.039578,0.039578,Panama Canal,0.039578,0.039578,0.039578,3768417687,169663732,0.045023,0.000000,0.000000,2086.424547,4.792888,Japan,0.336564
semiconductors_and_sme,848690,848690,H5,2020,export_share,gulf,Yucatan Channel,0.039845,0.039845,0.039845,Panama Canal,0.039844,0.039844,0.039844,3768417687,169663732,0.045023,0.000000,0.000000,2086.424547,4.792888,Japan,0.336564
semiconductors_and_sme,848690,848690,H5,2020,export_share,national,Panama Canal,0.017747,0.017747,0.017747,Panama Canal,0.017747,0.017747,0.017747,3768417687,169663732,0.045023,0.000000,0.000853,2086.424547,4.792888,Japan,0.336564
semiconductors_and_sme,848690,848690,H5,2020,export_share,west,Tsugaru Strait,0.011271,0.010034,0.011308,Taiwan Strait,0.002325,0.002125,0.005827,3768417687,169663732,0.045023,0.000000,0.000000,2086.424547,4.792888,Japan,0.336564
semiconductors_and_sme,848690,848690,H5,2020,vessel_count,east,Panama Canal,0.039560,0.039560,0.039560,Panama Canal,0.039560,0.039560,0.039560,3768417687,169663732,0.045023,0.000000,0.000000,2086.424547,4.792888,Japan,0.336564
semiconductors_and_sme,848690,848690,H5,2020,vessel_count,gulf,Yucatan Channel,0.039847,0.039847,0.039847,Panama Canal,0.039847,0.039847,0.039847,3768417687,169663732,0.045023,0.000000,0.000000,2086.424547,4.792888,Japan,0.336564
semiconductors_and_sme,848690,848690,H5,2020,vessel_count,national,Panama Canal,0.017740,0.017740,0.017740,Panama Canal,0.017740,0.017740,0.017740,3768417687,169663732,0.045023,0.000000,0.000853,2086.424547,4.792888,Japan,0.336564
semiconductors_and_sme,848690,848690,H5,2020,vessel_count,west,Tsugaru Strait,0.011928,0.011130,0.012027,Taiwan Strait,0.002605,0.002161,0.006154,3768417687,169663732,0.045023,0.000000,0.000000,2086.424547,4.792888,Japan,0.336564
semiconductors_and_sme,848690,848690,H5,2021,export_share,east,Panama Canal,0.058542,0.058542,0.058542,Panama Canal,0.058542,0.058542,0.058542,3686042058,236230497,0.064088,0.000000,0.000000,1761.009798,5.678560,Japan,0.338854
semiconductors_and_sme,848690,848690,H5,2021,export_share,gulf,Yucatan Channel,0.058941,0.058941,0.058941,Panama Canal,0.058939,0.058939,0.058939,3686042058,236230497,0.064088,0.000000,0.000000,1761.009798,5.678560,Japan,0.338854
semiconductors_and_sme,848690,848690,H5,2021,export_share,national,Panama Canal,0.032444,0.032444,0.032444,Panama Canal,0.032444,0.032444,0.032444,3686042058,236230497,0.064088,0.000000,0.000248,1761.009798,5.678560,Japan,0.338854
semiconductors_and_sme,848690,848690,H5,2021,export_share,west,Tsugaru Strait,0.014689,0.012925,0.014742,Taiwan Strait,0.004481,0.004025,0.006709,3686042058,236230497,0.064088,0.000000,0.000000,1761.009798,5.678560,Japan,0.338854
semiconductors_and_sme,848690,848690,H5,2021,vessel_count,east,Panama Canal,0.058521,0.058521,0.058521,Panama Canal,0.058521,0.058521,0.058521,3686042058,236230497,0.064088,0.000000,0.000000,1761.009798,5.678560,Japan,0.338854
semiconductors_and_sme,848690,848690,H5,2021,vessel_count,gulf,Yucatan Channel,0.058942,0.058942,0.058942,Panama Canal,0.058942,0.058942,0.058942,3686042058,236230497,0.064088,0.000000,0.000000,1761.009798,5.678560,Japan,0.338854
semiconductors_and_sme,848690,848690,H5,2021,vessel_count,national,Panama Canal,0.032433,0.032433,0.032433,Panama Canal,0.032433,0.032433,0.032433,3686042058,236230497,0.064088,0.000000,0.000248,1761.009798,5.678560,Japan,0.338854
semiconductors_and_sme,848690,848690,H5,2021,vessel_count,west,Tsugaru Strait,0.015702,0.014564,0.015843,Taiwan Strait,0.004830,0.003819,0.007097,3686042058,236230497,0.064088,0.000000,0.000000,1761.009798,5.678560,Japan,0.338854
semiconductors_and_sme,848690,848690,H6,2022,export_share,east,Panama Canal,0.057188,0.057188,0.057188,Panama Canal,0.057188,0.057188,0.057188,4063166597,315624604,0.077679,0.000000,0.000000,1601.899944,6.242587,Japan,0.315552
semiconductors_and_sme,848690,848690,H6,2022,export_share,gulf,Yucatan Channel,0.057803,0.057803,0.057803,Panama Canal,0.057796,0.057796,0.057796,4063166597,315624604,0.077679,0.000000,0.000000,1601.899944,6.242587,Japan,0.315552
semiconductors_and_sme,848690,848690,H6,2022,export_share,national,Panama Canal,0.031538,0.031538,0.031538,Panama Canal,0.031538,0.031538,0.031538,4063166597,315624604,0.077679,0.000000,0.000154,1601.899944,6.242587,Japan,0.315552
semiconductors_and_sme,848690,848690,H6,2022,export_share,west,Tsugaru Strait,0.021846,0.020880,0.021875,Taiwan Strait,0.006786,0.006259,0.020531,4063166597,315624604,0.077679,0.000000,0.000000,1601.899944,6.242587,Japan,0.315552
semiconductors_and_sme,848690,848690,H6,2022,vessel_count,east,Panama Canal,0.057098,0.057098,0.057098,Panama Canal,0.057098,0.057098,0.057098,4063166597,315624604,0.077679,0.000000,0.000000,1601.899944,6.242587,Japan,0.315552
semiconductors_and_sme,848690,848690,H6,2022,vessel_count,gulf,Yucatan Channel,0.057804,0.057804,0.057804,Panama Canal,0.057802,0.057802,0.057802,4063166597,315624604,0.077679,0.000000,0.000000,1601.899944,6.242587,Japan,0.315552
semiconductors_and_sme,848690,848690,H6,2022,vessel_count,national,Panama Canal,0.031499,0.031499,0.031499,Panama Canal,0.031499,0.031499,0.031499,4063166597,315624604,0.077679,0.000000,0.000154,1601.899944,6.242587,Japan,0.315552
semiconductors_and_sme,848690,848690,H6,2022,vessel_count,west,Tsugaru Strait,0.021206,0.020582,0.021283,Taiwan Strait,0.008153,0.006983,0.022017,4063166597,315624604,0.077679,0.000000,0.000000,1601.899944,6.242587,Japan,0.315552
semiconductors_and_sme,848690,848690,H6,2023,export_share,east,Windward Passage,0.094817,0.094817,0.094817,Panama Canal,0.094817,0.094817,0.094817,3623087329,403765006,0.111442,0.000000,0.000000,1680.177847,5.951751,Japan,0.339569
semiconductors_and_sme,848690,848690,H6,2023,export_share,gulf,Yucatan Channel,0.095705,0.095705,0.095705,Panama Canal,0.095704,0.095704,0.095704,3623087329,403765006,0.111442,0.000000,0.000000,1680.177847,5.951751,Japan,0.339569
semiconductors_and_sme,848690,848690,H6,2023,export_share,national,Panama Canal,0.036634,0.036634,0.036634,Panama Canal,0.036634,0.036634,0.036634,3623087329,403765006,0.111442,0.000000,0.000083,1680.177847,5.951751,Japan,0.339569
semiconductors_and_sme,848690,848690,H6,2023,export_share,west,Tsugaru Strait,0.031827,0.029387,0.031900,Taiwan Strait,0.013650,0.012425,0.023829,3623087329,403765006,0.111442,0.000000,0.000000,1680.177847,5.951751,Japan,0.339569
semiconductors_and_sme,848690,848690,H6,2023,vessel_count,east,Windward Passage,0.094688,0.094688,0.094688,Panama Canal,0.094688,0.094688,0.094688,3623087329,403765006,0.111442,0.000000,0.000000,1680.177847,5.951751,Japan,0.339569
semiconductors_and_sme,848690,848690,H6,2023,vessel_count,gulf,Yucatan Channel,0.095723,0.095723,0.095723,Panama Canal,0.095722,0.095722,0.095722,3623087329,403765006,0.111442,0.000000,0.000000,1680.177847,5.951751,Japan,0.339569
semiconductors_and_sme,848690,848690,H6,2023,vessel_count,national,Panama Canal,0.036592,0.036592,0.036592,Panama Canal,0.036592,0.036592,0.036592,3623087329,403765006,0.111442,0.000000,0.000083,1680.177847,5.951751,Japan,0.339569
semiconductors_and_sme,848690,848690,H6,2023,vessel_count,west,Tsugaru Strait,0.031578,0.030003,0.031773,Taiwan Strait,0.015797,0.013077,0.026129,3623087329,403765006,0.111442,0.000000,0.000000,1680.177847,5.951751,Japan,0.339569
semiconductors_and_sme,848690,848690,H6,2024,export_share,east,Panama Canal,0.108656,0.108656,0.108656,Panama Canal,0.108656,0.108656,0.108656,4309581544,571784253,0.132677,0.000000,0.000000,1628.983978,6.138796,Japan,0.331265
semiconductors_and_sme,848690,848690,H6,2024,export_share,gulf,Yucatan Channel,0.109733,0.109733,0.109733,Panama Canal,0.109732,0.109732,0.109732,4309581544,571784253,0.132677,0.000000,0.000000,1628.983978,6.138796,Japan,0.331265
semiconductors_and_sme,848690,848690,H6,2024,export_share,national,Panama Canal,0.045212,0.045212,0.045212,Panama Canal,0.045212,0.045212,0.045212,4309581544,571784253,0.132677,0.000000,0.000000,1628.983978,6.138796,Japan,0.331265
semiconductors_and_sme,848690,848690,H6,2024,export_share,west,Tsugaru Strait,0.040181,0.037270,0.040269,Taiwan Strait,0.011863,0.010933,0.024051,4309581544,571784253,0.132677,0.000000,0.000000,1628.983978,6.138796,Japan,0.331265
semiconductors_and_sme,848690,848690,H6,2024,vessel_count,east,Panama Canal,0.108523,0.108523,0.108523,Panama Canal,0.108523,0.108523,0.108523,4309581544,571784253,0.132677,0.000000,0.000000,1628.983978,6.138796,Japan,0.331265
semiconductors_and_sme,848690,848690,H6,2024,vessel_count,gulf,Yucatan Channel,0.109753,0.109753,0.109753,Panama Canal,0.109753,0.109753,0.109753,4309581544,571784253,0.132677,0.000000,0.000000,1628.983978,6.138796,Japan,0.331265
semiconductors_and_sme,848690,848690,H6,2024,vessel_count,national,Panama Canal,0.045172,0.045172,0.045172,Panama Canal,0.045172,0.045172,0.045172,4309581544,571784253,0.132677,0.000000,0.000000,1628.983978,6.138796,Japan,0.331265
semiconductors_and_sme,848690,848690,H6,2024,vessel_count,west,Tsugaru Strait,0.040096,0.038217,0.040329,Taiwan Strait,0.014217,0.012151,0.026571,4309581544,571784253,0.132677,0.000000,0.000000,1628.983978,6.138796,Japan,0.331265
semiconductors_and_sme,848690,848690,H6,2025,export_share,east,Panama Canal,0.077039,0.077039,0.077039,Panama Canal,0.077039,0.077039,0.077039,4046250987,411542450,0.101710,0.000000,0.000000,1512.762313,6.610424,Japan,0.295126
semiconductors_and_sme,848690,848690,H6,2025,export_share,gulf,Panama Canal,0.079426,0.079426,0.079426,Panama Canal,0.079426,0.079426,0.079426,4046250987,411542450,0.101710,0.000000,0.000000,1512.762313,6.610424,Japan,0.295126
semiconductors_and_sme,848690,848690,H6,2025,export_share,national,Panama Canal,0.040089,0.040089,0.040089,Panama Canal,0.040089,0.040089,0.040089,4046250987,411542450,0.101710,0.000000,0.000027,1512.762313,6.610424,Japan,0.295126
semiconductors_and_sme,848690,848690,H6,2025,export_share,west,Tsugaru Strait,0.034900,0.033391,0.034946,Taiwan Strait,0.008935,0.008508,0.023979,4046250987,411542450,0.101710,0.000000,0.000000,1512.762313,6.610424,Japan,0.295126
semiconductors_and_sme,848690,848690,H6,2025,vessel_count,east,Panama Canal,0.076917,0.076917,0.076917,Panama Canal,0.076917,0.076917,0.076917,4046250987,411542450,0.101710,0.000000,0.000000,1512.762313,6.610424,Japan,0.295126
semiconductors_and_sme,848690,848690,H6,2025,vessel_count,gulf,Panama Canal,0.079465,0.079465,0.079465,Panama Canal,0.079465,0.079465,0.079465,4046250987,411542450,0.101710,0.000000,0.000000,1512.762313,6.610424,Japan,0.295126
semiconductors_and_sme,848690,848690,H6,2025,vessel_count,national,Panama Canal,0.040051,0.040051,0.040051,Panama Canal,0.040051,0.040051,0.040051,4046250987,411542450,0.101710,0.000000,0.000027,1512.762313,6.610424,Japan,0.295126
semiconductors_and_sme,848690,848690,H6,2025,vessel_count,west,Tsugaru Strait,0.033914,0.032940,0.034034,Taiwan Strait,0.011038,0.010090,0.026283,4046250987,411542450,0.101710,0.000000,0.000000,1512.762313,6.610424,Japan,0.295126
rare_earths_and_magnets,850511,850511,H5,2018,export_share,east,Panama Canal,0.458590,0.458590,0.458590,Panama Canal,0.458590,0.458590,0.458590,393853376,198723026,0.504561,0.000000,0.000000,4471.807846,2.236232,China,0.651066
rare_earths_and_magnets,850511,850511,H5,2018,export_share,gulf,Yucatan Channel,0.471837,0.471837,0.471837,Panama Canal,0.471836,0.471836,0.471836,393853376,198723026,0.504561,0.000000,0.000000,4471.807846,2.236232,China,0.651066
rare_earths_and_magnets,850511,850511,H5,2018,export_share,national,Tsugaru Strait,0.313973,0.310782,0.314069,Panama Canal,0.105893,0.105893,0.105893,393853376,198723026,0.504561,0.000000,0.001821,4471.807846,2.236232,China,0.651066
rare_earths_and_magnets,850511,850511,H5,2018,export_share,west,Tsugaru Strait,0.314545,0.311349,0.314642,Taiwan Strait,0.102315,0.099209,0.115263,393853376,198723026,0.504561,0.000000,0.000000,4471.807846,2.236232,China,0.651066
rare_earths_and_magnets,850511,850511,H5,2018,vessel_count,east,Panama Canal,0.455714,0.455714,0.455714,Panama Canal,0.455714,0.455714,0.455714,393853376,198723026,0.504561,0.000000,0.000000,4471.807846,2.236232,China,0.651066
rare_earths_and_magnets,850511,850511,H5,2018,vessel_count,gulf,Yucatan Channel,0.471864,0.471864,0.471864,Panama Canal,0.471864,0.471864,0.471864,393853376,198723026,0.504561,0.000000,0.000000,4471.807846,2.236232,China,0.651066
rare_earths_and_magnets,850511,850511,H5,2018,vessel_count,national,Tsugaru Strait,0.274613,0.272554,0.274868,Taiwan Strait,0.144381,0.137473,0.154952,393853376,198723026,0.504561,0.000000,0.001821,4471.807846,2.236232,China,0.651066
rare_earths_and_magnets,850511,850511,H5,2018,vessel_count,west,Tsugaru Strait,0.275114,0.273051,0.275369,Taiwan Strait,0.147142,0.140222,0.160325,393853376,198723026,0.504561,0.000000,0.000000,4471.807846,2.236232,China,0.651066
rare_earths_and_magnets,850511,850511,H5,2019,export_share,east,Panama Canal,0.528643,0.528643,0.528643,Panama Canal,0.528643,0.528643,0.528643,380531742,218316246,0.573714,0.000000,0.000000,4875.266096,2.051170,China,0.686498
rare_earths_and_magnets,850511,850511,H5,2019,export_share,gulf,Panama Canal,0.538907,0.538907,0.538907,Panama Canal,0.538907,0.538907,0.538907,380531742,218316246,0.573714,0.000000,0.000000,4875.266096,2.051170,China,0.686498
rare_earths_and_magnets,850511,850511,H5,2019,export_share,national,Tsugaru Strait,0.348035,0.344443,0.348143,Panama Canal,0.142695,0.142695,0.142695,380531742,218316246,0.573714,0.000000,0.000810,4875.266096,2.051170,China,0.686498
rare_earths_and_magnets,850511,850511,H5,2019,export_share,west,Tsugaru Strait,0.348317,0.344722,0.348426,Taiwan Strait,0.109067,0.105421,0.126222,380531742,218316246,0.573714,0.000000,0.000000,4875.266096,2.051170,China,0.686498
rare_earths_and_magnets,850511,850511,H5,2019,vessel_count,east,Panama Canal,0.524538,0.524538,0.524538,Panama Canal,0.524538,0.524538,0.524538,380531742,218316246,0.573714,0.000000,0.000000,4875.266096,2.051170,China,0.686498
rare_earths_and_magnets,850511,850511,H5,2019,vessel_count,gulf,Panama Canal,0.538949,0.538949,0.538949,Panama Canal,0.538949,0.538949,0.538949,380531742,218316246,0.573714,0.000000,0.000000,4875.266096,2.051170,China,0.686498
rare_earths_and_magnets,850511,850511,H5,2019,vessel_count,national,Tsugaru Strait,0.304679,0.302361,0.304966,Taiwan Strait,0.155984,0.147869,0.169170,380531742,218316246,0.573714,0.000000,0.000810,4875.266096,2.051170,China,0.686498
rare_earths_and_magnets,850511,850511,H5,2019,vessel_count,west,Tsugaru Strait,0.304927,0.302606,0.305214,Taiwan Strait,0.158392,0.150270,0.175869,380531742,218316246,0.573714,0.000000,0.000000,4875.266096,2.051170,China,0.686498
rare_earths_and_magnets,850511,850511,H5,2020,export_share,east,Windward Passage,0.539908,0.539908,0.539908,Panama Canal,0.539891,0.539891,0.539891,318245554,185357522,0.582436,0.000000,0.000000,4987.844891,2.004874,China,0.698180
rare_earths_and_magnets,850511,850511,H5,2020,export_share,gulf,Yucatan Channel,0.548940,0.548940,0.548940,Panama Canal,0.548923,0.548923,0.548923,318245554,185357522,0.582436,0.000000,0.000000,4987.844891,2.004874,China,0.698180
rare_earths_and_magnets,850511,850511,H5,2020,export_share,national,Tsugaru Strait,0.370355,0.367584,0.370439,Panama Canal,0.157970,0.157970,0.157970,318245554,185357522,0.582436,0.000000,0.001819,4987.844891,2.004874,China,0.698180
rare_earths_and_magnets,850511,850511,H5,2020,export_share,west,Tsugaru Strait,0.371030,0.368254,0.371114,Taiwan Strait,0.116210,0.111979,0.122840,318245554,185357522,0.582436,0.000000,0.000000,4987.844891,2.004874,China,0.698180
rare_earths_and_magnets,850511,850511,H5,2020,vessel_count,east,Windward Passage,0.536044,0.536044,0.536044,Panama Canal,0.536028,0.536028,0.536028,318245554,185357522,0.582436,0.000000,0.000000,4987.844891,2.004874,China,0.698180
rare_earths_and_magnets,850511,850511,H5,2020,vessel_count,gulf,Yucatan Channel,0.548948,0.548948,0.548948,Panama Canal,0.548932,0.548932,0.548932,318245554,185357522,0.582436,0.000000,0.000000,4987.844891,2.004874,China,0.698180
rare_earths_and_magnets,850511,850511,H5,2020,vessel_count,national,Tsugaru Strait,0.324160,0.322371,0.324381,Taiwan Strait,0.165814,0.156411,0.170797,318245554,185357522,0.582436,0.000000,0.001819,4987.844891,2.004874,China,0.698180
rare_earths_and_magnets,850511,850511,H5,2020,vessel_count,west,Tsugaru Strait,0.324751,0.322959,0.324972,Taiwan Strait,0.168231,0.158811,0.174933,318245554,185357522,0.582436,0.000000,0.000000,4987.844891,2.004874,China,0.698180
rare_earths_and_magnets,850511,850511,H5,2021,export_share,east,Windward Passage,0.488457,0.488457,0.488457,Panama Canal,0.488425,0.488425,0.488425,490985694,254592349,0.518533,0.000000,0.000000,5514.369385,1.813444,China,0.737046
rare_earths_and_magnets,850511,850511,H5,2021,export_share,gulf,Yucatan Channel,0.496945,0.496945,0.496945,Panama Canal,0.496913,0.496913,0.496913,490985694,254592349,0.518533,0.000000,0.000000,5514.369385,1.813444,China,0.737046
rare_earths_and_magnets,850511,850511,H5,2021,export_share,national,Tsugaru Strait,0.341258,0.339906,0.341299,Panama Canal,0.121151,0.121151,0.121151,490985694,254592349,0.518533,0.000000,0.001506,5514.369385,1.813444,China,0.737046
rare_earths_and_magnets,850511,850511,H5,2021,export_share,west,Tsugaru Strait,0.341773,0.340418,0.341814,Taiwan Strait,0.108997,0.104968,0.111050,490985694,254592349,0.518533,0.000000,0.000000,5514.369385,1.813444,China,0.737046
rare_earths_and_magnets,850511,850511,H5,2021,vessel_count,east,Windward Passage,0.484537,0.484537,0.484537,Panama Canal,0.484508,0.484508,0.484508,490985694,254592349,0.518533,0.000000,0.000000,5514.369385,1.813444,China,0.737046
rare_earths_and_magnets,850511,850511,H5,2021,vessel_count,gulf,Yucatan Channel,0.496945,0.496945,0.496945,Panama Canal,0.496915,0.496915,0.496915,490985694,254592349,0.518533,0.000000,0.000000,5514.369385,1.813444,China,0.737046
rare_earths_and_magnets,850511,850511,H5,2021,vessel_count,national,Tsugaru Strait,0.297064,0.296191,0.297172,Taiwan Strait,0.155794,0.146839,0.157401,490985694,254592349,0.518533,0.000000,0.001506,5514.369385,1.813444,China,0.737046
rare_earths_and_magnets,850511,850511,H5,2021,vessel_count,west,Tsugaru Strait,0.297512,0.296637,0.297620,Taiwan Strait,0.157734,0.148765,0.159787,490985694,254592349,0.518533,0.000000,0.000000,5514.369385,1.813444,China,0.737046
rare_earths_and_magnets,850511,850511,H6,2022,export_share,east,Windward Passage,0.528054,0.528051,0.528054,Panama Canal,0.528043,0.528043,0.528043,639542567,358469028,0.560508,0.000000,0.000000,6291.639809,1.589411,China,0.789958
rare_earths_and_magnets,850511,850511,H6,2022,export_share,gulf,Yucatan Channel,0.541974,0.541974,0.541974,Panama Canal,0.541870,0.541870,0.541870,639542567,358469028,0.560508,0.000000,0.000000,6291.639809,1.589411,China,0.789958
rare_earths_and_magnets,850511,850511,H6,2022,export_share,national,Tsugaru Strait,0.390119,0.388682,0.390162,Panama Canal,0.145138,0.145138,0.145138,639542567,358469028,0.560508,0.000000,0.001135,6291.639809,1.589411,China,0.789958
rare_earths_and_magnets,850511,850511,H6,2022,export_share,west,Tsugaru Strait,0.390562,0.389123,0.390606,Taiwan Strait,0.124868,0.120241,0.128359,639542567,358469028,0.560508,0.000000,0.000000,6291.639809,1.589411,China,0.789958
rare_earths_and_magnets,850511,850511,H6,2022,vessel_count,east,Windward Passage,0.525631,0.525628,0.525631,Panama Canal,0.525621,0.525621,0.525621,639542567,358469028,0.560508,0.000000,0.000000,6291.639809,1.589411,China,0.789958
rare_earths_and_magnets,850511,850511,H6,2022,vessel_count,gulf,Yucatan Channel,0.541381,0.541381,0.541381,Panama Canal,0.541280,0.541280,0.541280,639542567,358469028,0.560508,0.000000,0.000000,6291.639809,1.589411,China,0.789958
rare_earths_and_magnets,850511,850511,H6,2022,vessel_count,national,Tsugaru Strait,0.339449,0.338521,0.339564,Taiwan Strait,0.178356,0.168067,0.180503,639542567,358469028,0.560508,0.000000,0.001135,6291.639809,1.589411,China,0.789958
rare_earths_and_magnets,850511,850511,H6,2022,vessel_count,west,Tsugaru Strait,0.339835,0.338906,0.339950,Taiwan Strait,0.180616,0.170315,0.183492,639542567,358469028,0.560508,0.000000,0.000000,6291.639809,1.589411,China,0.789958
rare_earths_and_magnets,850511,850511,H6,2023,export_share,east,Panama Canal,0.553791,0.553791,0.553791,Panama Canal,0.553791,0.553791,0.553791,544060590,326894244,0.600842,0.000000,0.000000,6412.576160,1.559436,China,0.798063
rare_earths_and_magnets,850511,850511,H6,2023,export_share,gulf,Panama Canal,0.570988,0.570988,0.570988,Panama Canal,0.570988,0.570988,0.570988,544060590,326894244,0.600842,0.000000,0.000000,6412.576160,1.559436,China,0.798063
rare_earths_and_magnets,850511,850511,H6,2023,export_share,national,Tsugaru Strait,0.403517,0.401713,0.403572,Panama Canal,0.148905,0.148905,0.148905,544060590,326894244,0.600842,0.000000,0.001149,6412.576160,1.559436,China,0.798063
rare_earths_and_magnets,850511,850511,H6,2023,export_share,west,Tsugaru Strait,0.403982,0.402175,0.404036,Taiwan Strait,0.130488,0.125732,0.134818,544060590,326894244,0.600842,0.000000,0.000000,6412.576160,1.559436,China,0.798063
rare_earths_and_magnets,850511,850511,H6,2023,vessel_count,east,Panama Canal,0.551111,0.551111,0.551111,Panama Canal,0.551111,0.551111,0.551111,544060590,326894244,0.600842,0.000000,0.000000,6412.576160,1.559436,China,0.798063
rare_earths_and_magnets,850511,850511,H6,2023,vessel_count,gulf,Panama Canal,0.570040,0.570040,0.570040,Panama Canal,0.570040,0.570040,0.570040,544060590,326894244,0.600842,0.000000,0.000000,6412.576160,1.559436,China,0.798063
rare_earths_and_magnets,850511,850511,H6,2023,vessel_count,national,Tsugaru Strait,0.350660,0.349495,0.350804,Taiwan Strait,0.186514,0.175937,0.189075,544060590,326894244,0.600842,0.000000,0.001149,6412.576160,1.559436,China,0.798063
rare_earths_and_magnets,850511,850511,H6,2023,vessel_count,west,Tsugaru Strait,0.351064,0.349898,0.351208,Taiwan Strait,0.188893,0.178303,0.192237,544060590,326894244,0.600842,0.000000,0.000000,6412.576160,1.559436,China,0.798063
rare_earths_and_magnets,850511,850511,H6,2024,export_share,east,Panama Canal,0.560185,0.560185,0.560185,Panama Canal,0.560185,0.560185,0.560185,462321429,284674388,0.615750,0.000000,0.000000,5712.635820,1.750505,China,0.752504
rare_earths_and_magnets,850511,850511,H6,2024,export_share,gulf,Panama Canal,0.580968,0.580968,0.580968,Panama Canal,0.580968,0.580968,0.580968,462321429,284674388,0.615750,0.000000,0.000000,5712.635820,1.750505,China,0.752504
rare_earths_and_magnets,850511,850511,H6,2024,export_share,national,Tsugaru Strait,0.403493,0.401862,0.403542,Panama Canal,0.161283,0.161283,0.161283,462321429,284674388,0.615750,0.000000,0.001130,5712.635820,1.750505,China,0.752504
rare_earths_and_magnets,850511,850511,H6,2024,export_share,west,Tsugaru Strait,0.403949,0.402317,0.403998,Taiwan Strait,0.134255,0.129099,0.141689,462321429,284674388,0.615750,0.000000,0.000000,5712.635820,1.750505,China,0.752504
rare_earths_and_magnets,850511,850511,H6,2024,vessel_count,east,Panama Canal,0.557488,0.557488,0.557488,Panama Canal,0.557488,0.557488,0.557488,462321429,284674388,0.615750,0.000000,0.000000,5712.635820,1.750505,China,0.752504
rare_earths_and_magnets,850511,850511,H6,2024,vessel_count,gulf,Panama Canal,0.579675,0.579675,0.579675,Panama Canal,0.579675,0.579675,0.579675,462321429,284674388,0.615750,0.000000,0.000000,5712.635820,1.750505,China,0.752504
rare_earths_and_magnets,850511,850511,H6,2024,vessel_count,national,Tsugaru Strait,0.350709,0.349657,0.350839,Taiwan Strait,0.189540,0.178076,0.194111,462321429,284674388,0.615750,0.000000,0.001130,5712.635820,1.750505,China,0.752504
rare_earths_and_magnets,850511,850511,H6,2024,vessel_count,west,Tsugaru Strait,0.351106,0.350052,0.351236,Taiwan Strait,0.192395,0.180918,0.198508,462321429,284674388,0.615750,0.000000,0.000000,5712.635820,1.750505,China,0.752504
rare_earths_and_magnets,850511,850511,H6,2025,export_share,east,Panama Canal,0.504675,0.504675,0.504675,Panama Canal,0.504675,0.504675,0.504675,391679898,221902801,0.566541,0.000000,0.000000,5363.944797,1.864300,China,0.727399
rare_earths_and_magnets,850511,850511,H6,2025,export_share,gulf,Panama Canal,0.529704,0.529704,0.529704,Panama Canal,0.529704,0.529704,0.529704,391679898,221902801,0.566541,0.000000,0.000000,5363.944797,1.864300,China,0.727399
rare_earths_and_magnets,850511,850511,H6,2025,export_share,national,Tsugaru Strait,0.355195,0.353011,0.355261,Panama Canal,0.156151,0.156151,0.156151,391679898,221902801,0.566541,0.000000,0.001685,5363.944797,1.864300,China,0.727399
rare_earths_and_magnets,850511,850511,H6,2025,export_share,west,Tsugaru Strait,0.355795,0.353607,0.355861,Taiwan Strait,0.123540,0.118953,0.133553,391679898,221902801,0.566541,0.000000,0.000000,5363.944797,1.864300,China,0.727399
rare_earths_and_magnets,850511,850511,H6,2025,vessel_count,east,Panama Canal,0.502450,0.502450,0.502450,Panama Canal,0.502450,0.502450,0.502450,391679898,221902801,0.566541,0.000000,0.000000,5363.944797,1.864300,China,0.727399
rare_earths_and_magnets,850511,850511,H6,2025,vessel_count,gulf,Panama Canal,0.528351,0.528351,0.528351,Panama Canal,0.528351,0.528351,0.528351,391679898,221902801,0.566541,0.000000,0.000000,5363.944797,1.864300,China,0.727399
rare_earths_and_magnets,850511,850511,H6,2025,vessel_count,national,Tsugaru Strait,0.309433,0.308023,0.309607,Taiwan Strait,0.171092,0.160899,0.177370,391679898,221902801,0.566541,0.000000,0.001685,5363.944797,1.864300,China,0.727399
rare_earths_and_magnets,850511,850511,H6,2025,vessel_count,west,Tsugaru Strait,0.309955,0.308543,0.310130,Taiwan Strait,0.174638,0.164428,0.183244,391679898,221902801,0.566541,0.000000,0.000000,5363.944797,1.864300,China,0.727399
semiconductors_and_sme,854110,854110,H5,2018,export_share,east,Panama Canal,0.122004,0.122004,0.122004,Panama Canal,0.122004,0.122004,0.122004,670689655,89225916,0.133036,0.000000,0.000000,2358.123203,4.240661,China,0.441942
semiconductors_and_sme,854110,854110,H5,2018,export_share,gulf,Panama Canal,0.125580,0.125580,0.125580,Panama Canal,0.125580,0.125580,0.125580,670689655,89225916,0.133036,0.000000,0.000000,2358.123203,4.240661,China,0.441942
semiconductors_and_sme,854110,854110,H5,2018,export_share,national,Tsugaru Strait,0.032343,0.028399,0.032462,Taiwan Strait,0.032316,0.029395,0.037521,670689655,89225916,0.133036,0.000000,0.000046,2358.123203,4.240661,China,0.441942
semiconductors_and_sme,854110,854110,H5,2018,export_share,west,Taiwan Strait,0.032578,0.029657,0.038812,Taiwan Strait,0.032578,0.029657,0.038812,670689655,89225916,0.133036,0.000000,0.000000,2358.123203,4.240661,China,0.441942
semiconductors_and_sme,854110,854110,H5,2018,vessel_count,east,Panama Canal,0.123322,0.123322,0.123322,Panama Canal,0.123322,0.123322,0.123322,670689655,89225916,0.133036,0.000000,0.000000,2358.123203,4.240661,China,0.441942
semiconductors_and_sme,854110,854110,H5,2018,vessel_count,gulf,Panama Canal,0.125515,0.125515,0.125515,Panama Canal,0.125515,0.125515,0.125515,670689655,89225916,0.133036,0.000000,0.000000,2358.123203,4.240661,China,0.441942
semiconductors_and_sme,854110,854110,H5,2018,vessel_count,national,Taiwan Strait,0.035331,0.028844,0.040637,Taiwan Strait,0.035331,0.028844,0.040637,670689655,89225916,0.133036,0.000000,0.000046,2358.123203,4.240661,China,0.441942
semiconductors_and_sme,854110,854110,H5,2018,vessel_count,west,Taiwan Strait,0.035597,0.029110,0.041952,Taiwan Strait,0.035597,0.029110,0.041952,670689655,89225916,0.133036,0.000000,0.000000,2358.123203,4.240661,China,0.441942
semiconductors_and_sme,854110,854110,H5,2019,export_share,east,Windward Passage,0.116159,0.116158,0.116159,Panama Canal,0.116158,0.116158,0.116158,495766451,68543789,0.138258,0.000000,0.000000,1551.288837,6.446253,China,0.310292
semiconductors_and_sme,854110,854110,H5,2019,export_share,gulf,Yucatan Channel,0.125283,0.125283,0.125283,Panama Canal,0.125276,0.125276,0.125276,495766451,68543789,0.138258,0.000000,0.000000,1551.288837,6.446253,China,0.310292
semiconductors_and_sme,854110,854110,H5,2019,export_share,national,Taiwan Strait,0.038784,0.035290,0.046057,Taiwan Strait,0.038784,0.035290,0.046057,495766451,68543789,0.138258,0.000000,0.000037,1551.288837,6.446253,China,0.310292
semiconductors_and_sme,854110,854110,H5,2019,export_share,west,Taiwan Strait,0.040095,0.036601,0.050232,Taiwan Strait,0.040095,0.036601,0.050232,495766451,68543789,0.138258,0.000000,0.000000,1551.288837,6.446253,China,0.310292
semiconductors_and_sme,854110,854110,H5,2019,vessel_count,east,Windward Passage,0.119626,0.119625,0.119626,Panama Canal,0.119625,0.119625,0.119625,495766451,68543789,0.138258,0.000000,0.000000,1551.288837,6.446253,China,0.310292
semiconductors_and_sme,854110,854110,H5,2019,vessel_count,gulf,Yucatan Channel,0.125351,0.125351,0.125351,Panama Canal,0.125344,0.125344,0.125344,495766451,68543789,0.138258,0.000000,0.000000,1551.288837,6.446253,China,0.310292
semiconductors_and_sme,854110,854110,H5,2019,vessel_count,national,Taiwan Strait,0.039953,0.032196,0.047355,Taiwan Strait,0.039953,0.032196,0.047355,495766451,68543789,0.138258,0.000000,0.000037,1551.288837,6.446253,China,0.310292
semiconductors_and_sme,854110,854110,H5,2019,vessel_count,west,Taiwan Strait,0.041224,0.033468,0.051542,Taiwan Strait,0.041224,0.033468,0.051542,495766451,68543789,0.138258,0.000000,0.000000,1551.288837,6.446253,China,0.310292
semiconductors_and_sme,854110,854110,H5,2020,export_share,east,Panama Canal,0.113091,0.113091,0.113091,Panama Canal,0.113091,0.113091,0.113091,410347611,54099157,0.131837,0.000000,0.000000,1589.502561,6.291276,China,0.325678
semiconductors_and_sme,854110,854110,H5,2020,export_share,gulf,Panama Canal,0.124469,0.124469,0.124469,Panama Canal,0.124469,0.124469,0.124469,410347611,54099157,0.131837,0.000000,0.000000,1589.502561,6.291276,China,0.325678
semiconductors_and_sme,854110,854110,H5,2020,export_share,national,Panama Canal,0.034063,0.034063,0.034063,Panama Canal,0.034063,0.034063,0.034063,410347611,54099157,0.131837,0.000000,0.001585,1589.502561,6.291276,China,0.325678
semiconductors_and_sme,854110,854110,H5,2020,export_share,west,Taiwan Strait,0.034637,0.031725,0.039547,Taiwan Strait,0.034637,0.031725,0.039547,410347611,54099157,0.131837,0.000000,0.000000,1589.502561,6.291276,China,0.325678
semiconductors_and_sme,854110,854110,H5,2020,vessel_count,east,Panama Canal,0.115958,0.115958,0.115958,Panama Canal,0.115958,0.115958,0.115958,410347611,54099157,0.131837,0.000000,0.000000,1589.502561,6.291276,China,0.325678
semiconductors_and_sme,854110,854110,H5,2020,vessel_count,gulf,Panama Canal,0.124580,0.124580,0.124580,Panama Canal,0.124580,0.124580,0.124580,410347611,54099157,0.131837,0.000000,0.000000,1589.502561,6.291276,China,0.325678
semiconductors_and_sme,854110,854110,H5,2020,vessel_count,national,Taiwan Strait,0.035187,0.028732,0.038700,Taiwan Strait,0.035187,0.028732,0.038700,410347611,54099157,0.131837,0.000000,0.001585,1589.502561,6.291276,China,0.325678
semiconductors_and_sme,854110,854110,H5,2020,vessel_count,west,Taiwan Strait,0.037444,0.030979,0.042381,Taiwan Strait,0.037444,0.030979,0.042381,410347611,54099157,0.131837,0.000000,0.000000,1589.502561,6.291276,China,0.325678
semiconductors_and_sme,854110,854110,H5,2021,export_share,east,Panama Canal,0.066244,0.066244,0.066244,Panama Canal,0.066244,0.066244,0.066244,531246612,47042844,0.088552,0.000000,0.000000,1742.845272,5.737744,China,0.352596
semiconductors_and_sme,854110,854110,H5,2021,export_share,gulf,Yucatan Channel,0.080379,0.080379,0.080379,Panama Canal,0.080378,0.080378,0.080378,531246612,47042844,0.088552,0.000000,0.000000,1742.845272,5.737744,China,0.352596
semiconductors_and_sme,854110,854110,H5,2021,export_share,national,Panama Canal,0.028769,0.028769,0.028769,Panama Canal,0.028769,0.028769,0.028769,531246612,47042844,0.088552,0.000000,0.000187,1742.845272,5.737744,China,0.352596
semiconductors_and_sme,854110,854110,H5,2021,export_share,west,Taiwan Strait,0.030014,0.028119,0.034151,Taiwan Strait,0.030014,0.028119,0.034151,531246612,47042844,0.088552,0.000000,0.000000,1742.845272,5.737744,China,0.352596
semiconductors_and_sme,854110,854110,H5,2021,vessel_count,east,Panama Canal,0.068196,0.068196,0.068196,Panama Canal,0.068196,0.068196,0.068196,531246612,47042844,0.088552,0.000000,0.000000,1742.845272,5.737744,China,0.352596
semiconductors_and_sme,854110,854110,H5,2021,vessel_count,gulf,Yucatan Channel,0.080452,0.080452,0.080452,Panama Canal,0.080452,0.080452,0.080452,531246612,47042844,0.088552,0.000000,0.000000,1742.845272,5.737744,China,0.352596
semiconductors_and_sme,854110,854110,H5,2021,vessel_count,national,Panama Canal,0.029515,0.029515,0.029515,Panama Canal,0.029515,0.029515,0.029515,531246612,47042844,0.088552,0.000000,0.000187,1742.845272,5.737744,China,0.352596
semiconductors_and_sme,854110,854110,H5,2021,vessel_count,west,Taiwan Strait,0.032167,0.027961,0.036309,Taiwan Strait,0.032167,0.027961,0.036309,531246612,47042844,0.088552,0.000000,0.000000,1742.845272,5.737744,China,0.352596
semiconductors_and_sme,854110,854110,H6,2022,export_share,east,Panama Canal,0.112567,0.112567,0.112567,Panama Canal,0.112567,0.112567,0.112567,750719127,95284453,0.126924,0.000000,0.000000,2008.566033,4.978676,China,0.391846
semiconductors_and_sme,854110,854110,H6,2022,export_share,gulf,Panama Canal,0.116228,0.116228,0.116228,Panama Canal,0.116228,0.116228,0.116228,750719127,95284453,0.126924,0.000000,0.000000,2008.566033,4.978676,China,0.391846
semiconductors_and_sme,854110,854110,H6,2022,export_share,national,Taiwan Strait,0.034301,0.030858,0.039969,Taiwan Strait,0.034301,0.030858,0.039969,750719127,95284453,0.126924,0.000000,0.000961,2008.566033,4.978676,China,0.391846
semiconductors_and_sme,854110,854110,H6,2022,export_share,west,Taiwan Strait,0.034812,0.031367,0.042280,Taiwan Strait,0.034812,0.031367,0.042280,750719127,95284453,0.126924,0.000000,0.000000,2008.566033,4.978676,China,0.391846
semiconductors_and_sme,854110,854110,H6,2022,vessel_count,east,Panama Canal,0.113641,0.113641,0.113641,Panama Canal,0.113641,0.113641,0.113641,750719127,95284453,0.126924,0.000000,0.000000,2008.566033,4.978676,China,0.391846
semiconductors_and_sme,854110,854110,H6,2022,vessel_count,gulf,Panama Canal,0.116256,0.116256,0.116256,Panama Canal,0.116256,0.116256,0.116256,750719127,95284453,0.126924,0.000000,0.000000,2008.566033,4.978676,China,0.391846
semiconductors_and_sme,854110,854110,H6,2022,vessel_count,national,Taiwan Strait,0.037954,0.030310,0.043728,Taiwan Strait,0.037954,0.030310,0.043728,750719127,95284453,0.126924,0.000000,0.000961,2008.566033,4.978676,China,0.391846
semiconductors_and_sme,854110,854110,H6,2022,vessel_count,west,Taiwan Strait,0.038479,0.030828,0.046085,Taiwan Strait,0.038479,0.030828,0.046085,750719127,95284453,0.126924,0.000000,0.000000,2008.566033,4.978676,China,0.391846
semiconductors_and_sme,854110,854110,H6,2023,export_share,east,Panama Canal,0.091475,0.091475,0.091475,Panama Canal,0.091475,0.091475,0.091475,531758579,56104507,0.105507,0.000000,0.000000,1521.807803,6.571132,China,0.311357
semiconductors_and_sme,854110,854110,H6,2023,export_share,gulf,Panama Canal,0.100197,0.100197,0.100197,Panama Canal,0.100197,0.100197,0.100197,531758579,56104507,0.105507,0.000000,0.000000,1521.807803,6.571132,China,0.311357
semiconductors_and_sme,854110,854110,H6,2023,export_share,national,Taiwan Strait,0.037453,0.033776,0.039603,Taiwan Strait,0.037453,0.033776,0.039603,531758579,56104507,0.105507,0.000000,0.000614,1521.807803,6.571132,China,0.311357
semiconductors_and_sme,854110,854110,H6,2023,export_share,west,Taiwan Strait,0.038336,0.034658,0.040951,Taiwan Strait,0.038336,0.034658,0.040951,531758579,56104507,0.105507,0.000000,0.000000,1521.807803,6.571132,China,0.311357
semiconductors_and_sme,854110,854110,H6,2023,vessel_count,east,Panama Canal,0.094265,0.094265,0.094265,Panama Canal,0.094265,0.094265,0.094265,531758579,56104507,0.105507,0.000000,0.000000,1521.807803,6.571132,China,0.311357
semiconductors_and_sme,854110,854110,H6,2023,vessel_count,gulf,Panama Canal,0.100244,0.100244,0.100244,Panama Canal,0.100244,0.100244,0.100244,531758579,56104507,0.105507,0.000000,0.000000,1521.807803,6.571132,China,0.311357
semiconductors_and_sme,854110,854110,H6,2023,vessel_count,national,Taiwan Strait,0.040537,0.032374,0.042682,Taiwan Strait,0.040537,0.032374,0.042682,531758579,56104507,0.105507,0.000000,0.000614,1521.807803,6.571132,China,0.311357
semiconductors_and_sme,854110,854110,H6,2023,vessel_count,west,Taiwan Strait,0.041449,0.033281,0.044058,Taiwan Strait,0.041449,0.033281,0.044058,531758579,56104507,0.105507,0.000000,0.000000,1521.807803,6.571132,China,0.311357
semiconductors_and_sme,854110,854110,H6,2024,export_share,east,Panama Canal,0.113260,0.113260,0.113260,Panama Canal,0.113260,0.113260,0.113260,478874299,85650254,0.178857,0.000000,0.000000,1298.348568,7.702092,China,0.272404
semiconductors_and_sme,854110,854110,H6,2024,export_share,gulf,Panama Canal,0.115069,0.115069,0.115069,Panama Canal,0.115069,0.115069,0.115069,478874299,85650254,0.178857,0.000000,0.000000,1298.348568,7.702092,China,0.272404
semiconductors_and_sme,854110,854110,H6,2024,export_share,national,Malacca Strait,0.041677,0.041299,0.041939,Taiwan Strait,0.038738,0.034678,0.080094,478874299,85650254,0.178857,0.000000,0.004194,1298.348568,7.702092,China,0.272404
semiconductors_and_sme,854110,854110,H6,2024,export_share,west,Luzon Strait,0.057449,0.057449,0.078982,Taiwan Strait,0.039070,0.034994,0.096519,478874299,85650254,0.178857,0.000000,0.000000,1298.348568,7.702092,China,0.272404
semiconductors_and_sme,854110,854110,H6,2024,vessel_count,east,Panama Canal,0.113142,0.113142,0.113142,Panama Canal,0.113142,0.113142,0.113142,478874299,85650254,0.178857,0.000000,0.000000,1298.348568,7.702092,China,0.272404
semiconductors_and_sme,854110,854110,H6,2024,vessel_count,gulf,Panama Canal,0.115080,0.115080,0.115080,Panama Canal,0.115080,0.115080,0.115080,478874299,85650254,0.178857,0.000000,0.000000,1298.348568,7.702092,China,0.272404
semiconductors_and_sme,854110,854110,H6,2024,vessel_count,national,Taiwan Strait,0.042641,0.033627,0.084012,Taiwan Strait,0.042641,0.033627,0.084012,478874299,85650254,0.178857,0.000000,0.004194,1298.348568,7.702092,China,0.272404
semiconductors_and_sme,854110,854110,H6,2024,vessel_count,west,Luzon Strait,0.057471,0.057471,0.073260,Taiwan Strait,0.043001,0.033949,0.100472,478874299,85650254,0.178857,0.000000,0.000000,1298.348568,7.702092,China,0.272404
semiconductors_and_sme,854110,854110,H6,2025,export_share,east,Panama Canal,0.093217,0.093217,0.093217,Panama Canal,0.093217,0.093217,0.093217,449337350,51820585,0.115327,0.000000,0.000000,1215.107873,8.229722,China,0.230146
semiconductors_and_sme,854110,854110,H6,2025,export_share,gulf,Panama Canal,0.106462,0.106462,0.106462,Panama Canal,0.106462,0.106462,0.106462,449337350,51820585,0.115327,0.000000,0.000000,1215.107873,8.229722,China,0.230146
semiconductors_and_sme,854110,854110,H6,2025,export_share,national,Taiwan Strait,0.044970,0.041206,0.046755,Taiwan Strait,0.044970,0.041206,0.046755,449337350,51820585,0.115327,0.000000,0.008417,1215.107873,8.229722,China,0.230146
semiconductors_and_sme,854110,854110,H6,2025,export_share,west,Taiwan Strait,0.048042,0.044246,0.050354,Taiwan Strait,0.048042,0.044246,0.050354,449337350,51820585,0.115327,0.000000,0.000000,1215.107873,8.229722,China,0.230146
semiconductors_and_sme,854110,854110,H6,2025,vessel_count,east,Panama Canal,0.093172,0.093172,0.093172,Panama Canal,0.093172,0.093172,0.093172,449337350,51820585,0.115327,0.000000,0.000000,1215.107873,8.229722,China,0.230146
semiconductors_and_sme,854110,854110,H6,2025,vessel_count,gulf,Panama Canal,0.106542,0.106542,0.106542,Panama Canal,0.106542,0.106542,0.106542,449337350,51820585,0.115327,0.000000,0.000000,1215.107873,8.229722,China,0.230146
semiconductors_and_sme,854110,854110,H6,2025,vessel_count,national,Taiwan Strait,0.048561,0.040203,0.050314,Taiwan Strait,0.048561,0.040203,0.050314,449337350,51820585,0.115327,0.000000,0.008417,1215.107873,8.229722,China,0.230146
semiconductors_and_sme,854110,854110,H6,2025,vessel_count,west,Taiwan Strait,0.051710,0.043281,0.053981,Taiwan Strait,0.051710,0.043281,0.053981,449337350,51820585,0.115327,0.000000,0.000000,1215.107873,8.229722,China,0.230146
semiconductors_and_sme,854121,854121,H5,2018,export_share,east,Panama Canal,0.033985,0.033985,0.033985,Panama Canal,0.033985,0.033985,0.033985,174746753,8242894,0.047171,0.000000,0.000000,1915.532886,5.220479,China,0.332729
semiconductors_and_sme,854121,854121,H5,2018,export_share,gulf,Panama Canal,0.043170,0.043170,0.043170,Panama Canal,0.043170,0.043170,0.043170,174746753,8242894,0.047171,0.000000,0.000000,1915.532886,5.220479,China,0.332729
semiconductors_and_sme,854121,854121,H5,2018,export_share,national,Panama Canal,0.026990,0.026990,0.026990,Panama Canal,0.026990,0.026990,0.026990,174746753,8242894,0.047171,0.000000,0.000000,1915.532886,5.220479,China,0.332729
semiconductors_and_sme,854121,854121,H5,2018,export_share,west,Taiwan Strait,0.028380,0.028301,0.030910,Taiwan Strait,0.028380,0.028301,0.030910,174746753,8242894,0.047171,0.000000,0.000000,1915.532886,5.220479,China,0.332729
semiconductors_and_sme,854121,854121,H5,2018,vessel_count,east,Panama Canal,0.033905,0.033905,0.033905,Panama Canal,0.033905,0.033905,0.033905,174746753,8242894,0.047171,0.000000,0.000000,1915.532886,5.220479,China,0.332729
semiconductors_and_sme,854121,854121,H5,2018,vessel_count,gulf,Panama Canal,0.043261,0.043261,0.043261,Panama Canal,0.043261,0.043261,0.043261,174746753,8242894,0.047171,0.000000,0.000000,1915.532886,5.220479,China,0.332729
semiconductors_and_sme,854121,854121,H5,2018,vessel_count,national,Panama Canal,0.026932,0.026932,0.026932,Panama Canal,0.026932,0.026932,0.026932,174746753,8242894,0.047171,0.000000,0.000000,1915.532886,5.220479,China,0.332729
semiconductors_and_sme,854121,854121,H5,2018,vessel_count,west,Taiwan Strait,0.029482,0.029306,0.031972,Taiwan Strait,0.029482,0.029306,0.031972,174746753,8242894,0.047171,0.000000,0.000000,1915.532886,5.220479,China,0.332729
semiconductors_and_sme,854121,854121,H5,2019,export_share,east,Bab el-Mandeb Strait,0.024638,0.024638,0.024638,Bab el-Mandeb Strait,0.024638,0.024638,0.024638,122832846,5436135,0.044256,0.000000,0.000000,1746.657295,5.725222,China,0.298889
semiconductors_and_sme,854121,854121,H5,2019,export_share,gulf,Yucatan Channel,0.025426,0.025426,0.025426,Panama Canal,0.025425,0.025425,0.025425,122832846,5436135,0.044256,0.000000,0.000000,1746.657295,5.725222,China,0.298889
semiconductors_and_sme,854121,854121,H5,2019,export_share,national,Bab el-Mandeb Strait,0.016726,0.016726,0.016726,Bab el-Mandeb Strait,0.016726,0.016726,0.016726,122832846,5436135,0.044256,0.000000,0.000000,1746.657295,5.725222,China,0.298889
semiconductors_and_sme,854121,854121,H5,2019,export_share,west,Luzon Strait,0.017582,0.017582,0.017582,Taiwan Strait,0.013295,0.013236,0.030877,122832846,5436135,0.044256,0.000000,0.000000,1746.657295,5.725222,China,0.298889
semiconductors_and_sme,854121,854121,H5,2019,vessel_count,east,Bab el-Mandeb Strait,0.024715,0.024715,0.024715,Bab el-Mandeb Strait,0.024715,0.024715,0.024715,122832846,5436135,0.044256,0.000000,0.000000,1746.657295,5.725222,China,0.298889
semiconductors_and_sme,854121,854121,H5,2019,vessel_count,gulf,Yucatan Channel,0.025521,0.025521,0.025521,Panama Canal,0.025521,0.025521,0.025521,122832846,5436135,0.044256,0.000000,0.000000,1746.657295,5.725222,China,0.298889
semiconductors_and_sme,854121,854121,H5,2019,vessel_count,national,Bab el-Mandeb Strait,0.016778,0.016778,0.016778,Bab el-Mandeb Strait,0.016778,0.016778,0.016778,122832846,5436135,0.044256,0.000000,0.000000,1746.657295,5.725222,China,0.298889
semiconductors_and_sme,854121,854121,H5,2019,vessel_count,west,Luzon Strait,0.017923,0.017923,0.017923,Taiwan Strait,0.013933,0.013802,0.031856,122832846,5436135,0.044256,0.000000,0.000000,1746.657295,5.725222,China,0.298889
semiconductors_and_sme,854121,854121,H5,2020,export_share,east,Panama Canal,0.029836,0.029836,0.029836,Panama Canal,0.029836,0.029836,0.029836,101225409,5339712,0.052751,0.000000,0.000000,1886.142443,5.301827,China,0.305406
semiconductors_and_sme,854121,854121,H5,2020,export_share,gulf,Yucatan Channel,0.038235,0.038235,0.038235,Panama Canal,0.038233,0.038233,0.038233,101225409,5339712,0.052751,0.000000,0.000000,1886.142443,5.301827,China,0.305406
semiconductors_and_sme,854121,854121,H5,2020,export_share,national,Panama Canal,0.018981,0.018981,0.018981,Panama Canal,0.018981,0.018981,0.018981,101225409,5339712,0.052751,0.000000,0.007457,1886.142443,5.301827,China,0.305406
semiconductors_and_sme,854121,854121,H5,2020,export_share,west,Tsugaru Strait,0.014647,0.013939,0.014669,Taiwan Strait,0.011877,0.011751,0.025695,101225409,5339712,0.052751,0.000000,0.000000,1886.142443,5.301827,China,0.305406
semiconductors_and_sme,854121,854121,H5,2020,vessel_count,east,Panama Canal,0.029675,0.029675,0.029675,Panama Canal,0.029675,0.029675,0.029675,101225409,5339712,0.052751,0.000000,0.000000,1886.142443,5.301827,China,0.305406
semiconductors_and_sme,854121,854121,H5,2020,vessel_count,gulf,Yucatan Channel,0.038335,0.038335,0.038335,Panama Canal,0.038335,0.038335,0.038335,101225409,5339712,0.052751,0.000000,0.000000,1886.142443,5.301827,China,0.305406
semiconductors_and_sme,854121,854121,H5,2020,vessel_count,national,Panama Canal,0.018880,0.018880,0.018880,Panama Canal,0.018880,0.018880,0.018880,101225409,5339712,0.052751,0.000000,0.007457,1886.142443,5.301827,China,0.305406
semiconductors_and_sme,854121,854121,H5,2020,vessel_count,west,Luzon Strait,0.014047,0.014047,0.014124,Taiwan Strait,0.013489,0.013209,0.027537,101225409,5339712,0.052751,0.000000,0.000000,1886.142443,5.301827,China,0.305406
semiconductors_and_sme,854121,854121,H5,2021,export_share,east,Panama Canal,0.031642,0.031642,0.031642,Panama Canal,0.031642,0.031642,0.031642,131835401,5298036,0.040187,0.000000,0.000000,1887.544429,5.297889,China,0.340130
semiconductors_and_sme,854121,854121,H5,2021,export_share,gulf,Panama Canal,0.037688,0.037688,0.037688,Panama Canal,0.037688,0.037688,0.037688,131835401,5298036,0.040187,0.000000,0.000000,1887.544429,5.297889,China,0.340130
semiconductors_and_sme,854121,854121,H5,2021,export_share,national,Panama Canal,0.025010,0.025010,0.025010,Panama Canal,0.025010,0.025010,0.025010,131835401,5298036,0.040187,0.000000,0.000000,1887.544429,5.297889,China,0.340130
semiconductors_and_sme,854121,854121,H5,2021,export_share,west,Tsugaru Strait,0.021592,0.021376,0.021599,Taiwan Strait,0.011691,0.011510,0.013646,131835401,5298036,0.040187,0.000000,0.000000,1887.544429,5.297889,China,0.340130
semiconductors_and_sme,854121,854121,H5,2021,vessel_count,east,Panama Canal,0.031418,0.031418,0.031418,Panama Canal,0.031418,0.031418,0.031418,131835401,5298036,0.040187,0.000000,0.000000,1887.544429,5.297889,China,0.340130
semiconductors_and_sme,854121,854121,H5,2021,vessel_count,gulf,Panama Canal,0.037745,0.037745,0.037745,Panama Canal,0.037745,0.037745,0.037745,131835401,5298036,0.040187,0.000000,0.000000,1887.544429,5.297889,China,0.340130
semiconductors_and_sme,854121,854121,H5,2021,vessel_count,national,Panama Canal,0.024832,0.024832,0.024832,Panama Canal,0.024832,0.024832,0.024832,131835401,5298036,0.040187,0.000000,0.000000,1887.544429,5.297889,China,0.340130
semiconductors_and_sme,854121,854121,H5,2021,vessel_count,west,Tsugaru Strait,0.018969,0.018829,0.018986,Taiwan Strait,0.014699,0.014297,0.016643,131835401,5298036,0.040187,0.000000,0.000000,1887.544429,5.297889,China,0.340130
semiconductors_and_sme,854121,854121,H6,2022,export_share,east,Panama Canal,0.029716,0.029716,0.029716,Panama Canal,0.029716,0.029716,0.029716,175177682,6197776,0.035380,0.000000,0.000000,2042.545024,4.895853,China,0.361591
semiconductors_and_sme,854121,854121,H6,2022,export_share,gulf,Panama Canal,0.033234,0.033234,0.033234,Panama Canal,0.033234,0.033234,0.033234,175177682,6197776,0.035380,0.000000,0.000000,2042.545024,4.895853,China,0.361591
semiconductors_and_sme,854121,854121,H6,2022,export_share,national,Tsugaru Strait,0.021488,0.021319,0.021493,Panama Canal,0.013980,0.013980,0.013980,175177682,6197776,0.035380,0.000000,0.000000,2042.545024,4.895853,China,0.361591
semiconductors_and_sme,854121,854121,H6,2022,export_share,west,Tsugaru Strait,0.021488,0.021319,0.021493,Taiwan Strait,0.009397,0.009216,0.011231,175177682,6197776,0.035380,0.000000,0.000000,2042.545024,4.895853,China,0.361591
semiconductors_and_sme,854121,854121,H6,2022,vessel_count,east,Panama Canal,0.029550,0.029550,0.029550,Panama Canal,0.029550,0.029550,0.029550,175177682,6197776,0.035380,0.000000,0.000000,2042.545024,4.895853,China,0.361591
semiconductors_and_sme,854121,854121,H6,2022,vessel_count,gulf,Panama Canal,0.033267,0.033267,0.033267,Panama Canal,0.033267,0.033267,0.033267,175177682,6197776,0.035380,0.000000,0.000000,2042.545024,4.895853,China,0.361591
semiconductors_and_sme,854121,854121,H6,2022,vessel_count,national,Tsugaru Strait,0.018721,0.018612,0.018735,Panama Canal,0.013901,0.013901,0.013901,175177682,6197776,0.035380,0.000000,0.000000,2042.545024,4.895853,China,0.361591
semiconductors_and_sme,854121,854121,H6,2022,vessel_count,west,Tsugaru Strait,0.018721,0.018612,0.018735,Taiwan Strait,0.012498,0.012095,0.014344,175177682,6197776,0.035380,0.000000,0.000000,2042.545024,4.895853,China,0.361591
semiconductors_and_sme,854121,854121,H6,2023,export_share,east,Panama Canal,0.029782,0.029782,0.029782,Panama Canal,0.029782,0.029782,0.029782,131482042,6008157,0.045696,0.000000,0.000000,1651.792186,6.054030,China,0.293719
semiconductors_and_sme,854121,854121,H6,2023,export_share,gulf,Panama Canal,0.033287,0.033287,0.033287,Panama Canal,0.033287,0.033287,0.033287,131482042,6008157,0.045696,0.000000,0.000000,1651.792186,6.054030,China,0.293719
semiconductors_and_sme,854121,854121,H6,2023,export_share,national,Tsugaru Strait,0.017317,0.016794,0.017333,Panama Canal,0.011464,0.011464,0.011464,131482042,6008157,0.045696,0.000000,0.000000,1651.792186,6.054030,China,0.293719
semiconductors_and_sme,854121,854121,H6,2023,export_share,west,Tsugaru Strait,0.017317,0.016794,0.017333,Taiwan Strait,0.008130,0.007965,0.019942,131482042,6008157,0.045696,0.000000,0.000000,1651.792186,6.054030,China,0.293719
semiconductors_and_sme,854121,854121,H6,2023,vessel_count,east,Panama Canal,0.029642,0.029642,0.029642,Panama Canal,0.029642,0.029642,0.029642,131482042,6008157,0.045696,0.000000,0.000000,1651.792186,6.054030,China,0.293719
semiconductors_and_sme,854121,854121,H6,2023,vessel_count,gulf,Panama Canal,0.033327,0.033327,0.033327,Panama Canal,0.033327,0.033327,0.033327,131482042,6008157,0.045696,0.000000,0.000000,1651.792186,6.054030,China,0.293719
semiconductors_and_sme,854121,854121,H6,2023,vessel_count,national,Tsugaru Strait,0.015513,0.015176,0.015555,Panama Canal,0.011442,0.011442,0.011442,131482042,6008157,0.045696,0.000000,0.000000,1651.792186,6.054030,China,0.293719
semiconductors_and_sme,854121,854121,H6,2023,vessel_count,west,Tsugaru Strait,0.015513,0.015176,0.015555,Taiwan Strait,0.010423,0.010055,0.022309,131482042,6008157,0.045696,0.000000,0.000000,1651.792186,6.054030,China,0.293719
semiconductors_and_sme,854121,854121,H6,2024,export_share,east,Panama Canal,0.299837,0.299837,0.299837,Panama Canal,0.299837,0.299837,0.299837,137344783,42222918,0.307423,0.000000,0.000000,3027.563480,3.302986,Japan,0.486789
semiconductors_and_sme,854121,854121,H6,2024,export_share,gulf,Yucatan Channel,0.303490,0.303490,0.303490,Panama Canal,0.303363,0.303363,0.303363,137344783,42222918,0.307423,0.000000,0.000000,3027.563480,3.302986,Japan,0.486789
semiconductors_and_sme,854121,854121,H6,2024,export_share,national,Tsugaru Strait,0.062552,0.046821,0.063027,Panama Canal,0.029325,0.029325,0.029325,137344783,42222918,0.307423,0.000000,0.000000,3027.563480,3.302986,Japan,0.486789
semiconductors_and_sme,854121,854121,H6,2024,export_share,west,Tsugaru Strait,0.062552,0.046821,0.063027,Taiwan Strait,0.010540,0.010312,0.012580,137344783,42222918,0.307423,0.000000,0.000000,3027.563480,3.302986,Japan,0.486789
semiconductors_and_sme,854121,854121,H6,2024,vessel_count,east,Panama Canal,0.299515,0.299515,0.299515,Panama Canal,0.299515,0.299515,0.299515,137344783,42222918,0.307423,0.000000,0.000000,3027.563480,3.302986,Japan,0.486789
semiconductors_and_sme,854121,854121,H6,2024,vessel_count,gulf,Yucatan Channel,0.303313,0.303313,0.303313,Panama Canal,0.303276,0.303276,0.303276,137344783,42222918,0.307423,0.000000,0.000000,3027.563480,3.302986,Japan,0.486789
semiconductors_and_sme,854121,854121,H6,2024,vessel_count,national,Tsugaru Strait,0.071429,0.061275,0.072685,Panama Canal,0.029406,0.029406,0.029406,137344783,42222918,0.307423,0.000000,0.000000,3027.563480,3.302986,Japan,0.486789
semiconductors_and_sme,854121,854121,H6,2024,vessel_count,west,Tsugaru Strait,0.071429,0.061275,0.072685,Taiwan Strait,0.014212,0.013704,0.016267,137344783,42222918,0.307423,0.000000,0.000000,3027.563480,3.302986,Japan,0.486789
semiconductors_and_sme,854121,854121,H6,2025,export_share,east,Panama Canal,0.416560,0.416560,0.416560,Panama Canal,0.416560,0.416560,0.416560,172665087,79793116,0.462127,0.000000,0.000000,2571.386667,3.888952,Japan,0.467501
semiconductors_and_sme,854121,854121,H6,2025,export_share,gulf,Yucatan Channel,0.432643,0.432643,0.432643,Panama Canal,0.432219,0.432219,0.432219,172665087,79793116,0.462127,0.000000,0.000000,2571.386667,3.888952,Japan,0.467501
semiconductors_and_sme,854121,854121,H6,2025,export_share,national,Panama Canal,0.148329,0.148329,0.148329,Panama Canal,0.148329,0.148329,0.148329,172665087,79793116,0.462127,0.000000,0.000000,2571.386667,3.888952,Japan,0.467501
semiconductors_and_sme,854121,854121,H6,2025,export_share,west,Tsugaru Strait,0.064153,0.040476,0.064867,Panama Canal,0.027954,0.027954,0.027954,172665087,79793116,0.462127,0.000000,0.000000,2571.386667,3.888952,Japan,0.467501
semiconductors_and_sme,854121,854121,H6,2025,vessel_count,east,Panama Canal,0.416097,0.416097,0.416097,Panama Canal,0.416097,0.416097,0.416097,172665087,79793116,0.462127,0.000000,0.000000,2571.386667,3.888952,Japan,0.467501
semiconductors_and_sme,854121,854121,H6,2025,vessel_count,gulf,Yucatan Channel,0.432086,0.432086,0.432086,Panama Canal,0.431964,0.431964,0.431964,172665087,79793116,0.462127,0.000000,0.000000,2571.386667,3.888952,Japan,0.467501
semiconductors_and_sme,854121,854121,H6,2025,vessel_count,national,Panama Canal,0.148463,0.148463,0.148463,Panama Canal,0.148463,0.148463,0.148463,172665087,79793116,0.462127,0.000000,0.000000,2571.386667,3.888952,Japan,0.467501
semiconductors_and_sme,854121,854121,H6,2025,vessel_count,west,Tsugaru Strait,0.081625,0.066343,0.083516,Panama Canal,0.028357,0.028357,0.028357,172665087,79793116,0.462127,0.000000,0.000000,2571.386667,3.888952,Japan,0.467501
semiconductors_and_sme,854129,854129,H5,2018,export_share,east,Panama Canal,0.016928,0.016928,0.016928,Panama Canal,0.016928,0.016928,0.016928,1284670901,29936130,0.023303,0.000000,0.000000,1646.496730,6.073501,Mexico,0.270380
semiconductors_and_sme,854129,854129,H5,2018,export_share,gulf,Yucatan Channel,0.019670,0.019670,0.019670,Panama Canal,0.019670,0.019670,0.019670,1284670901,29936130,0.023303,0.000000,0.000000,1646.496730,6.073501,Mexico,0.270380
semiconductors_and_sme,854129,854129,H5,2018,export_share,national,Panama Canal,0.004191,0.004191,0.004191,Panama Canal,0.004191,0.004191,0.004191,1284670901,29936130,0.023303,0.000000,0.000000,1646.496730,6.073501,Mexico,0.270380
semiconductors_and_sme,854129,854129,H5,2018,export_share,west,Taiwan Strait,0.003270,0.003254,0.005757,Taiwan Strait,0.003270,0.003254,0.005757,1284670901,29936130,0.023303,0.000000,0.000000,1646.496730,6.073501,Mexico,0.270380
semiconductors_and_sme,854129,854129,H5,2018,vessel_count,east,Panama Canal,0.016915,0.016915,0.016915,Panama Canal,0.016915,0.016915,0.016915,1284670901,29936130,0.023303,0.000000,0.000000,1646.496730,6.073501,Mexico,0.270380
semiconductors_and_sme,854129,854129,H5,2018,vessel_count,gulf,Yucatan Channel,0.019701,0.019701,0.019701,Panama Canal,0.019701,0.019701,0.019701,1284670901,29936130,0.023303,0.000000,0.000000,1646.496730,6.073501,Mexico,0.270380
semiconductors_and_sme,854129,854129,H5,2018,vessel_count,national,Panama Canal,0.004173,0.004173,0.004173,Panama Canal,0.004173,0.004173,0.004173,1284670901,29936130,0.023303,0.000000,0.000000,1646.496730,6.073501,Mexico,0.270380
semiconductors_and_sme,854129,854129,H5,2018,vessel_count,west,Tsugaru Strait,0.003649,0.003062,0.003722,Taiwan Strait,0.003364,0.003327,0.005881,1284670901,29936130,0.023303,0.000000,0.000000,1646.496730,6.073501,Mexico,0.270380
semiconductors_and_sme,854129,854129,H5,2019,export_share,east,Panama Canal,0.025834,0.025834,0.025834,Panama Canal,0.025834,0.025834,0.025834,1183720490,43458813,0.036714,0.000000,0.000000,1549.215218,6.454881,Mexico,0.250896
semiconductors_and_sme,854129,854129,H5,2019,export_share,gulf,Yucatan Channel,0.030102,0.030102,0.030102,Panama Canal,0.030075,0.030075,0.030075,1183720490,43458813,0.036714,0.000000,0.000000,1549.215218,6.454881,Mexico,0.250896
semiconductors_and_sme,854129,854129,H5,2019,export_share,national,Tsugaru Strait,0.006000,0.004689,0.006040,Panama Canal,0.005814,0.005814,0.005814,1183720490,43458813,0.036714,0.000000,0.000000,1549.215218,6.454881,Mexico,0.250896
semiconductors_and_sme,854129,854129,H5,2019,export_share,west,Tsugaru Strait,0.006000,0.004689,0.006040,Taiwan Strait,0.004624,0.004586,0.010203,1183720490,43458813,0.036714,0.000000,0.000000,1549.215218,6.454881,Mexico,0.250896
semiconductors_and_sme,854129,854129,H5,2019,vessel_count,east,Panama Canal,0.025812,0.025812,0.025812,Panama Canal,0.025812,0.025812,0.025812,1183720490,43458813,0.036714,0.000000,0.000000,1549.215218,6.454881,Mexico,0.250896
semiconductors_and_sme,854129,854129,H5,2019,vessel_count,gulf,Yucatan Channel,0.030153,0.030153,0.030153,Panama Canal,0.030127,0.030127,0.030127,1183720490,43458813,0.036714,0.000000,0.000000,1549.215218,6.454881,Mexico,0.250896
semiconductors_and_sme,854129,854129,H5,2019,vessel_count,national,Tsugaru Strait,0.006947,0.006101,0.007052,Panama Canal,0.005807,0.005807,0.005807,1183720490,43458813,0.036714,0.000000,0.000000,1549.215218,6.454881,Mexico,0.250896
semiconductors_and_sme,854129,854129,H5,2019,vessel_count,west,Tsugaru Strait,0.006947,0.006101,0.007052,Taiwan Strait,0.004612,0.004528,0.010272,1183720490,43458813,0.036714,0.000000,0.000000,1549.215218,6.454881,Mexico,0.250896
semiconductors_and_sme,854129,854129,H5,2020,export_share,east,Panama Canal,0.061025,0.061025,0.061025,Panama Canal,0.061025,0.061025,0.061025,1079110500,83202391,0.077103,0.000000,0.000000,1549.476166,6.453794,Mexico,0.266141
semiconductors_and_sme,854129,854129,H5,2020,export_share,gulf,Yucatan Channel,0.065155,0.065155,0.065155,Panama Canal,0.065154,0.065154,0.065154,1079110500,83202391,0.077103,0.000000,0.000000,1549.476166,6.453794,Mexico,0.266141
semiconductors_and_sme,854129,854129,H5,2020,export_share,national,Panama Canal,0.017796,0.017796,0.017796,Panama Canal,0.017796,0.017796,0.017796,1079110500,83202391,0.077103,0.000000,0.001035,1549.476166,6.453794,Mexico,0.266141
semiconductors_and_sme,854129,854129,H5,2020,export_share,west,Tsugaru Strait,0.011462,0.008107,0.011563,Taiwan Strait,0.004572,0.004543,0.011740,1079110500,83202391,0.077103,0.000000,0.000000,1549.476166,6.453794,Mexico,0.266141
semiconductors_and_sme,854129,854129,H5,2020,vessel_count,east,Panama Canal,0.060996,0.060996,0.060996,Panama Canal,0.060996,0.060996,0.060996,1079110500,83202391,0.077103,0.000000,0.000000,1549.476166,6.453794,Mexico,0.266141
semiconductors_and_sme,854129,854129,H5,2020,vessel_count,gulf,Yucatan Channel,0.065208,0.065208,0.065208,Panama Canal,0.065208,0.065208,0.065208,1079110500,83202391,0.077103,0.000000,0.000000,1549.476166,6.453794,Mexico,0.266141
semiconductors_and_sme,854129,854129,H5,2020,vessel_count,national,Panama Canal,0.017789,0.017789,0.017789,Panama Canal,0.017789,0.017789,0.017789,1079110500,83202391,0.077103,0.000000,0.001035,1549.476166,6.453794,Mexico,0.266141
semiconductors_and_sme,854129,854129,H5,2020,vessel_count,west,Tsugaru Strait,0.013897,0.011732,0.014165,Taiwan Strait,0.004634,0.004569,0.011925,1079110500,83202391,0.077103,0.000000,0.000000,1549.476166,6.453794,Mexico,0.266141
semiconductors_and_sme,854129,854129,H5,2021,export_share,east,Panama Canal,0.099169,0.099169,0.099169,Panama Canal,0.099169,0.099169,0.099169,1514664868,155435876,0.102621,0.000000,0.000000,1043.730503,9.581017,Mexico,0.186647
semiconductors_and_sme,854129,854129,H5,2021,export_share,gulf,Yucatan Channel,0.100516,0.100516,0.100516,Panama Canal,0.100515,0.100515,0.100515,1514664868,155435876,0.102621,0.000000,0.000000,1043.730503,9.581017,Mexico,0.186647
semiconductors_and_sme,854129,854129,H5,2021,export_share,national,Panama Canal,0.044034,0.044034,0.044034,Panama Canal,0.044034,0.044034,0.044034,1514664868,155435876,0.102621,0.000000,0.000052,1043.730503,9.581017,Mexico,0.186647
semiconductors_and_sme,854129,854129,H5,2021,export_share,west,Tsugaru Strait,0.016354,0.010741,0.016524,Taiwan Strait,0.002368,0.002270,0.004166,1514664868,155435876,0.102621,0.000000,0.000000,1043.730503,9.581017,Mexico,0.186647
semiconductors_and_sme,854129,854129,H5,2021,vessel_count,east,Panama Canal,0.099142,0.099142,0.099142,Panama Canal,0.099142,0.099142,0.099142,1514664868,155435876,0.102621,0.000000,0.000000,1043.730503,9.581017,Mexico,0.186647
semiconductors_and_sme,854129,854129,H5,2021,vessel_count,gulf,Yucatan Channel,0.100531,0.100531,0.100531,Panama Canal,0.100531,0.100531,0.100531,1514664868,155435876,0.102621,0.000000,0.000000,1043.730503,9.581017,Mexico,0.186647
semiconductors_and_sme,854129,854129,H5,2021,vessel_count,national,Panama Canal,0.044023,0.044023,0.044023,Panama Canal,0.044023,0.044023,0.044023,1514664868,155435876,0.102621,0.000000,0.000052,1043.730503,9.581017,Mexico,0.186647
semiconductors_and_sme,854129,854129,H5,2021,vessel_count,west,Tsugaru Strait,0.020566,0.016942,0.021014,Taiwan Strait,0.002530,0.002311,0.004355,1514664868,155435876,0.102621,0.000000,0.000000,1043.730503,9.581017,Mexico,0.186647
semiconductors_and_sme,854129,854129,H6,2022,export_share,east,Panama Canal,0.085881,0.085881,0.085881,Panama Canal,0.085881,0.085881,0.085881,1936021907,168210855,0.086885,0.000000,0.000000,913.755093,10.943851,Japan,0.148341
semiconductors_and_sme,854129,854129,H6,2022,export_share,gulf,Panama Canal,0.086440,0.086440,0.086440,Panama Canal,0.086440,0.086440,0.086440,1936021907,168210855,0.086885,0.000000,0.000000,913.755093,10.943851,Japan,0.148341
semiconductors_and_sme,854129,854129,H6,2022,export_share,national,Panama Canal,0.032561,0.032561,0.032561,Panama Canal,0.032561,0.032561,0.032561,1936021907,168210855,0.086885,0.000000,0.000000,913.755093,10.943851,Japan,0.148341
semiconductors_and_sme,854129,854129,H6,2022,export_share,west,Tsugaru Strait,0.013172,0.008224,0.013322,Taiwan Strait,0.000998,0.000974,0.001211,1936021907,168210855,0.086885,0.000000,0.000000,913.755093,10.943851,Japan,0.148341
semiconductors_and_sme,854129,854129,H6,2022,vessel_count,east,Panama Canal,0.085849,0.085849,0.085849,Panama Canal,0.085849,0.085849,0.085849,1936021907,168210855,0.086885,0.000000,0.000000,913.755093,10.943851,Japan,0.148341
semiconductors_and_sme,854129,854129,H6,2022,vessel_count,gulf,Panama Canal,0.086445,0.086445,0.086445,Panama Canal,0.086445,0.086445,0.086445,1936021907,168210855,0.086885,0.000000,0.000000,913.755093,10.943851,Japan,0.148341
semiconductors_and_sme,854129,854129,H6,2022,vessel_count,national,Panama Canal,0.032548,0.032548,0.032548,Panama Canal,0.032548,0.032548,0.032548,1936021907,168210855,0.086885,0.000000,0.000000,913.755093,10.943851,Japan,0.148341
semiconductors_and_sme,854129,854129,H6,2022,vessel_count,west,Tsugaru Strait,0.016875,0.013681,0.017270,Taiwan Strait,0.001181,0.001127,0.001392,1936021907,168210855,0.086885,0.000000,0.000000,913.755093,10.943851,Japan,0.148341
semiconductors_and_sme,854129,854129,H6,2023,export_share,east,Panama Canal,0.080344,0.080344,0.080344,Panama Canal,0.080344,0.080344,0.080344,2076248332,171629100,0.082663,0.000000,0.000000,924.530636,10.816299,Japan,0.139665
semiconductors_and_sme,854129,854129,H6,2023,export_share,gulf,Yucatan Channel,0.080888,0.080888,0.080888,Panama Canal,0.080888,0.080888,0.080888,2076248332,171629100,0.082663,0.000000,0.000000,924.530636,10.816299,Japan,0.139665
semiconductors_and_sme,854129,854129,H6,2023,export_share,national,Panama Canal,0.026701,0.026701,0.026701,Panama Canal,0.026701,0.026701,0.026701,2076248332,171629100,0.082663,0.000000,0.000000,924.530636,10.816299,Japan,0.139665
semiconductors_and_sme,854129,854129,H6,2023,export_share,west,Tsugaru Strait,0.012223,0.007594,0.012362,Panama Canal,0.001342,0.001342,0.001342,2076248332,171629100,0.082663,0.000000,0.000000,924.530636,10.816299,Japan,0.139665
semiconductors_and_sme,854129,854129,H6,2023,vessel_count,east,Panama Canal,0.080308,0.080308,0.080308,Panama Canal,0.080308,0.080308,0.080308,2076248332,171629100,0.082663,0.000000,0.000000,924.530636,10.816299,Japan,0.139665
semiconductors_and_sme,854129,854129,H6,2023,vessel_count,gulf,Yucatan Channel,0.080894,0.080894,0.080894,Panama Canal,0.080893,0.080893,0.080893,2076248332,171629100,0.082663,0.000000,0.000000,924.530636,10.816299,Japan,0.139665
semiconductors_and_sme,854129,854129,H6,2023,vessel_count,national,Panama Canal,0.026690,0.026690,0.026690,Panama Canal,0.026690,0.026690,0.026690,2076248332,171629100,0.082663,0.000000,0.000000,924.530636,10.816299,Japan,0.139665
semiconductors_and_sme,854129,854129,H6,2023,vessel_count,west,Tsugaru Strait,0.015687,0.012699,0.016056,Panama Canal,0.001342,0.001342,0.001342,2076248332,171629100,0.082663,0.000000,0.000000,924.530636,10.816299,Japan,0.139665
semiconductors_and_sme,854129,854129,H6,2024,export_share,east,Panama Canal,0.088877,0.088877,0.088877,Panama Canal,0.088877,0.088877,0.088877,1677183554,195541331,0.116589,0.000000,0.000000,939.143381,10.648001,Japan,0.151387
semiconductors_and_sme,854129,854129,H6,2024,export_share,gulf,Yucatan Channel,0.090588,0.090588,0.090588,Panama Canal,0.090339,0.090339,0.090339,1677183554,195541331,0.116589,0.000000,0.000000,939.143381,10.648001,Japan,0.151387
semiconductors_and_sme,854129,854129,H6,2024,export_share,national,Panama Canal,0.043109,0.043109,0.043109,Panama Canal,0.043109,0.043109,0.043109,1677183554,195541331,0.116589,0.000000,0.000000,939.143381,10.648001,Japan,0.151387
semiconductors_and_sme,854129,854129,H6,2024,export_share,west,Panama Canal,0.023279,0.023279,0.023279,Panama Canal,0.023279,0.023279,0.023279,1677183554,195541331,0.116589,0.000000,0.000000,939.143381,10.648001,Japan,0.151387
semiconductors_and_sme,854129,854129,H6,2024,vessel_count,east,Panama Canal,0.088613,0.088613,0.088613,Panama Canal,0.088613,0.088613,0.088613,1677183554,195541331,0.116589,0.000000,0.000000,939.143381,10.648001,Japan,0.151387
semiconductors_and_sme,854129,854129,H6,2024,vessel_count,gulf,Yucatan Channel,0.090186,0.090186,0.090186,Panama Canal,0.090114,0.090114,0.090114,1677183554,195541331,0.116589,0.000000,0.000000,939.143381,10.648001,Japan,0.151387
semiconductors_and_sme,854129,854129,H6,2024,vessel_count,national,Panama Canal,0.043196,0.043196,0.043196,Panama Canal,0.043196,0.043196,0.043196,1677183554,195541331,0.116589,0.000000,0.000000,939.143381,10.648001,Japan,0.151387
semiconductors_and_sme,854129,854129,H6,2024,vessel_count,west,Panama Canal,0.023515,0.023515,0.023515,Panama Canal,0.023515,0.023515,0.023515,1677183554,195541331,0.116589,0.000000,0.000000,939.143381,10.648001,Japan,0.151387
semiconductors_and_sme,854129,854129,H6,2025,export_share,east,Panama Canal,0.149522,0.149522,0.149522,Panama Canal,0.149522,0.149522,0.149522,1186981769,201204223,0.169509,0.000000,0.000000,1231.012255,8.123396,Japan,0.261739
semiconductors_and_sme,854129,854129,H6,2025,export_share,gulf,Yucatan Channel,0.153653,0.153653,0.153653,Panama Canal,0.153475,0.153475,0.153475,1186981769,201204223,0.169509,0.000000,0.000000,1231.012255,8.123396,Japan,0.261739
semiconductors_and_sme,854129,854129,H6,2025,export_share,national,Panama Canal,0.046650,0.046650,0.046650,Panama Canal,0.046650,0.046650,0.046650,1186981769,201204223,0.169509,0.000000,0.000066,1231.012255,8.123396,Japan,0.261739
semiconductors_and_sme,854129,854129,H6,2025,export_share,west,Tsugaru Strait,0.024765,0.016475,0.025015,Taiwan Strait,0.005226,0.005156,0.016912,1186981769,201204223,0.169509,0.000000,0.000000,1231.012255,8.123396,Japan,0.261739
semiconductors_and_sme,854129,854129,H6,2025,vessel_count,east,Panama Canal,0.149310,0.149310,0.149310,Panama Canal,0.149310,0.149310,0.149310,1186981769,201204223,0.169509,0.000000,0.000000,1231.012255,8.123396,Japan,0.261739
semiconductors_and_sme,854129,854129,H6,2025,vessel_count,gulf,Yucatan Channel,0.153414,0.153414,0.153414,Panama Canal,0.153362,0.153362,0.153362,1186981769,201204223,0.169509,0.000000,0.000000,1231.012255,8.123396,Japan,0.261739
semiconductors_and_sme,854129,854129,H6,2025,vessel_count,national,Panama Canal,0.046710,0.046710,0.046710,Panama Canal,0.046710,0.046710,0.046710,1186981769,201204223,0.169509,0.000000,0.000066,1231.012255,8.123396,Japan,0.261739
semiconductors_and_sme,854129,854129,H6,2025,vessel_count,west,Tsugaru Strait,0.030698,0.025347,0.031360,Taiwan Strait,0.005557,0.005402,0.017475,1186981769,201204223,0.169509,0.000000,0.000000,1231.012255,8.123396,Japan,0.261739
semiconductors_and_sme,854130,854130,H5,2018,export_share,east,Panama Canal,0.066721,0.066721,0.066721,Panama Canal,0.066721,0.066721,0.066721,103867732,9961038,0.095901,0.000000,0.000000,1293.778157,7.729300,China,0.257679
semiconductors_and_sme,854130,854130,H5,2018,export_share,gulf,Panama Canal,0.067090,0.067090,0.067090,Panama Canal,0.067090,0.067090,0.067090,103867732,9961038,0.095901,0.000000,0.000000,1293.778157,7.729300,China,0.257679
semiconductors_and_sme,854130,854130,H5,2018,export_share,national,Panama Canal,0.045528,0.045528,0.045528,Panama Canal,0.045528,0.045528,0.045528,103867732,9961038,0.095901,0.000000,0.000000,1293.778157,7.729300,China,0.257679
semiconductors_and_sme,854130,854130,H5,2018,export_share,west,Mona Passage,0.028701,0.028701,0.028701,Panama Canal,0.028701,0.028701,0.028701,103867732,9961038,0.095901,0.000000,0.000000,1293.778157,7.729300,China,0.257679
semiconductors_and_sme,854130,854130,H5,2018,vessel_count,east,Panama Canal,0.066675,0.066675,0.066675,Panama Canal,0.066675,0.066675,0.066675,103867732,9961038,0.095901,0.000000,0.000000,1293.778157,7.729300,China,0.257679
semiconductors_and_sme,854130,854130,H5,2018,vessel_count,gulf,Panama Canal,0.067093,0.067093,0.067093,Panama Canal,0.067093,0.067093,0.067093,103867732,9961038,0.095901,0.000000,0.000000,1293.778157,7.729300,China,0.257679
semiconductors_and_sme,854130,854130,H5,2018,vessel_count,national,Panama Canal,0.045508,0.045508,0.045508,Panama Canal,0.045508,0.045508,0.045508,103867732,9961038,0.095901,0.000000,0.000000,1293.778157,7.729300,China,0.257679
semiconductors_and_sme,854130,854130,H5,2018,vessel_count,west,Mona Passage,0.028701,0.028701,0.028701,Panama Canal,0.028701,0.028701,0.028701,103867732,9961038,0.095901,0.000000,0.000000,1293.778157,7.729300,China,0.257679
semiconductors_and_sme,854130,854130,H5,2019,export_share,east,Panama Canal,0.037848,0.037848,0.037848,Panama Canal,0.037848,0.037848,0.037848,82961187,3344548,0.040315,0.000000,0.000000,1068.932842,9.355125,China,0.186420
semiconductors_and_sme,854130,854130,H5,2019,export_share,gulf,Panama Canal,0.037920,0.037920,0.037920,Panama Canal,0.037920,0.037920,0.037920,82961187,3344548,0.040315,0.000000,0.000000,1068.932842,9.355125,China,0.186420
semiconductors_and_sme,854130,854130,H5,2019,export_share,national,Panama Canal,0.030349,0.030349,0.030349,Panama Canal,0.030349,0.030349,0.030349,82961187,3344548,0.040315,0.000000,0.000000,1068.932842,9.355125,China,0.186420
semiconductors_and_sme,854130,854130,H5,2019,export_share,west,Tsugaru Strait,0.008914,0.006991,0.008973,Panama Canal,0.002392,0.002392,0.002392,82961187,3344548,0.040315,0.000000,0.000000,1068.932842,9.355125,China,0.186420
semiconductors_and_sme,854130,854130,H5,2019,vessel_count,east,Panama Canal,0.037973,0.037973,0.037973,Panama Canal,0.037973,0.037973,0.037973,82961187,3344548,0.040315,0.000000,0.000000,1068.932842,9.355125,China,0.186420
semiconductors_and_sme,854130,854130,H5,2019,vessel_count,gulf,Panama Canal,0.038069,0.038069,0.038069,Panama Canal,0.038069,0.038069,0.038069,82961187,3344548,0.040315,0.000000,0.000000,1068.932842,9.355125,China,0.186420
semiconductors_and_sme,854130,854130,H5,2019,vessel_count,national,Panama Canal,0.030416,0.030416,0.030416,Panama Canal,0.030416,0.030416,0.030416,82961187,3344548,0.040315,0.000000,0.000000,1068.932842,9.355125,China,0.186420
semiconductors_and_sme,854130,854130,H5,2019,vessel_count,west,Tsugaru Strait,0.009995,0.008753,0.010148,Panama Canal,0.002242,0.002242,0.002242,82961187,3344548,0.040315,0.000000,0.000000,1068.932842,9.355125,China,0.186420
semiconductors_and_sme,854130,854130,H5,2020,export_share,east,Oresund Strait,0.009675,0.008930,0.016995,Panama Canal,0.008035,0.008035,0.008035,61830069,1698167,0.027465,0.000000,0.000000,1146.249027,8.724108,China,0.193316
semiconductors_and_sme,854130,854130,H5,2020,export_share,gulf,Oresund Strait,0.009675,0.008930,0.016995,Panama Canal,0.008159,0.008159,0.008159,61830069,1698167,0.027465,0.000000,0.000000,1146.249027,8.724108,China,0.193316
semiconductors_and_sme,854130,854130,H5,2020,export_share,national,Panama Canal,0.014955,0.014955,0.014955,Panama Canal,0.014955,0.014955,0.014955,61830069,1698167,0.027465,0.000000,0.004427,1146.249027,8.724108,China,0.193316
semiconductors_and_sme,854130,854130,H5,2020,export_share,west,Panama Canal,0.019306,0.019306,0.019306,Panama Canal,0.019306,0.019306,0.019306,61830069,1698167,0.027465,0.000000,0.000000,1146.249027,8.724108,China,0.193316
semiconductors_and_sme,854130,854130,H5,2020,vessel_count,east,Oresund Strait,0.012267,0.011624,0.016030,Panama Canal,0.008562,0.008562,0.008562,61830069,1698167,0.027465,0.000000,0.000000,1146.249027,8.724108,China,0.193316
semiconductors_and_sme,854130,854130,H5,2020,vessel_count,gulf,Oresund Strait,0.012267,0.011624,0.016030,Panama Canal,0.008709,0.008709,0.008709,61830069,1698167,0.027465,0.000000,0.000000,1146.249027,8.724108,China,0.193316
semiconductors_and_sme,854130,854130,H5,2020,vessel_count,national,Panama Canal,0.014818,0.014818,0.014818,Panama Canal,0.014818,0.014818,0.014818,61830069,1698167,0.027465,0.000000,0.004427,1146.249027,8.724108,China,0.193316
semiconductors_and_sme,854130,854130,H5,2020,vessel_count,west,Panama Canal,0.018756,0.018756,0.018756,Panama Canal,0.018756,0.018756,0.018756,61830069,1698167,0.027465,0.000000,0.000000,1146.249027,8.724108,China,0.193316
semiconductors_and_sme,854130,854130,H5,2021,export_share,east,Panama Canal,0.006239,0.006239,0.006239,Panama Canal,0.006239,0.006239,0.006239,70947246,812500,0.011452,0.000000,0.000000,1499.461113,6.669063,China,0.280274
semiconductors_and_sme,854130,854130,H5,2021,export_share,gulf,Panama Canal,0.006311,0.006311,0.006311,Panama Canal,0.006311,0.006311,0.006311,70947246,812500,0.011452,0.000000,0.000000,1499.461113,6.669063,China,0.280274
semiconductors_and_sme,854130,854130,H5,2021,export_share,national,Panama Canal,0.005920,0.005920,0.005920,Panama Canal,0.005920,0.005920,0.005920,70947246,812500,0.011452,0.000000,0.000000,1499.461113,6.669063,China,0.280274
semiconductors_and_sme,854130,854130,H5,2021,export_share,west,Panama Canal,0.005106,0.005106,0.005106,Panama Canal,0.005106,0.005106,0.005106,70947246,812500,0.011452,0.000000,0.000000,1499.461113,6.669063,China,0.280274
semiconductors_and_sme,854130,854130,H5,2021,vessel_count,east,Panama Canal,0.006230,0.006230,0.006230,Panama Canal,0.006230,0.006230,0.006230,70947246,812500,0.011452,0.000000,0.000000,1499.461113,6.669063,China,0.280274
semiconductors_and_sme,854130,854130,H5,2021,vessel_count,gulf,Panama Canal,0.006326,0.006326,0.006326,Panama Canal,0.006326,0.006326,0.006326,70947246,812500,0.011452,0.000000,0.000000,1499.461113,6.669063,China,0.280274
semiconductors_and_sme,854130,854130,H5,2021,vessel_count,national,Panama Canal,0.005913,0.005913,0.005913,Panama Canal,0.005913,0.005913,0.005913,70947246,812500,0.011452,0.000000,0.000000,1499.461113,6.669063,China,0.280274
semiconductors_and_sme,854130,854130,H5,2021,vessel_count,west,Panama Canal,0.005092,0.005092,0.005092,Panama Canal,0.005092,0.005092,0.005092,70947246,812500,0.011452,0.000000,0.000000,1499.461113,6.669063,China,0.280274
semiconductors_and_sme,854130,854130,H6,2022,export_share,east,Panama Canal,0.024489,0.024489,0.024489,Panama Canal,0.024489,0.024489,0.024489,120448204,4954905,0.041137,0.000000,0.000000,1378.175869,7.255968,China,0.286135
semiconductors_and_sme,854130,854130,H6,2022,export_share,gulf,Panama Canal,0.024821,0.024821,0.024821,Panama Canal,0.024821,0.024821,0.024821,120448204,4954905,0.041137,0.000000,0.000000,1378.175869,7.255968,China,0.286135
semiconductors_and_sme,854130,854130,H6,2022,export_share,national,Panama Canal,0.021683,0.021683,0.021683,Panama Canal,0.021683,0.021683,0.021683,120448204,4954905,0.041137,0.000000,0.000000,1378.175869,7.255968,China,0.286135
semiconductors_and_sme,854130,854130,H6,2022,export_share,west,Mona Passage,0.016316,0.016316,0.016316,Panama Canal,0.016316,0.016316,0.016316,120448204,4954905,0.041137,0.000000,0.000000,1378.175869,7.255968,China,0.286135
semiconductors_and_sme,854130,854130,H6,2022,vessel_count,east,Panama Canal,0.024378,0.024378,0.024378,Panama Canal,0.024378,0.024378,0.024378,120448204,4954905,0.041137,0.000000,0.000000,1378.175869,7.255968,China,0.286135
semiconductors_and_sme,854130,854130,H6,2022,vessel_count,gulf,Panama Canal,0.024821,0.024821,0.024821,Panama Canal,0.024821,0.024821,0.024821,120448204,4954905,0.041137,0.000000,0.000000,1378.175869,7.255968,China,0.286135
semiconductors_and_sme,854130,854130,H6,2022,vessel_count,national,Panama Canal,0.021646,0.021646,0.021646,Panama Canal,0.021646,0.021646,0.021646,120448204,4954905,0.041137,0.000000,0.000000,1378.175869,7.255968,China,0.286135
semiconductors_and_sme,854130,854130,H6,2022,vessel_count,west,Mona Passage,0.016316,0.016316,0.016316,Panama Canal,0.016316,0.016316,0.016316,120448204,4954905,0.041137,0.000000,0.000000,1378.175869,7.255968,China,0.286135
semiconductors_and_sme,854130,854130,H6,2023,export_share,east,Panama Canal,0.036120,0.036120,0.036120,Panama Canal,0.036120,0.036120,0.036120,110455685,5300656,0.047989,0.000000,0.000000,1273.721154,7.851012,Germany,0.229097
semiconductors_and_sme,854130,854130,H6,2023,export_share,gulf,Panama Canal,0.036603,0.036603,0.036603,Panama Canal,0.036603,0.036603,0.036603,110455685,5300656,0.047989,0.000000,0.000000,1273.721154,7.851012,Germany,0.229097
semiconductors_and_sme,854130,854130,H6,2023,export_share,national,Panama Canal,0.026446,0.026446,0.026446,Panama Canal,0.026446,0.026446,0.026446,110455685,5300656,0.047989,0.000000,0.000000,1273.721154,7.851012,Germany,0.229097
semiconductors_and_sme,854130,854130,H6,2023,export_share,west,Tsugaru Strait,0.022972,0.022459,0.022988,Panama Canal,0.011310,0.011310,0.011310,110455685,5300656,0.047989,0.000000,0.000000,1273.721154,7.851012,Germany,0.229097
semiconductors_and_sme,854130,854130,H6,2023,vessel_count,east,Panama Canal,0.035954,0.035954,0.035954,Panama Canal,0.035954,0.035954,0.035954,110455685,5300656,0.047989,0.000000,0.000000,1273.721154,7.851012,Germany,0.229097
semiconductors_and_sme,854130,854130,H6,2023,vessel_count,gulf,Panama Canal,0.036603,0.036603,0.036603,Panama Canal,0.036603,0.036603,0.036603,110455685,5300656,0.047989,0.000000,0.000000,1273.721154,7.851012,Germany,0.229097
semiconductors_and_sme,854130,854130,H6,2023,vessel_count,national,Panama Canal,0.026358,0.026358,0.026358,Panama Canal,0.026358,0.026358,0.026358,110455685,5300656,0.047989,0.000000,0.000000,1273.721154,7.851012,Germany,0.229097
semiconductors_and_sme,854130,854130,H6,2023,vessel_count,west,Tsugaru Strait,0.020528,0.020197,0.020569,Panama Canal,0.011310,0.011310,0.011310,110455685,5300656,0.047989,0.000000,0.000000,1273.721154,7.851012,Germany,0.229097
semiconductors_and_sme,854130,854130,H6,2024,export_share,east,Dover Strait,0.044977,0.044383,0.045255,Panama Canal,0.013272,0.013272,0.013272,114030518,8180298,0.071738,0.000000,0.000000,1071.135765,9.335885,Germany,0.180507
semiconductors_and_sme,854130,854130,H6,2024,export_share,gulf,Dover Strait,0.045043,0.044449,0.045321,Panama Canal,0.013481,0.013481,0.013481,114030518,8180298,0.071738,0.000000,0.000000,1071.135765,9.335885,Germany,0.180507
semiconductors_and_sme,854130,854130,H6,2024,export_share,national,Dover Strait,0.045215,0.044627,0.045454,Panama Canal,0.018689,0.018689,0.018689,114030518,8180298,0.071738,0.000000,0.011299,1071.135765,9.335885,Germany,0.180507
semiconductors_and_sme,854130,854130,H6,2024,export_share,west,Panama Canal,0.055724,0.055724,0.055724,Panama Canal,0.055724,0.055724,0.055724,114030518,8180298,0.071738,0.000000,0.000000,1071.135765,9.335885,Germany,0.180507
semiconductors_and_sme,854130,854130,H6,2024,vessel_count,east,Dover Strait,0.045028,0.044709,0.045446,Panama Canal,0.013204,0.013204,0.013204,114030518,8180298,0.071738,0.000000,0.000000,1071.135765,9.335885,Germany,0.180507
semiconductors_and_sme,854130,854130,H6,2024,vessel_count,gulf,Dover Strait,0.045138,0.044820,0.045557,Panama Canal,0.013481,0.013481,0.013481,114030518,8180298,0.071738,0.000000,0.000000,1071.135765,9.335885,Germany,0.180507
semiconductors_and_sme,854130,854130,H6,2024,vessel_count,national,Dover Strait,0.045292,0.044977,0.045651,Panama Canal,0.018633,0.018633,0.018633,114030518,8180298,0.071738,0.000000,0.011299,1071.135765,9.335885,Germany,0.180507
semiconductors_and_sme,854130,854130,H6,2024,vessel_count,west,Panama Canal,0.055721,0.055721,0.055721,Panama Canal,0.055721,0.055721,0.055721,114030518,8180298,0.071738,0.000000,0.000000,1071.135765,9.335885,Germany,0.180507
semiconductors_and_sme,854130,854130,H6,2025,export_share,east,Windward Passage,0.037572,0.037572,0.037572,Panama Canal,0.037572,0.037572,0.037572,95565335,7227303,0.075627,0.000000,0.000000,1116.708762,8.954886,Germany,0.183568
semiconductors_and_sme,854130,854130,H6,2025,export_share,gulf,Yucatan Channel,0.038453,0.038453,0.038453,Panama Canal,0.038296,0.038296,0.038296,95565335,7227303,0.075627,0.000000,0.000000,1116.708762,8.954886,Germany,0.183568
semiconductors_and_sme,854130,854130,H6,2025,export_share,national,Panama Canal,0.026359,0.026359,0.026359,Panama Canal,0.026359,0.026359,0.026359,95565335,7227303,0.075627,0.000000,0.016252,1116.708762,8.954886,Germany,0.183568
semiconductors_and_sme,854130,854130,H6,2025,export_share,west,Luzon Strait,0.031073,0.031073,0.031383,Panama Canal,0.006464,0.006464,0.006464,95565335,7227303,0.075627,0.000000,0.000000,1116.708762,8.954886,Germany,0.183568
semiconductors_and_sme,854130,854130,H6,2025,vessel_count,east,Windward Passage,0.037434,0.037434,0.037434,Panama Canal,0.037430,0.037430,0.037430,95565335,7227303,0.075627,0.000000,0.000000,1116.708762,8.954886,Germany,0.183568
semiconductors_and_sme,854130,854130,H6,2025,vessel_count,gulf,Yucatan Channel,0.038451,0.038451,0.038451,Panama Canal,0.038444,0.038444,0.038444,95565335,7227303,0.075627,0.000000,0.000000,1116.708762,8.954886,Germany,0.183568
semiconductors_and_sme,854130,854130,H6,2025,vessel_count,national,Panama Canal,0.026385,0.026385,0.026385,Panama Canal,0.026385,0.026385,0.026385,95565335,7227303,0.075627,0.000000,0.016252,1116.708762,8.954886,Germany,0.183568
semiconductors_and_sme,854130,854130,H6,2025,vessel_count,west,Luzon Strait,0.031078,0.031078,0.031305,Taiwan Strait,0.009331,0.008835,0.040409,95565335,7227303,0.075627,0.000000,0.000000,1116.708762,8.954886,Germany,0.183568
semiconductors_and_sme,854140,854140,H5,2018,export_share,east,Gibraltar Strait,0.338482,0.338478,0.338482,Suez Canal,0.327945,0.327941,0.327945,5485161458,2739352594,0.499411,0.000000,0.000000,1235.692558,8.092628,Malaysia,0.254560
semiconductors_and_sme,854140,854140,H5,2018,export_share,gulf,Yucatan Channel,0.261405,0.261405,0.261405,Panama Canal,0.261388,0.261388,0.261388,5485161458,2739352594,0.499411,0.000000,0.000000,1235.692558,8.092628,Malaysia,0.254560
semiconductors_and_sme,854140,854140,H5,2018,export_share,national,Malacca Strait,0.207676,0.160431,0.264533,Suez Canal,0.162690,0.162686,0.162690,5485161458,2739352594,0.499411,0.000000,0.000254,1235.692558,8.092628,Malaysia,0.254560
semiconductors_and_sme,854140,854140,H5,2018,export_share,west,Luzon Strait,0.215148,0.215148,0.217170,Taiwan Strait,0.109087,0.108589,0.324235,5485161458,2739352594,0.499411,0.000000,0.000000,1235.692558,8.092628,Malaysia,0.254560
semiconductors_and_sme,854140,854140,H5,2018,vessel_count,east,Gibraltar Strait,0.338688,0.338686,0.338688,Suez Canal,0.328107,0.328103,0.328107,5485161458,2739352594,0.499411,0.000000,0.000000,1235.692558,8.092628,Malaysia,0.254560
semiconductors_and_sme,854140,854140,H5,2018,vessel_count,gulf,Yucatan Channel,0.262066,0.262066,0.262066,Panama Canal,0.262050,0.262050,0.262050,5485161458,2739352594,0.499411,0.000000,0.000000,1235.692558,8.092628,Malaysia,0.254560
semiconductors_and_sme,854140,854140,H5,2018,vessel_count,national,Malacca Strait,0.209388,0.160450,0.260440,Suez Canal,0.162741,0.162737,0.162741,5485161458,2739352594,0.499411,0.000000,0.000254,1235.692558,8.092628,Malaysia,0.254560
semiconductors_and_sme,854140,854140,H5,2018,vessel_count,west,Luzon Strait,0.218691,0.218691,0.220174,Taiwan Strait,0.107368,0.106260,0.326059,5485161458,2739352594,0.499411,0.000000,0.000000,1235.692558,8.092628,Malaysia,0.254560
semiconductors_and_sme,854140,854140,H5,2019,export_share,east,Gibraltar Strait,0.604334,0.604331,0.604334,Suez Canal,0.593753,0.593751,0.593753,8089850007,5748215845,0.710547,0.000000,0.000000,1753.638763,5.702429,Malaysia,0.330012
semiconductors_and_sme,854140,854140,H5,2019,export_share,gulf,Yucatan Channel,0.382717,0.382717,0.382717,Panama Canal,0.382710,0.382710,0.382710,8089850007,5748215845,0.710547,0.000000,0.000000,1753.638763,5.702429,Malaysia,0.330012
semiconductors_and_sme,854140,854140,H5,2019,export_share,national,Malacca Strait,0.335765,0.280018,0.428743,Suez Canal,0.299712,0.299711,0.299712,8089850007,5748215845,0.710547,0.000000,0.000396,1753.638763,5.702429,Malaysia,0.330012
semiconductors_and_sme,854140,854140,H5,2019,export_share,west,Luzon Strait,0.302398,0.302398,0.308078,Taiwan Strait,0.284516,0.283443,0.586915,8089850007,5748215845,0.710547,0.000000,0.000000,1753.638763,5.702429,Malaysia,0.330012
semiconductors_and_sme,854140,854140,H5,2019,vessel_count,east,Gibraltar Strait,0.604355,0.604354,0.604355,Suez Canal,0.593769,0.593768,0.593769,8089850007,5748215845,0.710547,0.000000,0.000000,1753.638763,5.702429,Malaysia,0.330012
semiconductors_and_sme,854140,854140,H5,2019,vessel_count,gulf,Yucatan Channel,0.383955,0.383955,0.383955,Panama Canal,0.383952,0.383952,0.383952,8089850007,5748215845,0.710547,0.000000,0.000000,1753.638763,5.702429,Malaysia,0.330012
semiconductors_and_sme,854140,854140,H5,2019,vessel_count,national,Malacca Strait,0.337914,0.279842,0.421914,Suez Canal,0.299586,0.299585,0.299586,8089850007,5748215845,0.710547,0.000000,0.000396,1753.638763,5.702429,Malaysia,0.330012
semiconductors_and_sme,854140,854140,H5,2019,vessel_count,west,Luzon Strait,0.307662,0.307662,0.311826,Taiwan Strait,0.279438,0.277056,0.587100,8089850007,5748215845,0.710547,0.000000,0.000000,1753.638763,5.702429,Malaysia,0.330012
semiconductors_and_sme,854140,854140,H5,2020,export_share,east,Gibraltar Strait,0.645108,0.645106,0.645108,Suez Canal,0.634332,0.634331,0.634332,10150001024,7887636254,0.777107,0.000000,0.000000,1660.438167,6.022507,Malaysia,0.269809
semiconductors_and_sme,854140,854140,H5,2020,export_share,gulf,Yucatan Channel,0.514375,0.514375,0.514375,Panama Canal,0.514367,0.514367,0.514367,10150001024,7887636254,0.777107,0.000000,0.000000,1660.438167,6.022507,Malaysia,0.269809
semiconductors_and_sme,854140,854140,H5,2020,export_share,national,Malacca Strait,0.334414,0.290360,0.409092,Suez Canal,0.307655,0.307654,0.307655,10150001024,7887636254,0.777107,0.000000,0.000107,1660.438167,6.022507,Malaysia,0.269809
semiconductors_and_sme,854140,854140,H5,2020,export_share,west,Taiwan Strait,0.392759,0.391987,0.632014,Taiwan Strait,0.392759,0.391987,0.632014,10150001024,7887636254,0.777107,0.000000,0.000000,1660.438167,6.022507,Malaysia,0.269809
semiconductors_and_sme,854140,854140,H5,2020,vessel_count,east,Gibraltar Strait,0.645291,0.645291,0.645291,Suez Canal,0.634511,0.634510,0.634511,10150001024,7887636254,0.777107,0.000000,0.000000,1660.438167,6.022507,Malaysia,0.269809
semiconductors_and_sme,854140,854140,H5,2020,vessel_count,gulf,Yucatan Channel,0.516153,0.516153,0.516153,Panama Canal,0.516149,0.516149,0.516149,10150001024,7887636254,0.777107,0.000000,0.000000,1660.438167,6.022507,Malaysia,0.269809
semiconductors_and_sme,854140,854140,H5,2020,vessel_count,national,Malacca Strait,0.336155,0.290282,0.403683,Suez Canal,0.307507,0.307506,0.307507,10150001024,7887636254,0.777107,0.000000,0.000107,1660.438167,6.022507,Malaysia,0.269809
semiconductors_and_sme,854140,854140,H5,2020,vessel_count,west,Taiwan Strait,0.392027,0.390311,0.634718,Taiwan Strait,0.392027,0.390311,0.634718,10150001024,7887636254,0.777107,0.000000,0.000000,1660.438167,6.022507,Malaysia,0.269809
semiconductors_and_sme,854140,854140,H5,2021,export_share,east,Gibraltar Strait,0.625763,0.625754,0.625763,Suez Canal,0.619534,0.619533,0.619534,9137638899,6573182211,0.719352,0.000000,0.000000,1577.038613,6.340999,Malaysia,0.264059
semiconductors_and_sme,854140,854140,H5,2021,export_share,gulf,Yucatan Channel,0.461128,0.461128,0.461128,Panama Canal,0.461120,0.461120,0.461120,9137638899,6573182211,0.719352,0.000000,0.000000,1577.038613,6.340999,Malaysia,0.264059
semiconductors_and_sme,854140,854140,H5,2021,export_share,national,Malacca Strait,0.326700,0.278497,0.395199,Suez Canal,0.285779,0.285778,0.285779,9137638899,6573182211,0.719352,0.000000,0.002159,1577.038613,6.340999,Malaysia,0.264059
semiconductors_and_sme,854140,854140,H5,2021,export_share,west,Taiwan Strait,0.372454,0.371778,0.611925,Taiwan Strait,0.372454,0.371778,0.611925,9137638899,6573182211,0.719352,0.000000,0.000000,1577.038613,6.340999,Malaysia,0.264059
semiconductors_and_sme,854140,854140,H5,2021,vessel_count,east,Gibraltar Strait,0.625525,0.625522,0.625525,Suez Canal,0.619304,0.619304,0.619304,9137638899,6573182211,0.719352,0.000000,0.000000,1577.038613,6.340999,Malaysia,0.264059
semiconductors_and_sme,854140,854140,H5,2021,vessel_count,gulf,Yucatan Channel,0.462738,0.462738,0.462738,Panama Canal,0.462735,0.462735,0.462735,9137638899,6573182211,0.719352,0.000000,0.000000,1577.038613,6.340999,Malaysia,0.264059
semiconductors_and_sme,854140,854140,H5,2021,vessel_count,national,Malacca Strait,0.328382,0.278260,0.390014,Suez Canal,0.285513,0.285513,0.285513,9137638899,6573182211,0.719352,0.000000,0.002159,1577.038613,6.340999,Malaysia,0.264059
semiconductors_and_sme,854140,854140,H5,2021,vessel_count,west,Taiwan Strait,0.369004,0.367504,0.611738,Taiwan Strait,0.369004,0.367504,0.611738,9137638899,6573182211,0.719352,0.000000,0.000000,1577.038613,6.340999,Malaysia,0.264059
semiconductors_and_sme,854140,854141,H6,2022,export_share,east,Windward Passage,0.028053,0.028048,0.028053,Panama Canal,0.028048,0.028048,0.028048,862013599,30272184,0.035118,0.000000,0.000000,1503.885792,6.649441,Viet Nam,0.288474
semiconductors_and_sme,854140,854141,H6,2022,export_share,gulf,Yucatan Channel,0.030602,0.030602,0.030602,Panama Canal,0.030431,0.030431,0.030431,862013599,30272184,0.035118,0.000000,0.000000,1503.885792,6.649441,Viet Nam,0.288474
semiconductors_and_sme,854140,854141,H6,2022,export_share,national,Tsugaru Strait,0.014969,0.014692,0.014977,Taiwan Strait,0.010325,0.009452,0.012583,862013599,30272184,0.035118,0.000000,0.011309,1503.885792,6.649441,Viet Nam,0.288474
semiconductors_and_sme,854140,854141,H6,2022,export_share,west,Tsugaru Strait,0.015140,0.014861,0.015148,Taiwan Strait,0.011020,0.010136,0.014247,862013599,30272184,0.035118,0.000000,0.000000,1503.885792,6.649441,Viet Nam,0.288474
semiconductors_and_sme,854140,854141,H6,2022,vessel_count,east,Windward Passage,0.027974,0.027969,0.027974,Panama Canal,0.027969,0.027969,0.027969,862013599,30272184,0.035118,0.000000,0.000000,1503.885792,6.649441,Viet Nam,0.288474
semiconductors_and_sme,854140,854141,H6,2022,vessel_count,gulf,Yucatan Channel,0.030603,0.030603,0.030603,Panama Canal,0.030438,0.030438,0.030438,862013599,30272184,0.035118,0.000000,0.000000,1503.885792,6.649441,Viet Nam,0.288474
semiconductors_and_sme,854140,854141,H6,2022,vessel_count,national,Tsugaru Strait,0.014027,0.013849,0.014049,Taiwan Strait,0.011502,0.009563,0.013806,862013599,30272184,0.035118,0.000000,0.011309,1503.885792,6.649441,Viet Nam,0.288474
semiconductors_and_sme,854140,854141,H6,2022,vessel_count,west,Tsugaru Strait,0.014188,0.014007,0.014210,Taiwan Strait,0.012203,0.010242,0.015497,862013599,30272184,0.035118,0.000000,0.000000,1503.885792,6.649441,Viet Nam,0.288474
semiconductors_and_sme,854140,854141,H6,2023,export_share,east,Windward Passage,0.028856,0.028856,0.028856,Panama Canal,0.028856,0.028856,0.028856,689598285,22341294,0.032398,0.000000,0.000000,1438.549553,6.951446,Viet Nam,0.234305
semiconductors_and_sme,854140,854141,H6,2023,export_share,gulf,Yucatan Channel,0.029442,0.029442,0.029442,Panama Canal,0.029433,0.029433,0.029433,689598285,22341294,0.032398,0.000000,0.000000,1438.549553,6.951446,Viet Nam,0.234305
semiconductors_and_sme,854140,854141,H6,2023,export_share,national,Tsugaru Strait,0.013756,0.013362,0.013768,Taiwan Strait,0.008964,0.008137,0.010292,689598285,22341294,0.032398,0.000000,0.028012,1438.549553,6.951446,Viet Nam,0.234305
semiconductors_and_sme,854140,854141,H6,2023,export_share,west,Tsugaru Strait,0.014152,0.013747,0.014165,Taiwan Strait,0.009307,0.008457,0.011042,689598285,22341294,0.032398,0.000000,0.000000,1438.549553,6.951446,Viet Nam,0.234305
semiconductors_and_sme,854140,854141,H6,2023,vessel_count,east,Windward Passage,0.028779,0.028779,0.028779,Panama Canal,0.028779,0.028779,0.028779,689598285,22341294,0.032398,0.000000,0.000000,1438.549553,6.951446,Viet Nam,0.234305
semiconductors_and_sme,854140,854141,H6,2023,vessel_count,gulf,Yucatan Channel,0.029433,0.029433,0.029433,Panama Canal,0.029429,0.029429,0.029429,689598285,22341294,0.032398,0.000000,0.000000,1438.549553,6.951446,Viet Nam,0.234305
semiconductors_and_sme,854140,854141,H6,2023,vessel_count,national,Tsugaru Strait,0.012663,0.012408,0.012694,Taiwan Strait,0.010427,0.008591,0.011774,689598285,22341294,0.032398,0.000000,0.028012,1438.549553,6.951446,Viet Nam,0.234305
semiconductors_and_sme,854140,854141,H6,2023,vessel_count,west,Tsugaru Strait,0.013027,0.012766,0.013060,Taiwan Strait,0.010817,0.008929,0.012577,689598285,22341294,0.032398,0.000000,0.000000,1438.549553,6.951446,Viet Nam,0.234305
semiconductors_and_sme,854140,854141,H6,2024,export_share,east,Panama Canal,0.023721,0.023721,0.023721,Panama Canal,0.023721,0.023721,0.023721,833426363,26646118,0.031972,0.000000,0.000000,1630.192805,6.134244,Viet Nam,0.296688
semiconductors_and_sme,854140,854141,H6,2024,export_share,gulf,Yucatan Channel,0.026585,0.026585,0.026585,Panama Canal,0.026584,0.026584,0.026584,833426363,26646118,0.031972,0.000000,0.000000,1630.192805,6.134244,Viet Nam,0.296688
semiconductors_and_sme,854140,854141,H6,2024,export_share,national,Taiwan Strait,0.010891,0.009988,0.014198,Taiwan Strait,0.010891,0.009988,0.014198,833426363,26646118,0.031972,0.000000,0.003078,1630.192805,6.134244,Viet Nam,0.296688
semiconductors_and_sme,854140,854141,H6,2024,export_share,west,Taiwan Strait,0.011471,0.010565,0.015854,Taiwan Strait,0.011471,0.010565,0.015854,833426363,26646118,0.031972,0.000000,0.000000,1630.192805,6.134244,Viet Nam,0.296688
semiconductors_and_sme,854140,854141,H6,2024,vessel_count,east,Panama Canal,0.023666,0.023666,0.023666,Panama Canal,0.023666,0.023666,0.023666,833426363,26646118,0.031972,0.000000,0.000000,1630.192805,6.134244,Viet Nam,0.296688
semiconductors_and_sme,854140,854141,H6,2024,vessel_count,gulf,Yucatan Channel,0.026593,0.026593,0.026593,Panama Canal,0.026593,0.026593,0.026593,833426363,26646118,0.031972,0.000000,0.000000,1630.192805,6.134244,Viet Nam,0.296688
semiconductors_and_sme,854140,854141,H6,2024,vessel_count,national,Taiwan Strait,0.011941,0.009937,0.015318,Taiwan Strait,0.011941,0.009937,0.015318,833426363,26646118,0.031972,0.000000,0.003078,1630.192805,6.134244,Viet Nam,0.296688
semiconductors_and_sme,854140,854141,H6,2024,vessel_count,west,Taiwan Strait,0.012509,0.010499,0.016986,Taiwan Strait,0.012509,0.010499,0.016986,833426363,26646118,0.031972,0.000000,0.000000,1630.192805,6.134244,Viet Nam,0.296688
semiconductors_and_sme,854140,854141,H6,2025,export_share,east,Panama Canal,0.025118,0.025118,0.025118,Panama Canal,0.025118,0.025118,0.025118,618655037,22420886,0.036241,0.000000,0.000000,1409.974485,7.092327,Indonesia,0.296537
semiconductors_and_sme,854140,854141,H6,2025,export_share,gulf,Yucatan Channel,0.025861,0.025861,0.025861,Panama Canal,0.025861,0.025861,0.025861,618655037,22420886,0.036241,0.000000,0.000000,1409.974485,7.092327,Indonesia,0.296537
semiconductors_and_sme,854140,854141,H6,2025,export_share,national,Tsugaru Strait,0.010566,0.010158,0.010579,Taiwan Strait,0.008043,0.007323,0.013722,618655037,22420886,0.036241,0.000000,0.029582,1409.974485,7.092327,Indonesia,0.296537
semiconductors_and_sme,854140,854141,H6,2025,export_share,west,Tsugaru Strait,0.010888,0.010468,0.010901,Taiwan Strait,0.008429,0.007687,0.015950,618655037,22420886,0.036241,0.000000,0.000000,1409.974485,7.092327,Indonesia,0.296537
semiconductors_and_sme,854140,854141,H6,2025,vessel_count,east,Panama Canal,0.025026,0.025026,0.025026,Panama Canal,0.025026,0.025026,0.025026,618655037,22420886,0.036241,0.000000,0.000000,1409.974485,7.092327,Indonesia,0.296537
semiconductors_and_sme,854140,854141,H6,2025,vessel_count,gulf,Yucatan Channel,0.025881,0.025881,0.025881,Panama Canal,0.025881,0.025881,0.025881,618655037,22420886,0.036241,0.000000,0.000000,1409.974485,7.092327,Indonesia,0.296537
semiconductors_and_sme,854140,854141,H6,2025,vessel_count,national,Tsugaru Strait,0.009621,0.009358,0.009654,Taiwan Strait,0.009247,0.007648,0.015051,618655037,22420886,0.036241,0.000000,0.029582,1409.974485,7.092327,Indonesia,0.296537
semiconductors_and_sme,854140,854141,H6,2025,vessel_count,west,Tsugaru Strait,0.009914,0.009643,0.009948,Taiwan Strait,0.009643,0.007995,0.017330,618655037,22420886,0.036241,0.000000,0.000000,1409.974485,7.092327,Indonesia,0.296537
semiconductors_and_sme,854140,854142,H6,2022,export_share,east,Gibraltar Strait,0.668797,0.668790,0.668797,Suez Canal,0.668256,0.668256,0.668256,664277941,477439600,0.718735,0.000000,0.000000,1503.885792,6.649441,Viet Nam,0.288474
semiconductors_and_sme,854140,854142,H6,2022,export_share,gulf,Gibraltar Strait,0.574978,0.574971,0.574978,Suez Canal,0.574436,0.574436,0.574436,664277941,477439600,0.718735,0.000000,0.000000,1503.885792,6.649441,Viet Nam,0.288474
semiconductors_and_sme,854140,854142,H6,2022,export_share,national,Gibraltar Strait,0.632795,0.632788,0.632795,Suez Canal,0.632254,0.632254,0.632254,664277941,477439600,0.718735,0.000000,0.000000,1503.885792,6.649441,Viet Nam,0.288474
semiconductors_and_sme,854140,854142,H6,2022,export_share,west,Luzon Strait,0.545388,0.545388,0.552700,Taiwan Strait,0.084679,0.083363,0.630067,664277941,477439600,0.718735,0.000000,0.000000,1503.885792,6.649441,Viet Nam,0.288474
semiconductors_and_sme,854140,854142,H6,2022,vessel_count,east,Gibraltar Strait,0.665268,0.665265,0.665268,Suez Canal,0.664854,0.664854,0.664854,664277941,477439600,0.718735,0.000000,0.000000,1503.885792,6.649441,Viet Nam,0.288474
semiconductors_and_sme,854140,854142,H6,2022,vessel_count,gulf,Gibraltar Strait,0.575014,0.575011,0.575014,Suez Canal,0.574601,0.574601,0.574601,664277941,477439600,0.718735,0.000000,0.000000,1503.885792,6.649441,Viet Nam,0.288474
semiconductors_and_sme,854140,854142,H6,2022,vessel_count,national,Gibraltar Strait,0.629571,0.629569,0.629571,Suez Canal,0.629158,0.629158,0.629158,664277941,477439600,0.718735,0.000000,0.000000,1503.885792,6.649441,Viet Nam,0.288474
semiconductors_and_sme,854140,854142,H6,2022,vessel_count,west,Luzon Strait,0.555639,0.555639,0.561001,Taiwan Strait,0.071329,0.068407,0.626968,664277941,477439600,0.718735,0.000000,0.000000,1503.885792,6.649441,Viet Nam,0.288474
semiconductors_and_sme,854140,854142,H6,2023,export_share,east,Gibraltar Strait,0.557875,0.557875,0.557875,Bab el-Mandeb Strait,0.557871,0.557871,0.557871,716428552,543972704,0.759284,0.000000,0.000000,1438.549553,6.951446,Viet Nam,0.234305
semiconductors_and_sme,854140,854142,H6,2023,export_share,gulf,Gibraltar Strait,0.460048,0.460048,0.460048,Bab el-Mandeb Strait,0.460044,0.460044,0.460044,716428552,543972704,0.759284,0.000000,0.000000,1438.549553,6.951446,Viet Nam,0.234305
semiconductors_and_sme,854140,854142,H6,2023,export_share,national,Gibraltar Strait,0.478170,0.478170,0.478170,Bab el-Mandeb Strait,0.478167,0.478167,0.478167,716428552,543972704,0.759284,0.000000,0.000000,1438.549553,6.951446,Viet Nam,0.234305
semiconductors_and_sme,854140,854142,H6,2023,export_share,west,Luzon Strait,0.434702,0.434702,0.455279,Taiwan Strait,0.086477,0.082796,0.521179,716428552,543972704,0.759284,0.000000,0.000000,1438.549553,6.951446,Viet Nam,0.234305
semiconductors_and_sme,854140,854142,H6,2023,vessel_count,east,Gibraltar Strait,0.553649,0.553649,0.553649,Bab el-Mandeb Strait,0.553645,0.553645,0.553645,716428552,543972704,0.759284,0.000000,0.000000,1438.549553,6.951446,Viet Nam,0.234305
semiconductors_and_sme,854140,854142,H6,2023,vessel_count,gulf,Gibraltar Strait,0.463728,0.463728,0.463728,Bab el-Mandeb Strait,0.463724,0.463724,0.463724,716428552,543972704,0.759284,0.000000,0.000000,1438.549553,6.951446,Viet Nam,0.234305
semiconductors_and_sme,854140,854142,H6,2023,vessel_count,national,Gibraltar Strait,0.474566,0.474566,0.474566,Bab el-Mandeb Strait,0.474563,0.474563,0.474563,716428552,543972704,0.759284,0.000000,0.000000,1438.549553,6.951446,Viet Nam,0.234305
semiconductors_and_sme,854140,854142,H6,2023,vessel_count,west,Luzon Strait,0.438265,0.438265,0.453352,Taiwan Strait,0.076693,0.068521,0.514958,716428552,543972704,0.759284,0.000000,0.000000,1438.549553,6.951446,Viet Nam,0.234305
semiconductors_and_sme,854140,854142,H6,2024,export_share,east,Panama Canal,0.275014,0.275014,0.275014,Panama Canal,0.275014,0.275014,0.275014,1811633257,989906406,0.546417,0.000000,0.000000,1630.192805,6.134244,Viet Nam,0.296688
semiconductors_and_sme,854140,854142,H6,2024,export_share,gulf,Panama Canal,0.332899,0.332899,0.332899,Panama Canal,0.332899,0.332899,0.332899,1811633257,989906406,0.546417,0.000000,0.000000,1630.192805,6.134244,Viet Nam,0.296688
semiconductors_and_sme,854140,854142,H6,2024,export_share,national,Tsugaru Strait,0.259603,0.259535,0.259605,Panama Canal,0.126209,0.126209,0.126209,1811633257,989906406,0.546417,0.000000,0.000000,1630.192805,6.134244,Viet Nam,0.296688
semiconductors_and_sme,854140,854142,H6,2024,export_share,west,Tsugaru Strait,0.259603,0.259535,0.259605,Taiwan Strait,0.061567,0.059746,0.257753,1811633257,989906406,0.546417,0.000000,0.000000,1630.192805,6.134244,Viet Nam,0.296688
semiconductors_and_sme,854140,854142,H6,2024,vessel_count,east,Panama Canal,0.275880,0.275880,0.275880,Panama Canal,0.275880,0.275880,0.275880,1811633257,989906406,0.546417,0.000000,0.000000,1630.192805,6.134244,Viet Nam,0.296688
semiconductors_and_sme,854140,854142,H6,2024,vessel_count,gulf,Panama Canal,0.332319,0.332319,0.332319,Panama Canal,0.332319,0.332319,0.332319,1811633257,989906406,0.546417,0.000000,0.000000,1630.192805,6.134244,Viet Nam,0.296688
semiconductors_and_sme,854140,854142,H6,2024,vessel_count,national,Tsugaru Strait,0.259642,0.259598,0.259647,Panama Canal,0.126584,0.126584,0.126584,1811633257,989906406,0.546417,0.000000,0.000000,1630.192805,6.134244,Viet Nam,0.296688
semiconductors_and_sme,854140,854142,H6,2024,vessel_count,west,Tsugaru Strait,0.259642,0.259598,0.259647,Taiwan Strait,0.057227,0.053183,0.255998,1811633257,989906406,0.546417,0.000000,0.000000,1630.192805,6.134244,Viet Nam,0.296688
semiconductors_and_sme,854140,854142,H6,2025,export_share,east,Gibraltar Strait,0.280825,0.280825,0.280825,Bab el-Mandeb Strait,0.279640,0.279640,0.279640,2451767634,949281939,0.387183,0.000000,0.000000,1409.974485,7.092327,Indonesia,0.296537
semiconductors_and_sme,854140,854142,H6,2025,export_share,gulf,Panama Canal,0.258283,0.258283,0.258283,Panama Canal,0.258283,0.258283,0.258283,2451767634,949281939,0.387183,0.000000,0.000000,1409.974485,7.092327,Indonesia,0.296537
semiconductors_and_sme,854140,854142,H6,2025,export_share,national,Malacca Strait,0.098132,0.076755,0.119714,Taiwan Strait,0.079515,0.077959,0.148641,2451767634,949281939,0.387183,0.000000,0.000464,1409.974485,7.092327,Indonesia,0.296537
semiconductors_and_sme,854140,854142,H6,2025,export_share,west,Taiwan Strait,0.101083,0.099526,0.197906,Taiwan Strait,0.101083,0.099526,0.197906,2451767634,949281939,0.387183,0.000000,0.000000,1409.974485,7.092327,Indonesia,0.296537
semiconductors_and_sme,854140,854142,H6,2025,vessel_count,east,Gibraltar Strait,0.273158,0.273158,0.273158,Bab el-Mandeb Strait,0.271973,0.271973,0.271973,2451767634,949281939,0.387183,0.000000,0.000000,1409.974485,7.092327,Indonesia,0.296537
semiconductors_and_sme,854140,854142,H6,2025,vessel_count,gulf,Panama Canal,0.248646,0.248646,0.248646,Panama Canal,0.248646,0.248646,0.248646,2451767634,949281939,0.387183,0.000000,0.000000,1409.974485,7.092327,Indonesia,0.296537
semiconductors_and_sme,854140,854142,H6,2025,vessel_count,national,Malacca Strait,0.093592,0.070730,0.106802,Taiwan Strait,0.078873,0.075419,0.140526,2451767634,949281939,0.387183,0.000000,0.000464,1409.974485,7.092327,Indonesia,0.296537
semiconductors_and_sme,854140,854142,H6,2025,vessel_count,west,Taiwan Strait,0.100117,0.096662,0.186474,Taiwan Strait,0.100117,0.096662,0.186474,2451767634,949281939,0.387183,0.000000,0.000000,1409.974485,7.092327,Indonesia,0.296537
semiconductors_and_sme,854140,854143,H6,2022,export_share,east,Gibraltar Strait,0.787895,0.787894,0.787895,Suez Canal,0.780027,0.780027,0.780027,9583087282,8918149679,0.930613,0.000000,0.000000,1503.885792,6.649441,Viet Nam,0.288474
semiconductors_and_sme,854140,854143,H6,2022,export_share,gulf,Yucatan Channel,0.727882,0.727882,0.727882,Panama Canal,0.727879,0.727879,0.727879,9583087282,8918149679,0.930613,0.000000,0.000000,1503.885792,6.649441,Viet Nam,0.288474
semiconductors_and_sme,854140,854143,H6,2022,export_share,national,Malacca Strait,0.380042,0.344744,0.422642,Suez Canal,0.363397,0.363397,0.363397,9583087282,8918149679,0.930613,0.000000,0.009491,1503.885792,6.649441,Viet Nam,0.288474
semiconductors_and_sme,854140,854143,H6,2022,export_share,west,Taiwan Strait,0.576760,0.576460,0.760972,Taiwan Strait,0.576760,0.576460,0.760972,9583087282,8918149679,0.930613,0.000000,0.000000,1503.885792,6.649441,Viet Nam,0.288474
semiconductors_and_sme,854140,854143,H6,2022,vessel_count,east,Gibraltar Strait,0.786088,0.786088,0.786088,Suez Canal,0.778221,0.778221,0.778221,9583087282,8918149679,0.930613,0.000000,0.000000,1503.885792,6.649441,Viet Nam,0.288474
semiconductors_and_sme,854140,854143,H6,2022,vessel_count,gulf,Yucatan Channel,0.728027,0.728027,0.728027,Panama Canal,0.728026,0.728026,0.728026,9583087282,8918149679,0.930613,0.000000,0.000000,1503.885792,6.649441,Viet Nam,0.288474
semiconductors_and_sme,854140,854143,H6,2022,vessel_count,national,Malacca Strait,0.379748,0.343386,0.417741,Suez Canal,0.362591,0.362591,0.362591,9583087282,8918149679,0.930613,0.000000,0.009491,1503.885792,6.649441,Viet Nam,0.288474
semiconductors_and_sme,854140,854143,H6,2022,vessel_count,west,Taiwan Strait,0.575748,0.575081,0.759340,Taiwan Strait,0.575748,0.575081,0.759340,9583087282,8918149679,0.930613,0.000000,0.000000,1503.885792,6.649441,Viet Nam,0.288474
semiconductors_and_sme,854140,854143,H6,2023,export_share,east,Gibraltar Strait,0.871899,0.871898,0.871899,Suez Canal,0.861987,0.861987,0.861987,18591446133,17551911021,0.944085,0.000000,0.000000,1438.549553,6.951446,Viet Nam,0.234305
semiconductors_and_sme,854140,854143,H6,2023,export_share,gulf,Yucatan Channel,0.675073,0.675073,0.675073,Panama Canal,0.675073,0.675073,0.675073,18591446133,17551911021,0.944085,0.000000,0.000000,1438.549553,6.951446,Viet Nam,0.234305
semiconductors_and_sme,854140,854143,H6,2023,export_share,national,Gibraltar Strait,0.395252,0.395251,0.395252,Suez Canal,0.385422,0.385422,0.385422,18591446133,17551911021,0.944085,0.000000,0.008284,1438.549553,6.951446,Viet Nam,0.234305
semiconductors_and_sme,854140,854143,H6,2023,export_share,west,Taiwan Strait,0.599969,0.599864,0.846426,Taiwan Strait,0.599969,0.599864,0.846426,18591446133,17551911021,0.944085,0.000000,0.000000,1438.549553,6.951446,Viet Nam,0.234305
semiconductors_and_sme,854140,854143,H6,2023,vessel_count,east,Gibraltar Strait,0.871096,0.871096,0.871096,Suez Canal,0.861185,0.861185,0.861185,18591446133,17551911021,0.944085,0.000000,0.000000,1438.549553,6.951446,Viet Nam,0.234305
semiconductors_and_sme,854140,854143,H6,2023,vessel_count,gulf,Yucatan Channel,0.676489,0.676489,0.676489,Panama Canal,0.676489,0.676489,0.676489,18591446133,17551911021,0.944085,0.000000,0.000000,1438.549553,6.951446,Viet Nam,0.234305
semiconductors_and_sme,854140,854143,H6,2023,vessel_count,national,Gibraltar Strait,0.394576,0.394576,0.394576,Suez Canal,0.384747,0.384747,0.384747,18591446133,17551911021,0.944085,0.000000,0.008284,1438.549553,6.951446,Viet Nam,0.234305
semiconductors_and_sme,854140,854143,H6,2023,vessel_count,west,Taiwan Strait,0.599550,0.599316,0.845781,Taiwan Strait,0.599550,0.599316,0.845781,18591446133,17551911021,0.944085,0.000000,0.000000,1438.549553,6.951446,Viet Nam,0.234305
semiconductors_and_sme,854140,854143,H6,2024,export_share,east,Gibraltar Strait,0.949411,0.949409,0.949411,Suez Canal,0.935664,0.935660,0.935664,14414834089,13864473563,0.961820,0.000019,0.000000,1630.192805,6.134244,Viet Nam,0.296688
semiconductors_and_sme,854140,854143,H6,2024,export_share,gulf,Yucatan Channel,0.692842,0.692842,0.692842,Panama Canal,0.692842,0.692842,0.692842,14414834089,13864473563,0.961820,0.000019,0.000000,1630.192805,6.134244,Viet Nam,0.296688
semiconductors_and_sme,854140,854143,H6,2024,export_share,national,Taiwan Strait,0.415469,0.415441,0.520913,Taiwan Strait,0.415469,0.415441,0.520913,14414834089,13864473563,0.961820,0.000019,0.000154,1630.192805,6.134244,Viet Nam,0.296688
semiconductors_and_sme,854140,854143,H6,2024,export_share,west,Taiwan Strait,0.660731,0.660703,0.904470,Taiwan Strait,0.660731,0.660703,0.904470,14414834089,13864473563,0.961820,0.000019,0.000000,1630.192805,6.134244,Viet Nam,0.296688
semiconductors_and_sme,854140,854143,H6,2024,vessel_count,east,Gibraltar Strait,0.947348,0.947347,0.947348,Suez Canal,0.933603,0.933600,0.933603,14414834089,13864473563,0.961820,0.000019,0.000000,1630.192805,6.134244,Viet Nam,0.296688
semiconductors_and_sme,854140,854143,H6,2024,vessel_count,gulf,Yucatan Channel,0.692442,0.692442,0.692442,Panama Canal,0.692442,0.692442,0.692442,14414834089,13864473563,0.961820,0.000019,0.000000,1630.192805,6.134244,Viet Nam,0.296688
semiconductors_and_sme,854140,854143,H6,2024,vessel_count,national,Taiwan Strait,0.415874,0.415811,0.520257,Taiwan Strait,0.415874,0.415811,0.520257,14414834089,13864473563,0.961820,0.000019,0.000154,1630.192805,6.134244,Viet Nam,0.296688
semiconductors_and_sme,854140,854143,H6,2024,vessel_count,west,Taiwan Strait,0.660206,0.660143,0.901492,Taiwan Strait,0.660206,0.660143,0.901492,14414834089,13864473563,0.961820,0.000019,0.000000,1630.192805,6.134244,Viet Nam,0.296688
semiconductors_and_sme,854140,854143,H6,2025,export_share,east,Gibraltar Strait,0.953062,0.953061,0.953062,Suez Canal,0.951963,0.951939,0.951967,6386841887,6290234601,0.984874,0.000000,0.000000,1409.974485,7.092327,Indonesia,0.296537
semiconductors_and_sme,854140,854143,H6,2025,export_share,gulf,Yucatan Channel,0.620508,0.620508,0.620508,Panama Canal,0.620503,0.620503,0.620503,6386841887,6290234601,0.984874,0.000000,0.000000,1409.974485,7.092327,Indonesia,0.296537
semiconductors_and_sme,854140,854143,H6,2025,export_share,national,Gibraltar Strait,0.520689,0.520688,0.520689,Suez Canal,0.519590,0.519566,0.519594,6386841887,6290234601,0.984874,0.000000,0.000088,1409.974485,7.092327,Indonesia,0.296537
semiconductors_and_sme,854140,854143,H6,2025,export_share,west,Taiwan Strait,0.336752,0.336659,0.608693,Taiwan Strait,0.336752,0.336659,0.608693,6386841887,6290234601,0.984874,0.000000,0.000000,1409.974485,7.092327,Indonesia,0.296537
semiconductors_and_sme,854140,854143,H6,2025,vessel_count,east,Gibraltar Strait,0.928492,0.928492,0.928492,Suez Canal,0.927393,0.927371,0.927398,6386841887,6290234601,0.984874,0.000000,0.000000,1409.974485,7.092327,Indonesia,0.296537
semiconductors_and_sme,854140,854143,H6,2025,vessel_count,gulf,Yucatan Channel,0.587807,0.587807,0.587807,Panama Canal,0.587802,0.587802,0.587802,6386841887,6290234601,0.984874,0.000000,0.000000,1409.974485,7.092327,Indonesia,0.296537
semiconductors_and_sme,854140,854143,H6,2025,vessel_count,national,Gibraltar Strait,0.513043,0.513043,0.513043,Suez Canal,0.511945,0.511922,0.511949,6386841887,6290234601,0.984874,0.000000,0.000088,1409.974485,7.092327,Indonesia,0.296537
semiconductors_and_sme,854140,854143,H6,2025,vessel_count,west,Taiwan Strait,0.338107,0.337902,0.572552,Taiwan Strait,0.338107,0.337902,0.572552,6386841887,6290234601,0.984874,0.000000,0.000000,1409.974485,7.092327,Indonesia,0.296537
semiconductors_and_sme,854140,854149,H6,2022,export_share,east,Gibraltar Strait,0.012151,0.012151,0.012151,Suez Canal,0.011405,0.011395,0.011405,1293857970,26716594,0.020649,0.000000,0.000000,1503.885792,6.649441,Viet Nam,0.288474
semiconductors_and_sme,854140,854149,H6,2022,export_share,gulf,Yucatan Channel,0.015317,0.015317,0.015317,Panama Canal,0.015301,0.015301,0.015301,1293857970,26716594,0.020649,0.000000,0.000000,1503.885792,6.649441,Viet Nam,0.288474
semiconductors_and_sme,854140,854149,H6,2022,export_share,national,Taiwan Strait,0.006033,0.005937,0.006811,Taiwan Strait,0.006033,0.005937,0.006811,1293857970,26716594,0.020649,0.000000,0.033441,1503.885792,6.649441,Viet Nam,0.288474
semiconductors_and_sme,854140,854149,H6,2022,export_share,west,Taiwan Strait,0.007513,0.007413,0.008691,Taiwan Strait,0.007513,0.007413,0.008691,1293857970,26716594,0.020649,0.000000,0.000000,1503.885792,6.649441,Viet Nam,0.288474
semiconductors_and_sme,854140,854149,H6,2022,vessel_count,east,Gibraltar Strait,0.011683,0.011683,0.011683,Suez Canal,0.010920,0.010912,0.010920,1293857970,26716594,0.020649,0.000000,0.000000,1503.885792,6.649441,Viet Nam,0.288474
semiconductors_and_sme,854140,854149,H6,2022,vessel_count,gulf,Yucatan Channel,0.014936,0.014936,0.014936,Panama Canal,0.014921,0.014921,0.014921,1293857970,26716594,0.020649,0.000000,0.000000,1503.885792,6.649441,Viet Nam,0.288474
semiconductors_and_sme,854140,854149,H6,2022,vessel_count,national,Taiwan Strait,0.006301,0.006087,0.006751,Taiwan Strait,0.006301,0.006087,0.006751,1293857970,26716594,0.020649,0.000000,0.033441,1503.885792,6.649441,Viet Nam,0.288474
semiconductors_and_sme,854140,854149,H6,2022,vessel_count,west,Taiwan Strait,0.007800,0.007578,0.008481,Taiwan Strait,0.007800,0.007578,0.008481,1293857970,26716594,0.020649,0.000000,0.000000,1503.885792,6.649441,Viet Nam,0.288474
semiconductors_and_sme,854140,854149,H6,2023,export_share,east,Gibraltar Strait,0.029664,0.029664,0.029664,Suez Canal,0.028819,0.028791,0.028819,1343906653,52068989,0.038744,0.000000,0.000000,1438.549553,6.951446,Viet Nam,0.234305
semiconductors_and_sme,854140,854149,H6,2023,export_share,gulf,Yucatan Channel,0.024806,0.024806,0.024806,Panama Canal,0.024801,0.024801,0.024801,1343906653,52068989,0.038744,0.000000,0.000000,1438.549553,6.951446,Viet Nam,0.234305
semiconductors_and_sme,854140,854149,H6,2023,export_share,national,Gibraltar Strait,0.020595,0.020595,0.020595,Suez Canal,0.019763,0.019736,0.019763,1343906653,52068989,0.038744,0.000000,0.015812,1438.549553,6.951446,Viet Nam,0.234305
semiconductors_and_sme,854140,854149,H6,2023,export_share,west,Makassar Strait,0.013473,0.013473,0.013473,Taiwan Strait,0.006309,0.006232,0.013202,1343906653,52068989,0.038744,0.000000,0.000000,1438.549553,6.951446,Viet Nam,0.234305
semiconductors_and_sme,854140,854149,H6,2023,vessel_count,east,Gibraltar Strait,0.028030,0.028030,0.028030,Suez Canal,0.027172,0.027145,0.027172,1343906653,52068989,0.038744,0.000000,0.000000,1438.549553,6.951446,Viet Nam,0.234305
semiconductors_and_sme,854140,854149,H6,2023,vessel_count,gulf,Yucatan Channel,0.022918,0.022918,0.022918,Panama Canal,0.022914,0.022914,0.022914,1343906653,52068989,0.038744,0.000000,0.000000,1438.549553,6.951446,Viet Nam,0.234305
semiconductors_and_sme,854140,854149,H6,2023,vessel_count,national,Gibraltar Strait,0.019580,0.019580,0.019580,Suez Canal,0.018735,0.018709,0.018735,1343906653,52068989,0.038744,0.000000,0.015812,1438.549553,6.951446,Viet Nam,0.234305
semiconductors_and_sme,854140,854149,H6,2023,vessel_count,west,Makassar Strait,0.009605,0.009605,0.009605,Taiwan Strait,0.006407,0.006234,0.011368,1343906653,52068989,0.038744,0.000000,0.000000,1438.549553,6.951446,Viet Nam,0.234305
semiconductors_and_sme,854140,854149,H6,2024,export_share,east,Windward Passage,0.009667,0.009667,0.009667,Panama Canal,0.009667,0.009667,0.009667,1108568764,26342243,0.023762,0.000000,0.000000,1630.192805,6.134244,Viet Nam,0.296688
semiconductors_and_sme,854140,854149,H6,2024,export_share,gulf,Yucatan Channel,0.013314,0.013314,0.013314,Panama Canal,0.013306,0.013306,0.013306,1108568764,26342243,0.023762,0.000000,0.000000,1630.192805,6.134244,Viet Nam,0.296688
semiconductors_and_sme,854140,854149,H6,2024,export_share,national,Panama Canal,0.008867,0.008867,0.008867,Panama Canal,0.008867,0.008867,0.008867,1108568764,26342243,0.023762,0.000000,0.002445,1630.192805,6.134244,Viet Nam,0.296688
semiconductors_and_sme,854140,854149,H6,2024,export_share,west,Panama Canal,0.008064,0.008064,0.008064,Panama Canal,0.008064,0.008064,0.008064,1108568764,26342243,0.023762,0.000000,0.000000,1630.192805,6.134244,Viet Nam,0.296688
semiconductors_and_sme,854140,854149,H6,2024,vessel_count,east,Windward Passage,0.010142,0.010142,0.010142,Panama Canal,0.010142,0.010142,0.010142,1108568764,26342243,0.023762,0.000000,0.000000,1630.192805,6.134244,Viet Nam,0.296688
semiconductors_and_sme,854140,854149,H6,2024,vessel_count,gulf,Yucatan Channel,0.013213,0.013213,0.013213,Panama Canal,0.013209,0.013209,0.013209,1108568764,26342243,0.023762,0.000000,0.000000,1630.192805,6.134244,Viet Nam,0.296688
semiconductors_and_sme,854140,854149,H6,2024,vessel_count,national,Panama Canal,0.009057,0.009057,0.009057,Panama Canal,0.009057,0.009057,0.009057,1108568764,26342243,0.023762,0.000000,0.002445,1630.192805,6.134244,Viet Nam,0.296688
semiconductors_and_sme,854140,854149,H6,2024,vessel_count,west,Panama Canal,0.008070,0.008070,0.008070,Panama Canal,0.008070,0.008070,0.008070,1108568764,26342243,0.023762,0.000000,0.000000,1630.192805,6.134244,Viet Nam,0.296688
semiconductors_and_sme,854140,854149,H6,2025,export_share,east,Windward Passage,0.012078,0.012077,0.012078,Panama Canal,0.012077,0.012077,0.012077,1017480249,26042535,0.025595,0.000000,0.000000,1409.974485,7.092327,Indonesia,0.296537
semiconductors_and_sme,854140,854149,H6,2025,export_share,gulf,Yucatan Channel,0.013938,0.013938,0.013938,Panama Canal,0.013915,0.013915,0.013915,1017480249,26042535,0.025595,0.000000,0.000000,1409.974485,7.092327,Indonesia,0.296537
semiconductors_and_sme,854140,854149,H6,2025,export_share,national,Panama Canal,0.011420,0.011420,0.011420,Panama Canal,0.011420,0.011420,0.011420,1017480249,26042535,0.025595,0.000000,0.032873,1409.974485,7.092327,Indonesia,0.296537
semiconductors_and_sme,854140,854149,H6,2025,export_share,west,Panama Canal,0.010821,0.010821,0.010821,Panama Canal,0.010821,0.010821,0.010821,1017480249,26042535,0.025595,0.000000,0.000000,1409.974485,7.092327,Indonesia,0.296537
semiconductors_and_sme,854140,854149,H6,2025,vessel_count,east,Windward Passage,0.012327,0.012326,0.012327,Panama Canal,0.012326,0.012326,0.012326,1017480249,26042535,0.025595,0.000000,0.000000,1409.974485,7.092327,Indonesia,0.296537
semiconductors_and_sme,854140,854149,H6,2025,vessel_count,gulf,Yucatan Channel,0.013886,0.013886,0.013886,Panama Canal,0.013870,0.013870,0.013870,1017480249,26042535,0.025595,0.000000,0.000000,1409.974485,7.092327,Indonesia,0.296537
semiconductors_and_sme,854140,854149,H6,2025,vessel_count,national,Panama Canal,0.011534,0.011534,0.011534,Panama Canal,0.011534,0.011534,0.011534,1017480249,26042535,0.025595,0.000000,0.032873,1409.974485,7.092327,Indonesia,0.296537
semiconductors_and_sme,854140,854149,H6,2025,vessel_count,west,Panama Canal,0.010830,0.010830,0.010830,Panama Canal,0.010830,0.010830,0.010830,1017480249,26042535,0.025595,0.000000,0.000000,1409.974485,7.092327,Indonesia,0.296537
semiconductors_and_sme,854150,854150,H5,2018,export_share,east,Panama Canal,0.001688,0.001688,0.001688,Panama Canal,0.001688,0.001688,0.001688,426101475,808519,0.001897,0.000000,0.000000,1709.409117,5.849975,Rep. of Korea,0.340013
semiconductors_and_sme,854150,854150,H5,2018,export_share,gulf,Panama Canal,0.001711,0.001711,0.001711,Panama Canal,0.001711,0.001711,0.001711,426101475,808519,0.001897,0.000000,0.000000,1709.409117,5.849975,Rep. of Korea,0.340013
semiconductors_and_sme,854150,854150,H5,2018,export_share,national,Panama Canal,0.001105,0.001105,0.001105,Panama Canal,0.001105,0.001105,0.001105,426101475,808519,0.001897,0.000000,0.000000,1709.409117,5.849975,Rep. of Korea,0.340013
semiconductors_and_sme,854150,854150,H5,2018,export_share,west,Tsugaru Strait,0.000984,0.000965,0.000985,Taiwan Strait,0.000455,0.000425,0.000477,426101475,808519,0.001897,0.000000,0.000000,1709.409117,5.849975,Rep. of Korea,0.340013
semiconductors_and_sme,854150,854150,H5,2018,vessel_count,east,Panama Canal,0.001681,0.001681,0.001681,Panama Canal,0.001681,0.001681,0.001681,426101475,808519,0.001897,0.000000,0.000000,1709.409117,5.849975,Rep. of Korea,0.340013
semiconductors_and_sme,854150,854150,H5,2018,vessel_count,gulf,Panama Canal,0.001712,0.001712,0.001712,Panama Canal,0.001712,0.001712,0.001712,426101475,808519,0.001897,0.000000,0.000000,1709.409117,5.849975,Rep. of Korea,0.340013
semiconductors_and_sme,854150,854150,H5,2018,vessel_count,national,Panama Canal,0.001100,0.001100,0.001100,Panama Canal,0.001100,0.001100,0.001100,426101475,808519,0.001897,0.000000,0.000000,1709.409117,5.849975,Rep. of Korea,0.340013
semiconductors_and_sme,854150,854150,H5,2018,vessel_count,west,Tsugaru Strait,0.000870,0.000858,0.000872,Taiwan Strait,0.000593,0.000526,0.000616,426101475,808519,0.001897,0.000000,0.000000,1709.409117,5.849975,Rep. of Korea,0.340013
semiconductors_and_sme,854150,854150,H5,2019,export_share,east,Panama Canal,0.000671,0.000671,0.000671,Panama Canal,0.000671,0.000671,0.000671,399686598,530714,0.001328,0.000000,0.000000,1421.710062,7.033783,Rep. of Korea,0.294519
semiconductors_and_sme,854150,854150,H5,2019,export_share,gulf,Panama Canal,0.000700,0.000700,0.000700,Panama Canal,0.000700,0.000700,0.000700,399686598,530714,0.001328,0.000000,0.000000,1421.710062,7.033783,Rep. of Korea,0.294519
semiconductors_and_sme,854150,854150,H5,2019,export_share,national,Panama Canal,0.000399,0.000399,0.000399,Panama Canal,0.000399,0.000399,0.000399,399686598,530714,0.001328,0.000000,0.000000,1421.710062,7.033783,Rep. of Korea,0.294519
semiconductors_and_sme,854150,854150,H5,2019,export_share,west,Luzon Strait,0.000459,0.000459,0.000616,Taiwan Strait,0.000249,0.000220,0.000708,399686598,530714,0.001328,0.000000,0.000000,1421.710062,7.033783,Rep. of Korea,0.294519
semiconductors_and_sme,854150,854150,H5,2019,vessel_count,east,Panama Canal,0.000669,0.000669,0.000669,Panama Canal,0.000669,0.000669,0.000669,399686598,530714,0.001328,0.000000,0.000000,1421.710062,7.033783,Rep. of Korea,0.294519
semiconductors_and_sme,854150,854150,H5,2019,vessel_count,gulf,Panama Canal,0.000701,0.000701,0.000701,Panama Canal,0.000701,0.000701,0.000701,399686598,530714,0.001328,0.000000,0.000000,1421.710062,7.033783,Rep. of Korea,0.294519
semiconductors_and_sme,854150,854150,H5,2019,vessel_count,national,Panama Canal,0.000398,0.000398,0.000398,Panama Canal,0.000398,0.000398,0.000398,399686598,530714,0.001328,0.000000,0.000000,1421.710062,7.033783,Rep. of Korea,0.294519
semiconductors_and_sme,854150,854150,H5,2019,vessel_count,west,Luzon Strait,0.000469,0.000469,0.000585,Taiwan Strait,0.000241,0.000178,0.000709,399686598,530714,0.001328,0.000000,0.000000,1421.710062,7.033783,Rep. of Korea,0.294519
semiconductors_and_sme,854150,854150,H5,2020,export_share,east,Panama Canal,0.002464,0.002464,0.002464,Panama Canal,0.002464,0.002464,0.002464,403983599,1478233,0.003659,0.000000,0.000000,1530.444890,6.534048,Rep. of Korea,0.294517
semiconductors_and_sme,854150,854150,H5,2020,export_share,gulf,Panama Canal,0.002473,0.002473,0.002473,Panama Canal,0.002473,0.002473,0.002473,403983599,1478233,0.003659,0.000000,0.000000,1530.444890,6.534048,Rep. of Korea,0.294517
semiconductors_and_sme,854150,854150,H5,2020,export_share,national,Taiwan Strait,0.001878,0.001649,0.001930,Taiwan Strait,0.001878,0.001649,0.001930,403983599,1478233,0.003659,0.000000,0.000000,1530.444890,6.534048,Rep. of Korea,0.294517
semiconductors_and_sme,854150,854150,H5,2020,export_share,west,Taiwan Strait,0.001882,0.001653,0.001963,Taiwan Strait,0.001882,0.001653,0.001963,403983599,1478233,0.003659,0.000000,0.000000,1530.444890,6.534048,Rep. of Korea,0.294517
semiconductors_and_sme,854150,854150,H5,2020,vessel_count,east,Panama Canal,0.002460,0.002460,0.002460,Panama Canal,0.002460,0.002460,0.002460,403983599,1478233,0.003659,0.000000,0.000000,1530.444890,6.534048,Rep. of Korea,0.294517
semiconductors_and_sme,854150,854150,H5,2020,vessel_count,gulf,Panama Canal,0.002473,0.002473,0.002473,Panama Canal,0.002473,0.002473,0.002473,403983599,1478233,0.003659,0.000000,0.000000,1530.444890,6.534048,Rep. of Korea,0.294517
semiconductors_and_sme,854150,854150,H5,2020,vessel_count,national,Taiwan Strait,0.001940,0.001432,0.001992,Taiwan Strait,0.001940,0.001432,0.001992,403983599,1478233,0.003659,0.000000,0.000000,1530.444890,6.534048,Rep. of Korea,0.294517
semiconductors_and_sme,854150,854150,H5,2020,vessel_count,west,Taiwan Strait,0.001945,0.001437,0.002026,Taiwan Strait,0.001945,0.001437,0.002026,403983599,1478233,0.003659,0.000000,0.000000,1530.444890,6.534048,Rep. of Korea,0.294517
semiconductors_and_sme,854150,854150,H5,2021,export_share,east,Panama Canal,0.000806,0.000806,0.000806,Panama Canal,0.000806,0.000806,0.000806,825916060,1308888,0.001585,0.000000,0.000000,2817.871159,3.548778,Israel,0.501885
semiconductors_and_sme,854150,854150,H5,2021,export_share,gulf,Panama Canal,0.000823,0.000823,0.000823,Panama Canal,0.000823,0.000823,0.000823,825916060,1308888,0.001585,0.000000,0.000000,2817.871159,3.548778,Israel,0.501885
semiconductors_and_sme,854150,854150,H5,2021,export_share,national,Panama Canal,0.000793,0.000793,0.000793,Panama Canal,0.000793,0.000793,0.000793,825916060,1308888,0.001585,0.000000,0.000000,2817.871159,3.548778,Israel,0.501885
semiconductors_and_sme,854150,854150,H5,2021,export_share,west,Panama Canal,0.000761,0.000761,0.000761,Panama Canal,0.000761,0.000761,0.000761,825916060,1308888,0.001585,0.000000,0.000000,2817.871159,3.548778,Israel,0.501885
semiconductors_and_sme,854150,854150,H5,2021,vessel_count,east,Panama Canal,0.000817,0.000817,0.000817,Panama Canal,0.000817,0.000817,0.000817,825916060,1308888,0.001585,0.000000,0.000000,2817.871159,3.548778,Israel,0.501885
semiconductors_and_sme,854150,854150,H5,2021,vessel_count,gulf,Panama Canal,0.000823,0.000823,0.000823,Panama Canal,0.000823,0.000823,0.000823,825916060,1308888,0.001585,0.000000,0.000000,2817.871159,3.548778,Israel,0.501885
semiconductors_and_sme,854150,854150,H5,2021,vessel_count,national,Panama Canal,0.000800,0.000800,0.000800,Panama Canal,0.000800,0.000800,0.000800,825916060,1308888,0.001585,0.000000,0.000000,2817.871159,3.548778,Israel,0.501885
semiconductors_and_sme,854150,854150,H5,2021,vessel_count,west,Panama Canal,0.000761,0.000761,0.000761,Panama Canal,0.000761,0.000761,0.000761,825916060,1308888,0.001585,0.000000,0.000000,2817.871159,3.548778,Israel,0.501885
semiconductors_and_sme,854150,854151,H6,2022,export_share,east,Panama Canal,0.002173,0.002173,0.002173,Panama Canal,0.002173,0.002173,0.002173,24800504,113206,0.004565,0.000000,0.000000,2964.500024,3.373250,Israel,0.513332
semiconductors_and_sme,854150,854151,H6,2022,export_share,gulf,Panama Canal,0.003211,0.003211,0.003211,Panama Canal,0.003211,0.003211,0.003211,24800504,113206,0.004565,0.000000,0.000000,2964.500024,3.373250,Israel,0.513332
semiconductors_and_sme,854150,854151,H6,2022,export_share,national,Panama Canal,0.002011,0.002011,0.002011,Panama Canal,0.002011,0.002011,0.002011,24800504,113206,0.004565,0.000000,0.000000,2964.500024,3.373250,Israel,0.513332
semiconductors_and_sme,854150,854151,H6,2022,export_share,west,Korea Strait,0.001714,0.001714,0.001714,Taiwan Strait,0.001512,0.001498,0.001522,24800504,113206,0.004565,0.000000,0.000000,2964.500024,3.373250,Israel,0.513332
semiconductors_and_sme,854150,854151,H6,2022,vessel_count,east,Panama Canal,0.002160,0.002160,0.002160,Panama Canal,0.002160,0.002160,0.002160,24800504,113206,0.004565,0.000000,0.000000,2964.500024,3.373250,Israel,0.513332
semiconductors_and_sme,854150,854151,H6,2022,vessel_count,gulf,Panama Canal,0.003221,0.003221,0.003221,Panama Canal,0.003221,0.003221,0.003221,24800504,113206,0.004565,0.000000,0.000000,2964.500024,3.373250,Israel,0.513332
semiconductors_and_sme,854150,854151,H6,2022,vessel_count,national,Panama Canal,0.002006,0.002006,0.002006,Panama Canal,0.002006,0.002006,0.002006,24800504,113206,0.004565,0.000000,0.000000,2964.500024,3.373250,Israel,0.513332
semiconductors_and_sme,854150,854151,H6,2022,vessel_count,west,Taiwan Strait,0.001776,0.001743,0.001776,Taiwan Strait,0.001776,0.001743,0.001776,24800504,113206,0.004565,0.000000,0.000000,2964.500024,3.373250,Israel,0.513332
semiconductors_and_sme,854150,854151,H6,2023,export_share,east,Panama Canal,0.003353,0.003353,0.003353,Panama Canal,0.003353,0.003353,0.003353,21096047,176223,0.008353,0.000000,0.000000,2753.607454,3.631600,Taiwan,0.407585
semiconductors_and_sme,854150,854151,H6,2023,export_share,gulf,Panama Canal,0.003410,0.003410,0.003410,Panama Canal,0.003410,0.003410,0.003410,21096047,176223,0.008353,0.000000,0.000000,2753.607454,3.631600,Taiwan,0.407585
semiconductors_and_sme,854150,854151,H6,2023,export_share,national,Panama Canal,0.004053,0.004053,0.004053,Panama Canal,0.004053,0.004053,0.004053,21096047,176223,0.008353,0.000000,0.000000,2753.607454,3.631600,Taiwan,0.407585
semiconductors_and_sme,854150,854151,H6,2023,export_share,west,Mona Passage,0.004943,0.004943,0.004943,Panama Canal,0.004943,0.004943,0.004943,21096047,176223,0.008353,0.000000,0.000000,2753.607454,3.631600,Taiwan,0.407585
semiconductors_and_sme,854150,854151,H6,2023,vessel_count,east,Panama Canal,0.003334,0.003334,0.003334,Panama Canal,0.003334,0.003334,0.003334,21096047,176223,0.008353,0.000000,0.000000,2753.607454,3.631600,Taiwan,0.407585
semiconductors_and_sme,854150,854151,H6,2023,vessel_count,gulf,Panama Canal,0.003410,0.003410,0.003410,Panama Canal,0.003410,0.003410,0.003410,21096047,176223,0.008353,0.000000,0.000000,2753.607454,3.631600,Taiwan,0.407585
semiconductors_and_sme,854150,854151,H6,2023,vessel_count,national,Panama Canal,0.004047,0.004047,0.004047,Panama Canal,0.004047,0.004047,0.004047,21096047,176223,0.008353,0.000000,0.000000,2753.607454,3.631600,Taiwan,0.407585
semiconductors_and_sme,854150,854151,H6,2023,vessel_count,west,Mona Passage,0.004943,0.004943,0.004943,Panama Canal,0.004943,0.004943,0.004943,21096047,176223,0.008353,0.000000,0.000000,2753.607454,3.631600,Taiwan,0.407585
semiconductors_and_sme,854150,854151,H6,2024,export_share,east,Panama Canal,0.004711,0.004711,0.004711,Panama Canal,0.004711,0.004711,0.004711,17958080,177160,0.009865,0.000000,0.000000,2854.745132,3.502940,Israel,0.445052
semiconductors_and_sme,854150,854151,H6,2024,export_share,gulf,Panama Canal,0.004776,0.004776,0.004776,Panama Canal,0.004776,0.004776,0.004776,17958080,177160,0.009865,0.000000,0.000000,2854.745132,3.502940,Israel,0.445052
semiconductors_and_sme,854150,854151,H6,2024,export_share,national,Panama Canal,0.004810,0.004810,0.004810,Panama Canal,0.004810,0.004810,0.004810,17958080,177160,0.009865,0.000000,0.000000,2854.745132,3.502940,Israel,0.445052
semiconductors_and_sme,854150,854151,H6,2024,export_share,west,Mona Passage,0.005089,0.005089,0.005089,Panama Canal,0.005089,0.005089,0.005089,17958080,177160,0.009865,0.000000,0.000000,2854.745132,3.502940,Israel,0.445052
semiconductors_and_sme,854150,854151,H6,2024,vessel_count,east,Panama Canal,0.004690,0.004690,0.004690,Panama Canal,0.004690,0.004690,0.004690,17958080,177160,0.009865,0.000000,0.000000,2854.745132,3.502940,Israel,0.445052
semiconductors_and_sme,854150,854151,H6,2024,vessel_count,gulf,Panama Canal,0.004776,0.004776,0.004776,Panama Canal,0.004776,0.004776,0.004776,17958080,177160,0.009865,0.000000,0.000000,2854.745132,3.502940,Israel,0.445052
semiconductors_and_sme,854150,854151,H6,2024,vessel_count,national,Panama Canal,0.004795,0.004795,0.004795,Panama Canal,0.004795,0.004795,0.004795,17958080,177160,0.009865,0.000000,0.000000,2854.745132,3.502940,Israel,0.445052
semiconductors_and_sme,854150,854151,H6,2024,vessel_count,west,Mona Passage,0.005089,0.005089,0.005089,Panama Canal,0.005089,0.005089,0.005089,17958080,177160,0.009865,0.000000,0.000000,2854.745132,3.502940,Israel,0.445052
semiconductors_and_sme,854150,854151,H6,2025,export_share,east,Panama Canal,0.000773,0.000773,0.000773,Panama Canal,0.000773,0.000773,0.000773,178763927,227686,0.001274,0.000000,0.000000,1954.903889,5.115341,Israel,0.276781
semiconductors_and_sme,854150,854151,H6,2025,export_share,gulf,Panama Canal,0.000786,0.000786,0.000786,Panama Canal,0.000786,0.000786,0.000786,178763927,227686,0.001274,0.000000,0.000000,1954.903889,5.115341,Israel,0.276781
semiconductors_and_sme,854150,854151,H6,2025,export_share,national,Panama Canal,0.000739,0.000739,0.000739,Panama Canal,0.000739,0.000739,0.000739,178763927,227686,0.001274,0.000000,0.000000,1954.903889,5.115341,Israel,0.276781
semiconductors_and_sme,854150,854151,H6,2025,export_share,west,Tsugaru Strait,0.000600,0.000599,0.000600,Panama Canal,0.000488,0.000488,0.000488,178763927,227686,0.001274,0.000000,0.000000,1954.903889,5.115341,Israel,0.276781
semiconductors_and_sme,854150,854151,H6,2025,vessel_count,east,Panama Canal,0.000768,0.000768,0.000768,Panama Canal,0.000768,0.000768,0.000768,178763927,227686,0.001274,0.000000,0.000000,1954.903889,5.115341,Israel,0.276781
semiconductors_and_sme,854150,854151,H6,2025,vessel_count,gulf,Panama Canal,0.000786,0.000786,0.000786,Panama Canal,0.000786,0.000786,0.000786,178763927,227686,0.001274,0.000000,0.000000,1954.903889,5.115341,Israel,0.276781
semiconductors_and_sme,854150,854151,H6,2025,vessel_count,national,Panama Canal,0.000737,0.000737,0.000737,Panama Canal,0.000737,0.000737,0.000737,178763927,227686,0.001274,0.000000,0.000000,1954.903889,5.115341,Israel,0.276781
semiconductors_and_sme,854150,854151,H6,2025,vessel_count,west,Tsugaru Strait,0.000522,0.000521,0.000522,Panama Canal,0.000488,0.000488,0.000488,178763927,227686,0.001274,0.000000,0.000000,1954.903889,5.115341,Israel,0.276781
semiconductors_and_sme,854150,854159,H6,2022,export_share,east,Panama Canal,0.000871,0.000871,0.000871,Panama Canal,0.000871,0.000871,0.000871,795140052,1148561,0.001444,0.000000,0.000000,2964.500024,3.373250,Israel,0.513332
semiconductors_and_sme,854150,854159,H6,2022,export_share,gulf,Panama Canal,0.000874,0.000874,0.000874,Panama Canal,0.000874,0.000874,0.000874,795140052,1148561,0.001444,0.000000,0.000000,2964.500024,3.373250,Israel,0.513332
semiconductors_and_sme,854150,854159,H6,2022,export_share,national,Panama Canal,0.000742,0.000742,0.000742,Panama Canal,0.000742,0.000742,0.000742,795140052,1148561,0.001444,0.000000,0.000000,2964.500024,3.373250,Israel,0.513332
semiconductors_and_sme,854150,854159,H6,2022,export_share,west,Mona Passage,0.000558,0.000558,0.000558,Panama Canal,0.000558,0.000558,0.000558,795140052,1148561,0.001444,0.000000,0.000000,2964.500024,3.373250,Israel,0.513332
semiconductors_and_sme,854150,854159,H6,2022,vessel_count,east,Panama Canal,0.000871,0.000871,0.000871,Panama Canal,0.000871,0.000871,0.000871,795140052,1148561,0.001444,0.000000,0.000000,2964.500024,3.373250,Israel,0.513332
semiconductors_and_sme,854150,854159,H6,2022,vessel_count,gulf,Panama Canal,0.000874,0.000874,0.000874,Panama Canal,0.000874,0.000874,0.000874,795140052,1148561,0.001444,0.000000,0.000000,2964.500024,3.373250,Israel,0.513332
semiconductors_and_sme,854150,854159,H6,2022,vessel_count,national,Panama Canal,0.000741,0.000741,0.000741,Panama Canal,0.000741,0.000741,0.000741,795140052,1148561,0.001444,0.000000,0.000000,2964.500024,3.373250,Israel,0.513332
semiconductors_and_sme,854150,854159,H6,2022,vessel_count,west,Mona Passage,0.000558,0.000558,0.000558,Panama Canal,0.000558,0.000558,0.000558,795140052,1148561,0.001444,0.000000,0.000000,2964.500024,3.373250,Israel,0.513332
semiconductors_and_sme,854150,854159,H6,2023,export_share,east,Panama Canal,0.000660,0.000660,0.000660,Panama Canal,0.000660,0.000660,0.000660,1137743658,1200967,0.001056,0.000000,0.000000,2753.607454,3.631600,Taiwan,0.407585
semiconductors_and_sme,854150,854159,H6,2023,export_share,gulf,Panama Canal,0.000660,0.000660,0.000660,Panama Canal,0.000660,0.000660,0.000660,1137743658,1200967,0.001056,0.000000,0.000000,2753.607454,3.631600,Taiwan,0.407585
semiconductors_and_sme,854150,854159,H6,2023,export_share,national,Panama Canal,0.000512,0.000512,0.000512,Panama Canal,0.000512,0.000512,0.000512,1137743658,1200967,0.001056,0.000000,0.000000,2753.607454,3.631600,Taiwan,0.407585
semiconductors_and_sme,854150,854159,H6,2023,export_share,west,Taiwan Strait,0.000498,0.000434,0.000498,Taiwan Strait,0.000498,0.000434,0.000498,1137743658,1200967,0.001056,0.000000,0.000000,2753.607454,3.631600,Taiwan,0.407585
semiconductors_and_sme,854150,854159,H6,2023,vessel_count,east,Panama Canal,0.000660,0.000660,0.000660,Panama Canal,0.000660,0.000660,0.000660,1137743658,1200967,0.001056,0.000000,0.000000,2753.607454,3.631600,Taiwan,0.407585
semiconductors_and_sme,854150,854159,H6,2023,vessel_count,gulf,Panama Canal,0.000660,0.000660,0.000660,Panama Canal,0.000660,0.000660,0.000660,1137743658,1200967,0.001056,0.000000,0.000000,2753.607454,3.631600,Taiwan,0.407585
semiconductors_and_sme,854150,854159,H6,2023,vessel_count,national,Panama Canal,0.000512,0.000512,0.000512,Panama Canal,0.000512,0.000512,0.000512,1137743658,1200967,0.001056,0.000000,0.000000,2753.607454,3.631600,Taiwan,0.407585
semiconductors_and_sme,854150,854159,H6,2023,vessel_count,west,Taiwan Strait,0.000499,0.000358,0.000499,Taiwan Strait,0.000499,0.000358,0.000499,1137743658,1200967,0.001056,0.000000,0.000000,2753.607454,3.631600,Taiwan,0.407585
semiconductors_and_sme,854150,854159,H6,2024,export_share,east,Gibraltar Strait,0.000383,0.000383,0.000383,Panama Canal,0.000372,0.000372,0.000372,906382542,750489,0.000828,0.000000,0.000000,2854.745132,3.502940,Israel,0.445052
semiconductors_and_sme,854150,854159,H6,2024,export_share,gulf,Panama Canal,0.000418,0.000418,0.000418,Panama Canal,0.000418,0.000418,0.000418,906382542,750489,0.000828,0.000000,0.000000,2854.745132,3.502940,Israel,0.445052
semiconductors_and_sme,854150,854159,H6,2024,export_share,national,Panama Canal,0.000393,0.000393,0.000393,Panama Canal,0.000393,0.000393,0.000393,906382542,750489,0.000828,0.000000,0.000000,2854.745132,3.502940,Israel,0.445052
semiconductors_and_sme,854150,854159,H6,2024,export_share,west,Mona Passage,0.000409,0.000409,0.000409,Panama Canal,0.000409,0.000409,0.000409,906382542,750489,0.000828,0.000000,0.000000,2854.745132,3.502940,Israel,0.445052
semiconductors_and_sme,854150,854159,H6,2024,vessel_count,east,Gibraltar Strait,0.000384,0.000384,0.000384,Panama Canal,0.000372,0.000372,0.000372,906382542,750489,0.000828,0.000000,0.000000,2854.745132,3.502940,Israel,0.445052
semiconductors_and_sme,854150,854159,H6,2024,vessel_count,gulf,Panama Canal,0.000419,0.000419,0.000419,Panama Canal,0.000419,0.000419,0.000419,906382542,750489,0.000828,0.000000,0.000000,2854.745132,3.502940,Israel,0.445052
semiconductors_and_sme,854150,854159,H6,2024,vessel_count,national,Panama Canal,0.000393,0.000393,0.000393,Panama Canal,0.000393,0.000393,0.000393,906382542,750489,0.000828,0.000000,0.000000,2854.745132,3.502940,Israel,0.445052
semiconductors_and_sme,854150,854159,H6,2024,vessel_count,west,Mona Passage,0.000409,0.000409,0.000409,Panama Canal,0.000409,0.000409,0.000409,906382542,750489,0.000828,0.000000,0.000000,2854.745132,3.502940,Israel,0.445052
semiconductors_and_sme,854150,854159,H6,2025,export_share,east,Panama Canal,0.003982,0.003982,0.003982,Panama Canal,0.003982,0.003982,0.003982,994153849,7407906,0.007451,0.000000,0.000000,1954.903889,5.115341,Israel,0.276781
semiconductors_and_sme,854150,854159,H6,2025,export_share,gulf,Panama Canal,0.003983,0.003983,0.003983,Panama Canal,0.003983,0.003983,0.003983,994153849,7407906,0.007451,0.000000,0.000000,1954.903889,5.115341,Israel,0.276781
semiconductors_and_sme,854150,854159,H6,2025,export_share,national,Taiwan Strait,0.003688,0.003215,0.003688,Taiwan Strait,0.003688,0.003215,0.003688,994153849,7407906,0.007451,0.000000,0.000000,1954.903889,5.115341,Israel,0.276781
semiconductors_and_sme,854150,854159,H6,2025,export_share,west,Taiwan Strait,0.003688,0.003215,0.003688,Taiwan Strait,0.003688,0.003215,0.003688,994153849,7407906,0.007451,0.000000,0.000000,1954.903889,5.115341,Israel,0.276781
semiconductors_and_sme,854150,854159,H6,2025,vessel_count,east,Panama Canal,0.003981,0.003981,0.003981,Panama Canal,0.003981,0.003981,0.003981,994153849,7407906,0.007451,0.000000,0.000000,1954.903889,5.115341,Israel,0.276781
semiconductors_and_sme,854150,854159,H6,2025,vessel_count,gulf,Panama Canal,0.003983,0.003983,0.003983,Panama Canal,0.003983,0.003983,0.003983,994153849,7407906,0.007451,0.000000,0.000000,1954.903889,5.115341,Israel,0.276781
semiconductors_and_sme,854150,854159,H6,2025,vessel_count,national,Taiwan Strait,0.003695,0.002646,0.003695,Taiwan Strait,0.003695,0.002646,0.003695,994153849,7407906,0.007451,0.000000,0.000000,1954.903889,5.115341,Israel,0.276781
semiconductors_and_sme,854150,854159,H6,2025,vessel_count,west,Taiwan Strait,0.003695,0.002646,0.003695,Taiwan Strait,0.003695,0.002646,0.003695,994153849,7407906,0.007451,0.000000,0.000000,1954.903889,5.115341,Israel,0.276781
semiconductors_and_sme,854160,854160,H5,2018,export_share,east,Panama Canal,0.019173,0.019173,0.019173,Panama Canal,0.019173,0.019173,0.019173,355072258,7606650,0.021423,0.000000,0.000000,1597.830305,6.258487,China,0.305729
semiconductors_and_sme,854160,854160,H5,2018,export_share,gulf,Panama Canal,0.019873,0.019873,0.019873,Panama Canal,0.019873,0.019873,0.019873,355072258,7606650,0.021423,0.000000,0.000000,1597.830305,6.258487,China,0.305729
semiconductors_and_sme,854160,854160,H5,2018,export_share,national,Tsugaru Strait,0.012533,0.012171,0.012544,Panama Canal,0.003565,0.003565,0.003565,355072258,7606650,0.021423,0.000000,0.009245,1597.830305,6.258487,China,0.305729
semiconductors_and_sme,854160,854160,H5,2018,export_share,west,Tsugaru Strait,0.012650,0.012284,0.012661,Taiwan Strait,0.001740,0.001686,0.001740,355072258,7606650,0.021423,0.000000,0.000000,1597.830305,6.258487,China,0.305729
semiconductors_and_sme,854160,854160,H5,2018,vessel_count,east,Panama Canal,0.019142,0.019142,0.019142,Panama Canal,0.019142,0.019142,0.019142,355072258,7606650,0.021423,0.000000,0.000000,1597.830305,6.258487,China,0.305729
semiconductors_and_sme,854160,854160,H5,2018,vessel_count,gulf,Panama Canal,0.019873,0.019873,0.019873,Panama Canal,0.019873,0.019873,0.019873,355072258,7606650,0.021423,0.000000,0.000000,1597.830305,6.258487,China,0.305729
semiconductors_and_sme,854160,854160,H5,2018,vessel_count,national,Tsugaru Strait,0.012438,0.012204,0.012467,Panama Canal,0.003561,0.003561,0.003561,355072258,7606650,0.021423,0.000000,0.009245,1597.830305,6.258487,China,0.305729
semiconductors_and_sme,854160,854160,H5,2018,vessel_count,west,Tsugaru Strait,0.012554,0.012318,0.012583,Taiwan Strait,0.002151,0.002031,0.002151,355072258,7606650,0.021423,0.000000,0.000000,1597.830305,6.258487,China,0.305729
semiconductors_and_sme,854160,854160,H5,2019,export_share,east,Panama Canal,0.022754,0.022754,0.022754,Panama Canal,0.022754,0.022754,0.022754,261073204,8212702,0.031457,0.000000,0.000000,1242.719193,8.046870,Japan,0.250530
semiconductors_and_sme,854160,854160,H5,2019,export_share,gulf,Panama Canal,0.029996,0.029996,0.029996,Panama Canal,0.029996,0.029996,0.029996,261073204,8212702,0.031457,0.000000,0.000000,1242.719193,8.046870,Japan,0.250530
semiconductors_and_sme,854160,854160,H5,2019,export_share,national,Tsugaru Strait,0.014517,0.014018,0.014532,Taiwan Strait,0.007754,0.007719,0.007762,261073204,8212702,0.031457,0.000000,0.000000,1242.719193,8.046870,Japan,0.250530
semiconductors_and_sme,854160,854160,H5,2019,export_share,west,Tsugaru Strait,0.014517,0.014018,0.014532,Taiwan Strait,0.008276,0.008241,0.008284,261073204,8212702,0.031457,0.000000,0.000000,1242.719193,8.046870,Japan,0.250530
semiconductors_and_sme,854160,854160,H5,2019,vessel_count,east,Panama Canal,0.022727,0.022727,0.022727,Panama Canal,0.022727,0.022727,0.022727,261073204,8212702,0.031457,0.000000,0.000000,1242.719193,8.046870,Japan,0.250530
semiconductors_and_sme,854160,854160,H5,2019,vessel_count,gulf,Panama Canal,0.029996,0.029996,0.029996,Panama Canal,0.029996,0.029996,0.029996,261073204,8212702,0.031457,0.000000,0.000000,1242.719193,8.046870,Japan,0.250530
semiconductors_and_sme,854160,854160,H5,2019,vessel_count,national,Tsugaru Strait,0.014410,0.014088,0.014450,Taiwan Strait,0.008287,0.008209,0.008294,261073204,8212702,0.031457,0.000000,0.000000,1242.719193,8.046870,Japan,0.250530
semiconductors_and_sme,854160,854160,H5,2019,vessel_count,west,Tsugaru Strait,0.014410,0.014088,0.014450,Taiwan Strait,0.008811,0.008733,0.008819,261073204,8212702,0.031457,0.000000,0.000000,1242.719193,8.046870,Japan,0.250530
semiconductors_and_sme,854160,854160,H5,2020,export_share,east,Panama Canal,0.013178,0.013178,0.013178,Panama Canal,0.013178,0.013178,0.013178,323256427,6455167,0.019969,0.000000,0.000000,1488.089394,6.720026,Singapore,0.255653
semiconductors_and_sme,854160,854160,H5,2020,export_share,gulf,Panama Canal,0.017419,0.017419,0.017419,Panama Canal,0.017419,0.017419,0.017419,323256427,6455167,0.019969,0.000000,0.000000,1488.089394,6.720026,Singapore,0.255653
semiconductors_and_sme,854160,854160,H5,2020,export_share,national,Tsugaru Strait,0.005089,0.004618,0.005103,Taiwan Strait,0.004912,0.004799,0.006008,323256427,6455167,0.019969,0.000000,0.000000,1488.089394,6.720026,Singapore,0.255653
semiconductors_and_sme,854160,854160,H5,2020,export_share,west,Taiwan Strait,0.005500,0.005386,0.006783,Taiwan Strait,0.005500,0.005386,0.006783,323256427,6455167,0.019969,0.000000,0.000000,1488.089394,6.720026,Singapore,0.255653
semiconductors_and_sme,854160,854160,H5,2020,vessel_count,east,Panama Canal,0.013164,0.013164,0.013164,Panama Canal,0.013164,0.013164,0.013164,323256427,6455167,0.019969,0.000000,0.000000,1488.089394,6.720026,Singapore,0.255653
semiconductors_and_sme,854160,854160,H5,2020,vessel_count,gulf,Panama Canal,0.017425,0.017425,0.017425,Panama Canal,0.017425,0.017425,0.017425,323256427,6455167,0.019969,0.000000,0.000000,1488.089394,6.720026,Singapore,0.255653
semiconductors_and_sme,854160,854160,H5,2020,vessel_count,national,Tsugaru Strait,0.005212,0.004908,0.005250,Taiwan Strait,0.005149,0.004898,0.006267,323256427,6455167,0.019969,0.000000,0.000000,1488.089394,6.720026,Singapore,0.255653
semiconductors_and_sme,854160,854160,H5,2020,vessel_count,west,Taiwan Strait,0.005734,0.005483,0.007043,Taiwan Strait,0.005734,0.005483,0.007043,323256427,6455167,0.019969,0.000000,0.000000,1488.089394,6.720026,Singapore,0.255653
semiconductors_and_sme,854160,854160,H5,2021,export_share,east,Panama Canal,0.012819,0.012819,0.012819,Panama Canal,0.012819,0.012819,0.012819,339135164,5902713,0.017405,0.000000,0.000000,1362.000918,7.342139,Japan,0.255677
semiconductors_and_sme,854160,854160,H5,2021,export_share,gulf,Panama Canal,0.014139,0.014139,0.014139,Panama Canal,0.014139,0.014139,0.014139,339135164,5902713,0.017405,0.000000,0.000000,1362.000918,7.342139,Japan,0.255677
semiconductors_and_sme,854160,854160,H5,2021,export_share,national,Tsugaru Strait,0.007273,0.006956,0.007282,Panama Canal,0.004298,0.004298,0.004298,339135164,5902713,0.017405,0.000000,0.000802,1362.000918,7.342139,Japan,0.255677
semiconductors_and_sme,854160,854160,H5,2021,export_share,west,Tsugaru Strait,0.007278,0.006962,0.007288,Taiwan Strait,0.002224,0.002165,0.003726,339135164,5902713,0.017405,0.000000,0.000000,1362.000918,7.342139,Japan,0.255677
semiconductors_and_sme,854160,854160,H5,2021,vessel_count,east,Panama Canal,0.012805,0.012805,0.012805,Panama Canal,0.012805,0.012805,0.012805,339135164,5902713,0.017405,0.000000,0.000000,1362.000918,7.342139,Japan,0.255677
semiconductors_and_sme,854160,854160,H5,2021,vessel_count,gulf,Panama Canal,0.014136,0.014136,0.014136,Panama Canal,0.014136,0.014136,0.014136,339135164,5902713,0.017405,0.000000,0.000000,1362.000918,7.342139,Japan,0.255677
semiconductors_and_sme,854160,854160,H5,2021,vessel_count,national,Tsugaru Strait,0.007195,0.006991,0.007220,Panama Canal,0.004294,0.004294,0.004294,339135164,5902713,0.017405,0.000000,0.000802,1362.000918,7.342139,Japan,0.255677
semiconductors_and_sme,854160,854160,H5,2021,vessel_count,west,Tsugaru Strait,0.007201,0.006996,0.007226,Taiwan Strait,0.002537,0.002404,0.004065,339135164,5902713,0.017405,0.000000,0.000000,1362.000918,7.342139,Japan,0.255677
semiconductors_and_sme,854160,854160,H6,2022,export_share,east,Panama Canal,0.011434,0.011434,0.011434,Panama Canal,0.011434,0.011434,0.011434,417731505,7041530,0.016857,0.000000,0.000000,1564.445360,6.392042,Japan,0.279703
semiconductors_and_sme,854160,854160,H6,2022,export_share,gulf,Panama Canal,0.013952,0.013952,0.013952,Panama Canal,0.013952,0.013952,0.013952,417731505,7041530,0.016857,0.000000,0.000000,1564.445360,6.392042,Japan,0.279703
semiconductors_and_sme,854160,854160,H6,2022,export_share,national,Tsugaru Strait,0.005958,0.005674,0.005967,Panama Canal,0.004503,0.004503,0.004503,417731505,7041530,0.016857,0.000000,0.000000,1564.445360,6.392042,Japan,0.279703
semiconductors_and_sme,854160,854160,H6,2022,export_share,west,Tsugaru Strait,0.005958,0.005674,0.005967,Taiwan Strait,0.003485,0.003440,0.004896,417731505,7041530,0.016857,0.000000,0.000000,1564.445360,6.392042,Japan,0.279703
semiconductors_and_sme,854160,854160,H6,2022,vessel_count,east,Panama Canal,0.011403,0.011403,0.011403,Panama Canal,0.011403,0.011403,0.011403,417731505,7041530,0.016857,0.000000,0.000000,1564.445360,6.392042,Japan,0.279703
semiconductors_and_sme,854160,854160,H6,2022,vessel_count,gulf,Panama Canal,0.013949,0.013949,0.013949,Panama Canal,0.013949,0.013949,0.013949,417731505,7041530,0.016857,0.000000,0.000000,1564.445360,6.392042,Japan,0.279703
semiconductors_and_sme,854160,854160,H6,2022,vessel_count,national,Tsugaru Strait,0.005735,0.005551,0.005757,Panama Canal,0.004494,0.004494,0.004494,417731505,7041530,0.016857,0.000000,0.000000,1564.445360,6.392042,Japan,0.279703
semiconductors_and_sme,854160,854160,H6,2022,vessel_count,west,Tsugaru Strait,0.005735,0.005551,0.005757,Taiwan Strait,0.003932,0.003831,0.005364,417731505,7041530,0.016857,0.000000,0.000000,1564.445360,6.392042,Japan,0.279703
semiconductors_and_sme,854160,854160,H6,2023,export_share,east,Panama Canal,0.021042,0.021042,0.021042,Panama Canal,0.021042,0.021042,0.021042,276550078,9280110,0.033557,0.000000,0.000000,1540.648608,6.490773,Japan,0.313632
semiconductors_and_sme,854160,854160,H6,2023,export_share,gulf,Panama Canal,0.030492,0.030492,0.030492,Panama Canal,0.030492,0.030492,0.030492,276550078,9280110,0.033557,0.000000,0.000000,1540.648608,6.490773,Japan,0.313632
semiconductors_and_sme,854160,854160,H6,2023,export_share,national,Tsugaru Strait,0.009490,0.008852,0.009510,Taiwan Strait,0.008729,0.008670,0.010025,276550078,9280110,0.033557,0.000000,0.030973,1540.648608,6.490773,Japan,0.313632
semiconductors_and_sme,854160,854160,H6,2023,export_share,west,Taiwan Strait,0.011104,0.011043,0.013080,Taiwan Strait,0.011104,0.011043,0.013080,276550078,9280110,0.033557,0.000000,0.000000,1540.648608,6.490773,Japan,0.313632
semiconductors_and_sme,854160,854160,H6,2023,vessel_count,east,Panama Canal,0.021025,0.021025,0.021025,Panama Canal,0.021025,0.021025,0.021025,276550078,9280110,0.033557,0.000000,0.000000,1540.648608,6.490773,Japan,0.313632
semiconductors_and_sme,854160,854160,H6,2023,vessel_count,gulf,Panama Canal,0.030580,0.030580,0.030580,Panama Canal,0.030580,0.030580,0.030580,276550078,9280110,0.033557,0.000000,0.000000,1540.648608,6.490773,Japan,0.313632
semiconductors_and_sme,854160,854160,H6,2023,vessel_count,national,Taiwan Strait,0.009614,0.009483,0.010869,Taiwan Strait,0.009614,0.009483,0.010869,276550078,9280110,0.033557,0.000000,0.030973,1540.648608,6.490773,Japan,0.313632
semiconductors_and_sme,854160,854160,H6,2023,vessel_count,west,Taiwan Strait,0.012035,0.011900,0.013949,Taiwan Strait,0.012035,0.011900,0.013949,276550078,9280110,0.033557,0.000000,0.000000,1540.648608,6.490773,Japan,0.313632
semiconductors_and_sme,854160,854160,H6,2024,export_share,east,Panama Canal,0.023044,0.023044,0.023044,Panama Canal,0.023044,0.023044,0.023044,244822824,9187927,0.037529,0.000000,0.000000,1466.558071,6.818687,Japan,0.301248
semiconductors_and_sme,854160,854160,H6,2024,export_share,gulf,Panama Canal,0.032954,0.032954,0.032954,Panama Canal,0.032954,0.032954,0.032954,244822824,9187927,0.037529,0.000000,0.000000,1466.558071,6.818687,Japan,0.301248
semiconductors_and_sme,854160,854160,H6,2024,export_share,national,Taiwan Strait,0.011016,0.010854,0.013217,Taiwan Strait,0.011016,0.010854,0.013217,244822824,9187927,0.037529,0.000000,0.000000,1466.558071,6.818687,Japan,0.301248
semiconductors_and_sme,854160,854160,H6,2024,export_share,west,Taiwan Strait,0.012658,0.012497,0.015778,Taiwan Strait,0.012658,0.012497,0.015778,244822824,9187927,0.037529,0.000000,0.000000,1466.558071,6.818687,Japan,0.301248
semiconductors_and_sme,854160,854160,H6,2024,vessel_count,east,Panama Canal,0.022991,0.022991,0.022991,Panama Canal,0.022991,0.022991,0.022991,244822824,9187927,0.037529,0.000000,0.000000,1466.558071,6.818687,Japan,0.301248
semiconductors_and_sme,854160,854160,H6,2024,vessel_count,gulf,Panama Canal,0.033047,0.033047,0.033047,Panama Canal,0.033047,0.033047,0.033047,244822824,9187927,0.037529,0.000000,0.000000,1466.558071,6.818687,Japan,0.301248
semiconductors_and_sme,854160,854160,H6,2024,vessel_count,national,Taiwan Strait,0.012134,0.011776,0.014313,Taiwan Strait,0.012134,0.011776,0.014313,244822824,9187927,0.037529,0.000000,0.000000,1466.558071,6.818687,Japan,0.301248
semiconductors_and_sme,854160,854160,H6,2024,vessel_count,west,Taiwan Strait,0.013780,0.013421,0.016867,Taiwan Strait,0.013780,0.013421,0.016867,244822824,9187927,0.037529,0.000000,0.000000,1466.558071,6.818687,Japan,0.301248
semiconductors_and_sme,854160,854160,H6,2025,export_share,east,Panama Canal,0.016950,0.016950,0.016950,Panama Canal,0.016950,0.016950,0.016950,340985523,8893448,0.026082,0.000000,0.000000,2769.992322,3.610118,Japan,0.484561
semiconductors_and_sme,854160,854160,H6,2025,export_share,gulf,Panama Canal,0.023076,0.023076,0.023076,Panama Canal,0.023076,0.023076,0.023076,340985523,8893448,0.026082,0.000000,0.000000,2769.992322,3.610118,Japan,0.484561
semiconductors_and_sme,854160,854160,H6,2025,export_share,national,Tsugaru Strait,0.007529,0.007018,0.007545,Taiwan Strait,0.006526,0.006443,0.007663,340985523,8893448,0.026082,0.000000,0.000000,2769.992322,3.610118,Japan,0.484561
semiconductors_and_sme,854160,854160,H6,2025,export_share,west,Taiwan Strait,0.008049,0.007967,0.009641,Taiwan Strait,0.008049,0.007967,0.009641,340985523,8893448,0.026082,0.000000,0.000000,2769.992322,3.610118,Japan,0.484561
semiconductors_and_sme,854160,854160,H6,2025,vessel_count,east,Panama Canal,0.016900,0.016900,0.016900,Panama Canal,0.016900,0.016900,0.016900,340985523,8893448,0.026082,0.000000,0.000000,2769.992322,3.610118,Japan,0.484561
semiconductors_and_sme,854160,854160,H6,2025,vessel_count,gulf,Panama Canal,0.023133,0.023133,0.023133,Panama Canal,0.023133,0.023133,0.023133,340985523,8893448,0.026082,0.000000,0.000000,2769.992322,3.610118,Japan,0.484561
semiconductors_and_sme,854160,854160,H6,2025,vessel_count,national,Taiwan Strait,0.007457,0.007274,0.008576,Taiwan Strait,0.007457,0.007274,0.008576,340985523,8893448,0.026082,0.000000,0.000000,2769.992322,3.610118,Japan,0.484561
semiconductors_and_sme,854160,854160,H6,2025,vessel_count,west,Taiwan Strait,0.008996,0.008813,0.010562,Taiwan Strait,0.008996,0.008813,0.010562,340985523,8893448,0.026082,0.000000,0.000000,2769.992322,3.610118,Japan,0.484561
semiconductors_and_sme,854190,854190,H5,2018,export_share,east,Gibraltar Strait,0.120908,0.120908,0.120908,Bab el-Mandeb Strait,0.120594,0.120594,0.120594,228789603,46088709,0.201446,0.000000,0.000000,1100.168463,9.089517,Japan,0.205506
semiconductors_and_sme,854190,854190,H5,2018,export_share,gulf,Panama Canal,0.123259,0.123259,0.123259,Panama Canal,0.123259,0.123259,0.123259,228789603,46088709,0.201446,0.000000,0.000000,1100.168463,9.089517,Japan,0.205506
semiconductors_and_sme,854190,854190,H5,2018,export_share,national,Malacca Strait,0.073800,0.060590,0.097080,Bab el-Mandeb Strait,0.062878,0.062878,0.062878,228789603,46088709,0.201446,0.000000,0.000000,1100.168463,9.089517,Japan,0.205506
semiconductors_and_sme,854190,854190,H5,2018,export_share,west,Taiwan Strait,0.077773,0.074350,0.148731,Taiwan Strait,0.077773,0.074350,0.148731,228789603,46088709,0.201446,0.000000,0.000000,1100.168463,9.089517,Japan,0.205506
semiconductors_and_sme,854190,854190,H5,2018,vessel_count,east,Gibraltar Strait,0.120767,0.120767,0.120767,Bab el-Mandeb Strait,0.120425,0.120425,0.120425,228789603,46088709,0.201446,0.000000,0.000000,1100.168463,9.089517,Japan,0.205506
semiconductors_and_sme,854190,854190,H5,2018,vessel_count,gulf,Panama Canal,0.123533,0.123533,0.123533,Panama Canal,0.123533,0.123533,0.123533,228789603,46088709,0.201446,0.000000,0.000000,1100.168463,9.089517,Japan,0.205506
semiconductors_and_sme,854190,854190,H5,2018,vessel_count,national,Malacca Strait,0.074560,0.060697,0.095519,Bab el-Mandeb Strait,0.062789,0.062789,0.062789,228789603,46088709,0.201446,0.000000,0.000000,1100.168463,9.089517,Japan,0.205506
semiconductors_and_sme,854190,854190,H5,2018,vessel_count,west,Taiwan Strait,0.080366,0.072766,0.152801,Taiwan Strait,0.080366,0.072766,0.152801,228789603,46088709,0.201446,0.000000,0.000000,1100.168463,9.089517,Japan,0.205506
semiconductors_and_sme,854190,854190,H5,2019,export_share,east,Gibraltar Strait,0.226556,0.226556,0.226556,Bab el-Mandeb Strait,0.225322,0.225322,0.225322,277800113,125006996,0.449989,0.000000,0.000000,1095.557066,9.127776,China,0.185135
semiconductors_and_sme,854190,854190,H5,2019,export_share,gulf,Yucatan Channel,0.306965,0.306965,0.306965,Panama Canal,0.306965,0.306965,0.306965,277800113,125006996,0.449989,0.000000,0.000000,1095.557066,9.127776,China,0.185135
semiconductors_and_sme,854190,854190,H5,2019,export_share,national,Gibraltar Strait,0.188099,0.188099,0.188099,Bab el-Mandeb Strait,0.186865,0.186865,0.186865,277800113,125006996,0.449989,0.000000,0.000000,1095.557066,9.127776,China,0.185135
semiconductors_and_sme,854190,854190,H5,2019,export_share,west,Tsugaru Strait,0.167665,0.167396,0.167673,Taiwan Strait,0.134043,0.130972,0.261410,277800113,125006996,0.449989,0.000000,0.000000,1095.557066,9.127776,China,0.185135
semiconductors_and_sme,854190,854190,H5,2019,vessel_count,east,Gibraltar Strait,0.226764,0.226764,0.226764,Bab el-Mandeb Strait,0.225519,0.225519,0.225519,277800113,125006996,0.449989,0.000000,0.000000,1095.557066,9.127776,China,0.185135
semiconductors_and_sme,854190,854190,H5,2019,vessel_count,gulf,Yucatan Channel,0.307573,0.307573,0.307573,Panama Canal,0.307573,0.307573,0.307573,277800113,125006996,0.449989,0.000000,0.000000,1095.557066,9.127776,China,0.185135
semiconductors_and_sme,854190,854190,H5,2019,vessel_count,national,Gibraltar Strait,0.188272,0.188272,0.188272,Bab el-Mandeb Strait,0.187028,0.187028,0.187028,277800113,125006996,0.449989,0.000000,0.000000,1095.557066,9.127776,China,0.185135
semiconductors_and_sme,854190,854190,H5,2019,vessel_count,west,Tsugaru Strait,0.154589,0.154415,0.154610,Taiwan Strait,0.145437,0.138613,0.275339,277800113,125006996,0.449989,0.000000,0.000000,1095.557066,9.127776,China,0.185135
semiconductors_and_sme,854190,854190,H5,2020,export_share,east,Gibraltar Strait,0.294390,0.294390,0.294390,Bab el-Mandeb Strait,0.294179,0.294179,0.294179,310953629,164573196,0.529253,0.000000,0.000000,1170.043183,8.546693,Malaysia,0.202316
semiconductors_and_sme,854190,854190,H5,2020,export_share,gulf,Panama Canal,0.337109,0.337109,0.337109,Panama Canal,0.337109,0.337109,0.337109,310953629,164573196,0.529253,0.000000,0.000000,1170.043183,8.546693,Malaysia,0.202316
semiconductors_and_sme,854190,854190,H5,2020,export_share,national,Gibraltar Strait,0.183615,0.183615,0.183615,Bab el-Mandeb Strait,0.183404,0.183404,0.183404,310953629,164573196,0.529253,0.000000,0.000000,1170.043183,8.546693,Malaysia,0.202316
semiconductors_and_sme,854190,854190,H5,2020,export_share,west,Taiwan Strait,0.175057,0.169504,0.344007,Taiwan Strait,0.175057,0.169504,0.344007,310953629,164573196,0.529253,0.000000,0.000000,1170.043183,8.546693,Malaysia,0.202316
semiconductors_and_sme,854190,854190,H5,2020,vessel_count,east,Gibraltar Strait,0.294598,0.294598,0.294598,Bab el-Mandeb Strait,0.294387,0.294387,0.294387,310953629,164573196,0.529253,0.000000,0.000000,1170.043183,8.546693,Malaysia,0.202316
semiconductors_and_sme,854190,854190,H5,2020,vessel_count,gulf,Panama Canal,0.337585,0.337585,0.337585,Panama Canal,0.337585,0.337585,0.337585,310953629,164573196,0.529253,0.000000,0.000000,1170.043183,8.546693,Malaysia,0.202316
semiconductors_and_sme,854190,854190,H5,2020,vessel_count,national,Gibraltar Strait,0.183732,0.183732,0.183732,Bab el-Mandeb Strait,0.183522,0.183522,0.183522,310953629,164573196,0.529253,0.000000,0.000000,1170.043183,8.546693,Malaysia,0.202316
semiconductors_and_sme,854190,854190,H5,2020,vessel_count,west,Taiwan Strait,0.182905,0.170570,0.355558,Taiwan Strait,0.182905,0.170570,0.355558,310953629,164573196,0.529253,0.000000,0.000000,1170.043183,8.546693,Malaysia,0.202316
semiconductors_and_sme,854190,854190,H5,2021,export_share,east,Gibraltar Strait,0.321717,0.321717,0.321718,Bab el-Mandeb Strait,0.320376,0.320376,0.320376,378762939,184272207,0.486511,0.000000,0.000000,1281.494272,7.803390,Malaysia,0.213713
semiconductors_and_sme,854190,854190,H5,2021,export_share,gulf,Panama Canal,0.300647,0.300647,0.300647,Panama Canal,0.300647,0.300647,0.300647,378762939,184272207,0.486511,0.000000,0.000000,1281.494272,7.803390,Malaysia,0.213713
semiconductors_and_sme,854190,854190,H5,2021,export_share,national,Gibraltar Strait,0.240055,0.240055,0.240056,Bab el-Mandeb Strait,0.238714,0.238714,0.238714,378762939,184272207,0.486511,0.000000,0.000361,1281.494272,7.803390,Malaysia,0.213713
semiconductors_and_sme,854190,854190,H5,2021,export_share,west,Taiwan Strait,0.199876,0.194277,0.365171,Taiwan Strait,0.199876,0.194277,0.365171,378762939,184272207,0.486511,0.000000,0.000000,1281.494272,7.803390,Malaysia,0.213713
semiconductors_and_sme,854190,854190,H5,2021,vessel_count,east,Gibraltar Strait,0.321797,0.321797,0.321799,Bab el-Mandeb Strait,0.320448,0.320448,0.320448,378762939,184272207,0.486511,0.000000,0.000000,1281.494272,7.803390,Malaysia,0.213713
semiconductors_and_sme,854190,854190,H5,2021,vessel_count,gulf,Panama Canal,0.300797,0.300797,0.300797,Panama Canal,0.300797,0.300797,0.300797,378762939,184272207,0.486511,0.000000,0.000000,1281.494272,7.803390,Malaysia,0.213713
semiconductors_and_sme,854190,854190,H5,2021,vessel_count,national,Gibraltar Strait,0.240116,0.240116,0.240118,Bab el-Mandeb Strait,0.238768,0.238768,0.238768,378762939,184272207,0.486511,0.000000,0.000361,1281.494272,7.803390,Malaysia,0.213713
semiconductors_and_sme,854190,854190,H5,2021,vessel_count,west,Taiwan Strait,0.205414,0.192980,0.374036,Taiwan Strait,0.205414,0.192980,0.374036,378762939,184272207,0.486511,0.000000,0.000000,1281.494272,7.803390,Malaysia,0.213713
semiconductors_and_sme,854190,854190,H6,2022,export_share,east,Gibraltar Strait,0.391746,0.391746,0.391746,Bab el-Mandeb Strait,0.390655,0.390655,0.390655,481980782,254806138,0.528665,0.000000,0.000000,1406.460005,7.110049,Malaysia,0.262678
semiconductors_and_sme,854190,854190,H6,2022,export_share,gulf,Panama Canal,0.312868,0.312868,0.312868,Panama Canal,0.312868,0.312868,0.312868,481980782,254806138,0.528665,0.000000,0.000000,1406.460005,7.110049,Malaysia,0.262678
semiconductors_and_sme,854190,854190,H6,2022,export_share,national,Gibraltar Strait,0.331561,0.331561,0.331561,Bab el-Mandeb Strait,0.330470,0.330470,0.330470,481980782,254806138,0.528665,0.000000,0.000000,1406.460005,7.110049,Malaysia,0.262678
semiconductors_and_sme,854190,854190,H6,2022,export_share,west,Taiwan Strait,0.250745,0.241910,0.453438,Taiwan Strait,0.250745,0.241910,0.453438,481980782,254806138,0.528665,0.000000,0.000000,1406.460005,7.110049,Malaysia,0.262678
semiconductors_and_sme,854190,854190,H6,2022,vessel_count,east,Gibraltar Strait,0.391957,0.391957,0.391957,Bab el-Mandeb Strait,0.390853,0.390853,0.390853,481980782,254806138,0.528665,0.000000,0.000000,1406.460005,7.110049,Malaysia,0.262678
semiconductors_and_sme,854190,854190,H6,2022,vessel_count,gulf,Panama Canal,0.313366,0.313366,0.313366,Panama Canal,0.313366,0.313366,0.313366,481980782,254806138,0.528665,0.000000,0.000000,1406.460005,7.110049,Malaysia,0.262678
semiconductors_and_sme,854190,854190,H6,2022,vessel_count,national,Gibraltar Strait,0.331728,0.331728,0.331728,Bab el-Mandeb Strait,0.330625,0.330625,0.330625,481980782,254806138,0.528665,0.000000,0.000000,1406.460005,7.110049,Malaysia,0.262678
semiconductors_and_sme,854190,854190,H6,2022,vessel_count,west,Taiwan Strait,0.250273,0.230659,0.457390,Taiwan Strait,0.250273,0.230659,0.457390,481980782,254806138,0.528665,0.000000,0.000000,1406.460005,7.110049,Malaysia,0.262678
semiconductors_and_sme,854190,854190,H6,2023,export_share,east,Gibraltar Strait,0.384237,0.384237,0.384237,Suez Canal,0.383067,0.383038,0.383067,418119251,198873509,0.475638,0.000000,0.000000,1411.226534,7.086035,Malaysia,0.246138
semiconductors_and_sme,854190,854190,H6,2023,export_share,gulf,Panama Canal,0.256327,0.256327,0.256327,Panama Canal,0.256327,0.256327,0.256327,418119251,198873509,0.475638,0.000000,0.000000,1411.226534,7.086035,Malaysia,0.246138
semiconductors_and_sme,854190,854190,H6,2023,export_share,national,Gibraltar Strait,0.339512,0.339512,0.339512,Suez Canal,0.338342,0.338313,0.338342,418119251,198873509,0.475638,0.000000,0.000000,1411.226534,7.086035,Malaysia,0.246138
semiconductors_and_sme,854190,854190,H6,2023,export_share,west,Luzon Strait,0.205730,0.205730,0.234849,Taiwan Strait,0.205064,0.199757,0.410793,418119251,198873509,0.475638,0.000000,0.000000,1411.226534,7.086035,Malaysia,0.246138
semiconductors_and_sme,854190,854190,H6,2023,vessel_count,east,Gibraltar Strait,0.383999,0.383999,0.383999,Suez Canal,0.382817,0.382790,0.382817,418119251,198873509,0.475638,0.000000,0.000000,1411.226534,7.086035,Malaysia,0.246138
semiconductors_and_sme,854190,854190,H6,2023,vessel_count,gulf,Panama Canal,0.256425,0.256425,0.256425,Panama Canal,0.256425,0.256425,0.256425,418119251,198873509,0.475638,0.000000,0.000000,1411.226534,7.086035,Malaysia,0.246138
semiconductors_and_sme,854190,854190,H6,2023,vessel_count,national,Gibraltar Strait,0.339305,0.339305,0.339305,Suez Canal,0.338122,0.338095,0.338122,418119251,198873509,0.475638,0.000000,0.000000,1411.226534,7.086035,Malaysia,0.246138
semiconductors_and_sme,854190,854190,H6,2023,vessel_count,west,Luzon Strait,0.209719,0.209719,0.231071,Taiwan Strait,0.201760,0.189978,0.411479,418119251,198873509,0.475638,0.000000,0.000000,1411.226534,7.086035,Malaysia,0.246138
semiconductors_and_sme,854190,854190,H6,2024,export_share,east,Gibraltar Strait,0.505602,0.505601,0.505602,Bab el-Mandeb Strait,0.500832,0.500832,0.500832,623435097,379247248,0.608319,0.000000,0.000000,1530.493417,6.533841,Viet Nam,0.286515
semiconductors_and_sme,854190,854190,H6,2024,export_share,gulf,Panama Canal,0.431186,0.431186,0.431186,Panama Canal,0.431186,0.431186,0.431186,623435097,379247248,0.608319,0.000000,0.000000,1530.493417,6.533841,Viet Nam,0.286515
semiconductors_and_sme,854190,854190,H6,2024,export_share,national,Gibraltar Strait,0.403984,0.403983,0.403984,Bab el-Mandeb Strait,0.399222,0.399222,0.399222,623435097,379247248,0.608319,0.000000,0.001559,1530.493417,6.533841,Viet Nam,0.286515
semiconductors_and_sme,854190,854190,H6,2024,export_share,west,Taiwan Strait,0.352827,0.349843,0.515050,Taiwan Strait,0.352827,0.349843,0.515050,623435097,379247248,0.608319,0.000000,0.000000,1530.493417,6.533841,Viet Nam,0.286515
semiconductors_and_sme,854190,854190,H6,2024,vessel_count,east,Gibraltar Strait,0.505612,0.505612,0.505612,Bab el-Mandeb Strait,0.500756,0.500756,0.500756,623435097,379247248,0.608319,0.000000,0.000000,1530.493417,6.533841,Viet Nam,0.286515
semiconductors_and_sme,854190,854190,H6,2024,vessel_count,gulf,Panama Canal,0.431861,0.431861,0.431861,Panama Canal,0.431861,0.431861,0.431861,623435097,379247248,0.608319,0.000000,0.000000,1530.493417,6.533841,Viet Nam,0.286515
semiconductors_and_sme,854190,854190,H6,2024,vessel_count,national,Gibraltar Strait,0.403958,0.403958,0.403958,Bab el-Mandeb Strait,0.399110,0.399110,0.399110,623435097,379247248,0.608319,0.000000,0.001559,1530.493417,6.533841,Viet Nam,0.286515
semiconductors_and_sme,854190,854190,H6,2024,vessel_count,west,Taiwan Strait,0.350624,0.343999,0.515796,Taiwan Strait,0.350624,0.343999,0.515796,623435097,379247248,0.608319,0.000000,0.000000,1530.493417,6.533841,Viet Nam,0.286515
semiconductors_and_sme,854190,854190,H6,2025,export_share,east,Gibraltar Strait,0.673351,0.673351,0.673351,Bab el-Mandeb Strait,0.668979,0.668979,0.668979,808379162,615731539,0.761687,0.000000,0.000000,2137.557740,4.678236,Viet Nam,0.404359
semiconductors_and_sme,854190,854190,H6,2025,export_share,gulf,Panama Canal,0.610630,0.610630,0.610630,Panama Canal,0.610630,0.610630,0.610630,808379162,615731539,0.761687,0.000000,0.000000,2137.557740,4.678236,Viet Nam,0.404359
semiconductors_and_sme,854190,854190,H6,2025,export_share,national,Gibraltar Strait,0.403774,0.403773,0.403774,Bab el-Mandeb Strait,0.399405,0.399405,0.399405,808379162,615731539,0.761687,0.000000,0.000841,2137.557740,4.678236,Viet Nam,0.404359
semiconductors_and_sme,854190,854190,H6,2025,export_share,west,Taiwan Strait,0.554879,0.550838,0.693921,Taiwan Strait,0.554879,0.550838,0.693921,808379162,615731539,0.761687,0.000000,0.000000,2137.557740,4.678236,Viet Nam,0.404359
semiconductors_and_sme,854190,854190,H6,2025,vessel_count,east,Gibraltar Strait,0.673447,0.673447,0.673447,Bab el-Mandeb Strait,0.668998,0.668998,0.668998,808379162,615731539,0.761687,0.000000,0.000000,2137.557740,4.678236,Viet Nam,0.404359
semiconductors_and_sme,854190,854190,H6,2025,vessel_count,gulf,Panama Canal,0.612121,0.612121,0.612121,Panama Canal,0.612121,0.612121,0.612121,808379162,615731539,0.761687,0.000000,0.000000,2137.557740,4.678236,Viet Nam,0.404359
semiconductors_and_sme,854190,854190,H6,2025,vessel_count,national,Gibraltar Strait,0.403436,0.403435,0.403436,Bab el-Mandeb Strait,0.398991,0.398991,0.398991,808379162,615731539,0.761687,0.000000,0.000841,2137.557740,4.678236,Viet Nam,0.404359
semiconductors_and_sme,854190,854190,H6,2025,vessel_count,west,Taiwan Strait,0.554094,0.545121,0.694896,Taiwan Strait,0.554094,0.545121,0.694896,808379162,615731539,0.761687,0.000000,0.000000,2137.557740,4.678236,Viet Nam,0.404359
semiconductors_and_sme,854231,854231,H5,2018,export_share,east,Windward Passage,0.007215,0.007215,0.007215,Panama Canal,0.007112,0.007112,0.007112,21556458087,175246845,0.008130,0.000000,0.000000,3841.665992,2.603037,Malaysia,0.604048
semiconductors_and_sme,854231,854231,H5,2018,export_share,gulf,Yucatan Channel,0.007286,0.007286,0.007286,Panama Canal,0.007182,0.007182,0.007182,21556458087,175246845,0.008130,0.000000,0.000000,3841.665992,2.603037,Malaysia,0.604048
semiconductors_and_sme,854231,854231,H5,2018,export_share,national,Panama Canal,0.001509,0.001509,0.001509,Panama Canal,0.001509,0.001509,0.001509,21556458087,175246845,0.008130,0.000000,0.000878,3841.665992,2.603037,Malaysia,0.604048
semiconductors_and_sme,854231,854231,H5,2018,export_share,west,Tsugaru Strait,0.001471,0.001103,0.001482,Panama Canal,0.000710,0.000710,0.000710,21556458087,175246845,0.008130,0.000000,0.000000,3841.665992,2.603037,Malaysia,0.604048
semiconductors_and_sme,854231,854231,H5,2018,vessel_count,east,Windward Passage,0.007206,0.007206,0.007206,Panama Canal,0.007111,0.007111,0.007111,21556458087,175246845,0.008130,0.000000,0.000000,3841.665992,2.603037,Malaysia,0.604048
semiconductors_and_sme,854231,854231,H5,2018,vessel_count,gulf,Yucatan Channel,0.007284,0.007284,0.007284,Panama Canal,0.007188,0.007188,0.007188,21556458087,175246845,0.008130,0.000000,0.000000,3841.665992,2.603037,Malaysia,0.604048
semiconductors_and_sme,854231,854231,H5,2018,vessel_count,national,Tsugaru Strait,0.001677,0.001440,0.001706,Panama Canal,0.001498,0.001498,0.001498,21556458087,175246845,0.008130,0.000000,0.000878,3841.665992,2.603037,Malaysia,0.604048
semiconductors_and_sme,854231,854231,H5,2018,vessel_count,west,Tsugaru Strait,0.001679,0.001442,0.001708,Panama Canal,0.000697,0.000697,0.000697,21556458087,175246845,0.008130,0.000000,0.000000,3841.665992,2.603037,Malaysia,0.604048
semiconductors_and_sme,854231,854231,H5,2019,export_share,east,Windward Passage,0.006828,0.006828,0.006828,Panama Canal,0.006302,0.006302,0.006302,21327366595,182774391,0.008570,0.000000,0.000000,4040.346637,2.475035,Malaysia,0.621661
semiconductors_and_sme,854231,854231,H5,2019,export_share,gulf,Yucatan Channel,0.006978,0.006978,0.006978,Panama Canal,0.006452,0.006452,0.006452,21327366595,182774391,0.008570,0.000000,0.000000,4040.346637,2.475035,Malaysia,0.621661
semiconductors_and_sme,854231,854231,H5,2019,export_share,national,Panama Canal,0.002240,0.002240,0.002240,Panama Canal,0.002240,0.002240,0.002240,21327366595,182774391,0.008570,0.000000,0.000054,4040.346637,2.475035,Malaysia,0.621661
semiconductors_and_sme,854231,854231,H5,2019,export_share,west,Tsugaru Strait,0.001133,0.000826,0.001142,Panama Canal,0.001064,0.001064,0.001064,21327366595,182774391,0.008570,0.000000,0.000000,4040.346637,2.475035,Malaysia,0.621661
semiconductors_and_sme,854231,854231,H5,2019,vessel_count,east,Windward Passage,0.006826,0.006826,0.006826,Panama Canal,0.006341,0.006341,0.006341,21327366595,182774391,0.008570,0.000000,0.000000,4040.346637,2.475035,Malaysia,0.621661
semiconductors_and_sme,854231,854231,H5,2019,vessel_count,gulf,Yucatan Channel,0.006976,0.006976,0.006976,Panama Canal,0.006491,0.006491,0.006491,21327366595,182774391,0.008570,0.000000,0.000000,4040.346637,2.475035,Malaysia,0.621661
semiconductors_and_sme,854231,854231,H5,2019,vessel_count,national,Panama Canal,0.002189,0.002189,0.002189,Panama Canal,0.002189,0.002189,0.002189,21327366595,182774391,0.008570,0.000000,0.000054,4040.346637,2.475035,Malaysia,0.621661
semiconductors_and_sme,854231,854231,H5,2019,vessel_count,west,Tsugaru Strait,0.001323,0.001125,0.001348,Panama Canal,0.000988,0.000988,0.000988,21327366595,182774391,0.008570,0.000000,0.000000,4040.346637,2.475035,Malaysia,0.621661
semiconductors_and_sme,854231,854231,H5,2020,export_share,east,Windward Passage,0.007056,0.007056,0.007056,Panama Canal,0.006546,0.006546,0.006546,21258142111,193753374,0.009114,0.000000,0.000000,4136.808963,2.417322,Malaysia,0.625439
semiconductors_and_sme,854231,854231,H5,2020,export_share,gulf,Yucatan Channel,0.007499,0.007499,0.007499,Panama Canal,0.006990,0.006990,0.006990,21258142111,193753374,0.009114,0.000000,0.000000,4136.808963,2.417322,Malaysia,0.625439
semiconductors_and_sme,854231,854231,H5,2020,export_share,national,Panama Canal,0.002447,0.002447,0.002447,Panama Canal,0.002447,0.002447,0.002447,21258142111,193753374,0.009114,0.000000,0.001059,4136.808963,2.417322,Malaysia,0.625439
semiconductors_and_sme,854231,854231,H5,2020,export_share,west,Tsugaru Strait,0.001204,0.000866,0.001214,Panama Canal,0.000969,0.000969,0.000969,21258142111,193753374,0.009114,0.000000,0.000000,4136.808963,2.417322,Malaysia,0.625439
semiconductors_and_sme,854231,854231,H5,2020,vessel_count,east,Windward Passage,0.007039,0.007039,0.007039,Panama Canal,0.006569,0.006569,0.006569,21258142111,193753374,0.009114,0.000000,0.000000,4136.808963,2.417322,Malaysia,0.625439
semiconductors_and_sme,854231,854231,H5,2020,vessel_count,gulf,Yucatan Channel,0.007486,0.007486,0.007486,Panama Canal,0.007016,0.007016,0.007016,21258142111,193753374,0.009114,0.000000,0.000000,4136.808963,2.417322,Malaysia,0.625439
semiconductors_and_sme,854231,854231,H5,2020,vessel_count,national,Panama Canal,0.002409,0.002409,0.002409,Panama Canal,0.002409,0.002409,0.002409,21258142111,193753374,0.009114,0.000000,0.001059,4136.808963,2.417322,Malaysia,0.625439
semiconductors_and_sme,854231,854231,H5,2020,vessel_count,west,Tsugaru Strait,0.001441,0.001223,0.001468,Panama Canal,0.000909,0.000909,0.000909,21258142111,193753374,0.009114,0.000000,0.000000,4136.808963,2.417322,Malaysia,0.625439
semiconductors_and_sme,854231,854231,H5,2021,export_share,east,Windward Passage,0.005017,0.005017,0.005017,Panama Canal,0.004738,0.004738,0.004738,27344302869,175241955,0.006409,0.000000,0.000000,3926.471759,2.546816,Malaysia,0.610313
semiconductors_and_sme,854231,854231,H5,2021,export_share,gulf,Yucatan Channel,0.005375,0.005375,0.005375,Panama Canal,0.005097,0.005097,0.005097,27344302869,175241955,0.006409,0.000000,0.000000,3926.471759,2.546816,Malaysia,0.610313
semiconductors_and_sme,854231,854231,H5,2021,export_share,national,Panama Canal,0.002139,0.002139,0.002139,Panama Canal,0.002139,0.002139,0.002139,27344302869,175241955,0.006409,0.000000,0.000527,3926.471759,2.546816,Malaysia,0.610313
semiconductors_and_sme,854231,854231,H5,2021,export_share,west,Tsugaru Strait,0.000863,0.000620,0.000870,Panama Canal,0.000724,0.000724,0.000724,27344302869,175241955,0.006409,0.000000,0.000000,3926.471759,2.546816,Malaysia,0.610313
semiconductors_and_sme,854231,854231,H5,2021,vessel_count,east,Windward Passage,0.005023,0.005023,0.005023,Panama Canal,0.004766,0.004766,0.004766,27344302869,175241955,0.006409,0.000000,0.000000,3926.471759,2.546816,Malaysia,0.610313
semiconductors_and_sme,854231,854231,H5,2021,vessel_count,gulf,Yucatan Channel,0.005377,0.005377,0.005377,Panama Canal,0.005120,0.005120,0.005120,27344302869,175241955,0.006409,0.000000,0.000000,3926.471759,2.546816,Malaysia,0.610313
semiconductors_and_sme,854231,854231,H5,2021,vessel_count,national,Panama Canal,0.002121,0.002121,0.002121,Panama Canal,0.002121,0.002121,0.002121,27344302869,175241955,0.006409,0.000000,0.000527,3926.471759,2.546816,Malaysia,0.610313
semiconductors_and_sme,854231,854231,H5,2021,vessel_count,west,Tsugaru Strait,0.001021,0.000864,0.001040,Panama Canal,0.000682,0.000682,0.000682,27344302869,175241955,0.006409,0.000000,0.000000,3926.471759,2.546816,Malaysia,0.610313
semiconductors_and_sme,854231,854231,H6,2022,export_share,east,Windward Passage,0.004073,0.004073,0.004073,Panama Canal,0.003888,0.003888,0.003888,24326886346,132753774,0.005457,0.000000,0.000000,2291.799448,4.363384,Malaysia,0.438663
semiconductors_and_sme,854231,854231,H6,2022,export_share,gulf,Yucatan Channel,0.004295,0.004295,0.004295,Panama Canal,0.004109,0.004109,0.004109,24326886346,132753774,0.005457,0.000000,0.000000,2291.799448,4.363384,Malaysia,0.438663
semiconductors_and_sme,854231,854231,H6,2022,export_share,national,Panama Canal,0.001984,0.001984,0.001984,Panama Canal,0.001984,0.001984,0.001984,24326886346,132753774,0.005457,0.000000,0.001175,2291.799448,4.363384,Malaysia,0.438663
semiconductors_and_sme,854231,854231,H6,2022,export_share,west,Tsugaru Strait,0.000834,0.000666,0.000839,Taiwan Strait,0.000763,0.000704,0.001536,24326886346,132753774,0.005457,0.000000,0.000000,2291.799448,4.363384,Malaysia,0.438663
semiconductors_and_sme,854231,854231,H6,2022,vessel_count,east,Windward Passage,0.004069,0.004069,0.004069,Panama Canal,0.003898,0.003898,0.003898,24326886346,132753774,0.005457,0.000000,0.000000,2291.799448,4.363384,Malaysia,0.438663
semiconductors_and_sme,854231,854231,H6,2022,vessel_count,gulf,Yucatan Channel,0.004297,0.004297,0.004297,Panama Canal,0.004126,0.004126,0.004126,24326886346,132753774,0.005457,0.000000,0.000000,2291.799448,4.363384,Malaysia,0.438663
semiconductors_and_sme,854231,854231,H6,2022,vessel_count,national,Panama Canal,0.001973,0.001973,0.001973,Panama Canal,0.001973,0.001973,0.001973,24326886346,132753774,0.005457,0.000000,0.001175,2291.799448,4.363384,Malaysia,0.438663
semiconductors_and_sme,854231,854231,H6,2022,vessel_count,west,Tsugaru Strait,0.000912,0.000803,0.000925,Taiwan Strait,0.000803,0.000670,0.001593,24326886346,132753774,0.005457,0.000000,0.000000,2291.799448,4.363384,Malaysia,0.438663
semiconductors_and_sme,854231,854231,H6,2023,export_share,east,Windward Passage,0.006233,0.006233,0.006233,Panama Canal,0.006228,0.006228,0.006228,20140980381,186009359,0.009235,0.000000,0.000000,1590.063396,6.289057,Malaysia,0.328311
semiconductors_and_sme,854231,854231,H6,2023,export_share,gulf,Yucatan Channel,0.006962,0.006962,0.006962,Panama Canal,0.006957,0.006957,0.006957,20140980381,186009359,0.009235,0.000000,0.000000,1590.063396,6.289057,Malaysia,0.328311
semiconductors_and_sme,854231,854231,H6,2023,export_share,national,Panama Canal,0.002809,0.002809,0.002809,Panama Canal,0.002809,0.002809,0.002809,20140980381,186009359,0.009235,0.000000,0.001531,1590.063396,6.289057,Malaysia,0.328311
semiconductors_and_sme,854231,854231,H6,2023,export_share,west,Taiwan Strait,0.001683,0.001579,0.002664,Taiwan Strait,0.001683,0.001579,0.002664,20140980381,186009359,0.009235,0.000000,0.000000,1590.063396,6.289057,Malaysia,0.328311
semiconductors_and_sme,854231,854231,H6,2023,vessel_count,east,Windward Passage,0.006227,0.006227,0.006227,Panama Canal,0.006222,0.006222,0.006222,20140980381,186009359,0.009235,0.000000,0.000000,1590.063396,6.289057,Malaysia,0.328311
semiconductors_and_sme,854231,854231,H6,2023,vessel_count,gulf,Yucatan Channel,0.006970,0.006970,0.006970,Panama Canal,0.006966,0.006966,0.006966,20140980381,186009359,0.009235,0.000000,0.000000,1590.063396,6.289057,Malaysia,0.328311
semiconductors_and_sme,854231,854231,H6,2023,vessel_count,national,Panama Canal,0.002807,0.002807,0.002807,Panama Canal,0.002807,0.002807,0.002807,20140980381,186009359,0.009235,0.000000,0.001531,1590.063396,6.289057,Malaysia,0.328311
semiconductors_and_sme,854231,854231,H6,2023,vessel_count,west,Taiwan Strait,0.001745,0.001514,0.002739,Taiwan Strait,0.001745,0.001514,0.002739,20140980381,186009359,0.009235,0.000000,0.000000,1590.063396,6.289057,Malaysia,0.328311
semiconductors_and_sme,854231,854231,H6,2024,export_share,east,Windward Passage,0.007042,0.007042,0.007042,Panama Canal,0.007023,0.007023,0.007023,28269678186,254863728,0.009015,0.000000,0.000000,1871.177705,5.344228,Taiwan,0.284177
semiconductors_and_sme,854231,854231,H6,2024,export_share,gulf,Yucatan Channel,0.007428,0.007428,0.007428,Panama Canal,0.007390,0.007390,0.007390,28269678186,254863728,0.009015,0.000000,0.000000,1871.177705,5.344228,Taiwan,0.284177
semiconductors_and_sme,854231,854231,H6,2024,export_share,national,Taiwan Strait,0.002876,0.002550,0.003613,Taiwan Strait,0.002876,0.002550,0.003613,28269678186,254863728,0.009015,0.000000,0.000437,1871.177705,5.344228,Taiwan,0.284177
semiconductors_and_sme,854231,854231,H6,2024,export_share,west,Taiwan Strait,0.002935,0.002609,0.003823,Taiwan Strait,0.002935,0.002609,0.003823,28269678186,254863728,0.009015,0.000000,0.000000,1871.177705,5.344228,Taiwan,0.284177
semiconductors_and_sme,854231,854231,H6,2024,vessel_count,east,Windward Passage,0.007040,0.007040,0.007040,Panama Canal,0.007022,0.007022,0.007022,28269678186,254863728,0.009015,0.000000,0.000000,1871.177705,5.344228,Taiwan,0.284177
semiconductors_and_sme,854231,854231,H6,2024,vessel_count,gulf,Yucatan Channel,0.007432,0.007432,0.007432,Panama Canal,0.007395,0.007395,0.007395,28269678186,254863728,0.009015,0.000000,0.000000,1871.177705,5.344228,Taiwan,0.284177
semiconductors_and_sme,854231,854231,H6,2024,vessel_count,national,Taiwan Strait,0.002889,0.002166,0.003641,Taiwan Strait,0.002889,0.002166,0.003641,28269678186,254863728,0.009015,0.000000,0.000437,1871.177705,5.344228,Taiwan,0.284177
semiconductors_and_sme,854231,854231,H6,2024,vessel_count,west,Taiwan Strait,0.002946,0.002222,0.003851,Taiwan Strait,0.002946,0.002222,0.003851,28269678186,254863728,0.009015,0.000000,0.000000,1871.177705,5.344228,Taiwan,0.284177
semiconductors_and_sme,854231,854231,H6,2025,export_share,east,Windward Passage,0.005696,0.005696,0.005696,Panama Canal,0.005691,0.005691,0.005691,32506064547,244621677,0.007525,0.000000,0.000000,2066.478773,4.839150,Taiwan,0.312576
semiconductors_and_sme,854231,854231,H6,2025,export_share,gulf,Yucatan Channel,0.006110,0.006110,0.006110,Panama Canal,0.006095,0.006095,0.006095,32506064547,244621677,0.007525,0.000000,0.000000,2066.478773,4.839150,Taiwan,0.312576
semiconductors_and_sme,854231,854231,H6,2025,export_share,national,Panama Canal,0.002181,0.002181,0.002181,Panama Canal,0.002181,0.002181,0.002181,32506064547,244621677,0.007525,0.000000,0.000069,2066.478773,4.839150,Taiwan,0.312576
semiconductors_and_sme,854231,854231,H6,2025,export_share,west,Taiwan Strait,0.002218,0.001990,0.002760,Taiwan Strait,0.002218,0.001990,0.002760,32506064547,244621677,0.007525,0.000000,0.000000,2066.478773,4.839150,Taiwan,0.312576
semiconductors_and_sme,854231,854231,H6,2025,vessel_count,east,Windward Passage,0.005699,0.005699,0.005699,Panama Canal,0.005694,0.005694,0.005694,32506064547,244621677,0.007525,0.000000,0.000000,2066.478773,4.839150,Taiwan,0.312576
semiconductors_and_sme,854231,854231,H6,2025,vessel_count,gulf,Yucatan Channel,0.006113,0.006113,0.006113,Panama Canal,0.006099,0.006099,0.006099,32506064547,244621677,0.007525,0.000000,0.000000,2066.478773,4.839150,Taiwan,0.312576
semiconductors_and_sme,854231,854231,H6,2025,vessel_count,national,Panama Canal,0.002182,0.002182,0.002182,Panama Canal,0.002182,0.002182,0.002182,32506064547,244621677,0.007525,0.000000,0.000069,2066.478773,4.839150,Taiwan,0.312576
semiconductors_and_sme,854231,854231,H6,2025,vessel_count,west,Taiwan Strait,0.002245,0.001740,0.002795,Taiwan Strait,0.002245,0.001740,0.002795,32506064547,244621677,0.007525,0.000000,0.000000,2066.478773,4.839150,Taiwan,0.312576
semiconductors_and_sme,854232,854232,H5,2018,export_share,east,Panama Canal,0.005571,0.005571,0.005571,Panama Canal,0.005571,0.005571,0.005571,3013272250,18274225,0.006065,0.000000,0.000000,1717.153107,5.823593,Taiwan,0.282876
semiconductors_and_sme,854232,854232,H5,2018,export_share,gulf,Panama Canal,0.005917,0.005917,0.005917,Panama Canal,0.005917,0.005917,0.005917,3013272250,18274225,0.006065,0.000000,0.000000,1717.153107,5.823593,Taiwan,0.282876
semiconductors_and_sme,854232,854232,H5,2018,export_share,national,Panama Canal,0.002889,0.002889,0.002889,Panama Canal,0.002889,0.002889,0.002889,3013272250,18274225,0.006065,0.000000,0.000000,1717.153107,5.823593,Taiwan,0.282876
semiconductors_and_sme,854232,854232,H5,2018,export_share,west,Tsugaru Strait,0.001278,0.001017,0.001286,Taiwan Strait,0.000835,0.000788,0.000860,3013272250,18274225,0.006065,0.000000,0.000000,1717.153107,5.823593,Taiwan,0.282876
semiconductors_and_sme,854232,854232,H5,2018,vessel_count,east,Panama Canal,0.005566,0.005566,0.005566,Panama Canal,0.005566,0.005566,0.005566,3013272250,18274225,0.006065,0.000000,0.000000,1717.153107,5.823593,Taiwan,0.282876
semiconductors_and_sme,854232,854232,H5,2018,vessel_count,gulf,Panama Canal,0.005920,0.005920,0.005920,Panama Canal,0.005920,0.005920,0.005920,3013272250,18274225,0.006065,0.000000,0.000000,1717.153107,5.823593,Taiwan,0.282876
semiconductors_and_sme,854232,854232,H5,2018,vessel_count,national,Panama Canal,0.002887,0.002887,0.002887,Panama Canal,0.002887,0.002887,0.002887,3013272250,18274225,0.006065,0.000000,0.000000,1717.153107,5.823593,Taiwan,0.282876
semiconductors_and_sme,854232,854232,H5,2018,vessel_count,west,Tsugaru Strait,0.001404,0.001235,0.001425,Taiwan Strait,0.000923,0.000819,0.000946,3013272250,18274225,0.006065,0.000000,0.000000,1717.153107,5.823593,Taiwan,0.282876
semiconductors_and_sme,854232,854232,H5,2019,export_share,east,Panama Canal,0.009292,0.009292,0.009292,Panama Canal,0.009292,0.009292,0.009292,1782657631,18620520,0.010445,0.000000,0.000000,1700.677926,5.880008,Taiwan,0.262794
semiconductors_and_sme,854232,854232,H5,2019,export_share,gulf,Panama Canal,0.010183,0.010183,0.010183,Panama Canal,0.010183,0.010183,0.010183,1782657631,18620520,0.010445,0.000000,0.000000,1700.677926,5.880008,Taiwan,0.262794
semiconductors_and_sme,854232,854232,H5,2019,export_share,national,Panama Canal,0.005542,0.005542,0.005542,Panama Canal,0.005542,0.005542,0.005542,1782657631,18620520,0.010445,0.000000,0.000132,1700.677926,5.880008,Taiwan,0.262794
semiconductors_and_sme,854232,854232,H5,2019,export_share,west,Taiwan Strait,0.001900,0.001781,0.001947,Taiwan Strait,0.001900,0.001781,0.001947,1782657631,18620520,0.010445,0.000000,0.000000,1700.677926,5.880008,Taiwan,0.262794
semiconductors_and_sme,854232,854232,H5,2019,vessel_count,east,Panama Canal,0.009288,0.009288,0.009288,Panama Canal,0.009288,0.009288,0.009288,1782657631,18620520,0.010445,0.000000,0.000000,1700.677926,5.880008,Taiwan,0.262794
semiconductors_and_sme,854232,854232,H5,2019,vessel_count,gulf,Panama Canal,0.010191,0.010191,0.010191,Panama Canal,0.010191,0.010191,0.010191,1782657631,18620520,0.010445,0.000000,0.000000,1700.677926,5.880008,Taiwan,0.262794
semiconductors_and_sme,854232,854232,H5,2019,vessel_count,national,Panama Canal,0.005539,0.005539,0.005539,Panama Canal,0.005539,0.005539,0.005539,1782657631,18620520,0.010445,0.000000,0.000132,1700.677926,5.880008,Taiwan,0.262794
semiconductors_and_sme,854232,854232,H5,2019,vessel_count,west,Tsugaru Strait,0.002096,0.001808,0.002131,Taiwan Strait,0.001967,0.001703,0.002007,1782657631,18620520,0.010445,0.000000,0.000000,1700.677926,5.880008,Taiwan,0.262794
semiconductors_and_sme,854232,854232,H5,2020,export_share,east,Panama Canal,0.009174,0.009174,0.009174,Panama Canal,0.009174,0.009174,0.009174,1667607112,16890022,0.010128,0.000000,0.000000,1734.443243,5.765539,Taiwan,0.294853
semiconductors_and_sme,854232,854232,H5,2020,export_share,gulf,Panama Canal,0.009929,0.009929,0.009929,Panama Canal,0.009929,0.009929,0.009929,1667607112,16890022,0.010128,0.000000,0.000000,1734.443243,5.765539,Taiwan,0.294853
semiconductors_and_sme,854232,854232,H5,2020,export_share,national,Panama Canal,0.005543,0.005543,0.005543,Panama Canal,0.005543,0.005543,0.005543,1667607112,16890022,0.010128,0.000000,0.002391,1734.443243,5.765539,Taiwan,0.294853
semiconductors_and_sme,854232,854232,H5,2020,export_share,west,Taiwan Strait,0.002585,0.002373,0.002637,Taiwan Strait,0.002585,0.002373,0.002637,1667607112,16890022,0.010128,0.000000,0.000000,1734.443243,5.765539,Taiwan,0.294853
semiconductors_and_sme,854232,854232,H5,2020,vessel_count,east,Panama Canal,0.009168,0.009168,0.009168,Panama Canal,0.009168,0.009168,0.009168,1667607112,16890022,0.010128,0.000000,0.000000,1734.443243,5.765539,Taiwan,0.294853
semiconductors_and_sme,854232,854232,H5,2020,vessel_count,gulf,Panama Canal,0.009936,0.009936,0.009936,Panama Canal,0.009936,0.009936,0.009936,1667607112,16890022,0.010128,0.000000,0.000000,1734.443243,5.765539,Taiwan,0.294853
semiconductors_and_sme,854232,854232,H5,2020,vessel_count,national,Panama Canal,0.005539,0.005539,0.005539,Panama Canal,0.005539,0.005539,0.005539,1667607112,16890022,0.010128,0.000000,0.002391,1734.443243,5.765539,Taiwan,0.294853
semiconductors_and_sme,854232,854232,H5,2020,vessel_count,west,Taiwan Strait,0.002716,0.002245,0.002762,Taiwan Strait,0.002716,0.002245,0.002762,1667607112,16890022,0.010128,0.000000,0.000000,1734.443243,5.765539,Taiwan,0.294853
semiconductors_and_sme,854232,854232,H5,2021,export_share,east,Panama Canal,0.006930,0.006930,0.006930,Panama Canal,0.006930,0.006930,0.006930,2194656387,17280209,0.007874,0.000000,0.000000,3172.071225,3.152514,Taiwan,0.498953
semiconductors_and_sme,854232,854232,H5,2021,export_share,gulf,Yucatan Channel,0.007489,0.007489,0.007489,Panama Canal,0.007489,0.007489,0.007489,2194656387,17280209,0.007874,0.000000,0.000000,3172.071225,3.152514,Taiwan,0.498953
semiconductors_and_sme,854232,854232,H5,2021,export_share,national,Panama Canal,0.004120,0.004120,0.004120,Panama Canal,0.004120,0.004120,0.004120,2194656387,17280209,0.007874,0.000000,0.000400,3172.071225,3.152514,Taiwan,0.498953
semiconductors_and_sme,854232,854232,H5,2021,export_share,west,Taiwan Strait,0.002104,0.001917,0.002138,Taiwan Strait,0.002104,0.001917,0.002138,2194656387,17280209,0.007874,0.000000,0.000000,3172.071225,3.152514,Taiwan,0.498953
semiconductors_and_sme,854232,854232,H5,2021,vessel_count,east,Panama Canal,0.006926,0.006926,0.006926,Panama Canal,0.006926,0.006926,0.006926,2194656387,17280209,0.007874,0.000000,0.000000,3172.071225,3.152514,Taiwan,0.498953
semiconductors_and_sme,854232,854232,H5,2021,vessel_count,gulf,Yucatan Channel,0.007494,0.007494,0.007494,Panama Canal,0.007494,0.007494,0.007494,2194656387,17280209,0.007874,0.000000,0.000000,3172.071225,3.152514,Taiwan,0.498953
semiconductors_and_sme,854232,854232,H5,2021,vessel_count,national,Panama Canal,0.004117,0.004117,0.004117,Panama Canal,0.004117,0.004117,0.004117,2194656387,17280209,0.007874,0.000000,0.000400,3172.071225,3.152514,Taiwan,0.498953
semiconductors_and_sme,854232,854232,H5,2021,vessel_count,west,Taiwan Strait,0.002174,0.001760,0.002203,Taiwan Strait,0.002174,0.001760,0.002203,2194656387,17280209,0.007874,0.000000,0.000000,3172.071225,3.152514,Taiwan,0.498953
semiconductors_and_sme,854232,854232,H6,2022,export_share,east,Panama Canal,0.004207,0.004207,0.004207,Panama Canal,0.004207,0.004207,0.004207,2755894264,12072504,0.004381,0.000000,0.000000,2561.748310,3.903584,Taiwan,0.437839
semiconductors_and_sme,854232,854232,H6,2022,export_share,gulf,Panama Canal,0.004251,0.004251,0.004251,Panama Canal,0.004251,0.004251,0.004251,2755894264,12072504,0.004381,0.000000,0.000000,2561.748310,3.903584,Taiwan,0.437839
semiconductors_and_sme,854232,854232,H6,2022,export_share,national,Panama Canal,0.002281,0.002281,0.002281,Panama Canal,0.002281,0.002281,0.002281,2755894264,12072504,0.004381,0.000000,0.000200,2561.748310,3.903584,Taiwan,0.437839
semiconductors_and_sme,854232,854232,H6,2022,export_share,west,Taiwan Strait,0.001104,0.000973,0.001111,Taiwan Strait,0.001104,0.000973,0.001111,2755894264,12072504,0.004381,0.000000,0.000000,2561.748310,3.903584,Taiwan,0.437839
semiconductors_and_sme,854232,854232,H6,2022,vessel_count,east,Panama Canal,0.004204,0.004204,0.004204,Panama Canal,0.004204,0.004204,0.004204,2755894264,12072504,0.004381,0.000000,0.000000,2561.748310,3.903584,Taiwan,0.437839
semiconductors_and_sme,854232,854232,H6,2022,vessel_count,gulf,Panama Canal,0.004251,0.004251,0.004251,Panama Canal,0.004251,0.004251,0.004251,2755894264,12072504,0.004381,0.000000,0.000000,2561.748310,3.903584,Taiwan,0.437839
semiconductors_and_sme,854232,854232,H6,2022,vessel_count,national,Panama Canal,0.002279,0.002279,0.002279,Panama Canal,0.002279,0.002279,0.002279,2755894264,12072504,0.004381,0.000000,0.000200,2561.748310,3.903584,Taiwan,0.437839
semiconductors_and_sme,854232,854232,H6,2022,vessel_count,west,Taiwan Strait,0.001136,0.000847,0.001144,Taiwan Strait,0.001136,0.000847,0.001144,2755894264,12072504,0.004381,0.000000,0.000000,2561.748310,3.903584,Taiwan,0.437839
semiconductors_and_sme,854232,854232,H6,2023,export_share,east,Panama Canal,0.005247,0.005247,0.005247,Panama Canal,0.005247,0.005247,0.005247,2022243287,15046112,0.007440,0.000000,0.000000,2185.677016,4.575241,Taiwan,0.358452
semiconductors_and_sme,854232,854232,H6,2023,export_share,gulf,Panama Canal,0.006836,0.006836,0.006836,Panama Canal,0.006836,0.006836,0.006836,2022243287,15046112,0.007440,0.000000,0.000000,2185.677016,4.575241,Taiwan,0.358452
semiconductors_and_sme,854232,854232,H6,2023,export_share,national,Panama Canal,0.002898,0.002898,0.002898,Panama Canal,0.002898,0.002898,0.002898,2022243287,15046112,0.007440,0.000000,0.000833,2185.677016,4.575241,Taiwan,0.358452
semiconductors_and_sme,854232,854232,H6,2023,export_share,west,Taiwan Strait,0.002728,0.002585,0.002789,Taiwan Strait,0.002728,0.002585,0.002789,2022243287,15046112,0.007440,0.000000,0.000000,2185.677016,4.575241,Taiwan,0.358452
semiconductors_and_sme,854232,854232,H6,2023,vessel_count,east,Panama Canal,0.005241,0.005241,0.005241,Panama Canal,0.005241,0.005241,0.005241,2022243287,15046112,0.007440,0.000000,0.000000,2185.677016,4.575241,Taiwan,0.358452
semiconductors_and_sme,854232,854232,H6,2023,vessel_count,gulf,Panama Canal,0.006851,0.006851,0.006851,Panama Canal,0.006851,0.006851,0.006851,2022243287,15046112,0.007440,0.000000,0.000000,2185.677016,4.575241,Taiwan,0.358452
semiconductors_and_sme,854232,854232,H6,2023,vessel_count,national,Panama Canal,0.002895,0.002895,0.002895,Panama Canal,0.002895,0.002895,0.002895,2022243287,15046112,0.007440,0.000000,0.000833,2185.677016,4.575241,Taiwan,0.358452
semiconductors_and_sme,854232,854232,H6,2023,vessel_count,west,Taiwan Strait,0.002763,0.002446,0.002809,Taiwan Strait,0.002763,0.002446,0.002809,2022243287,15046112,0.007440,0.000000,0.000000,2185.677016,4.575241,Taiwan,0.358452
semiconductors_and_sme,854232,854232,H6,2024,export_share,east,Panama Canal,0.002825,0.002825,0.002825,Panama Canal,0.002825,0.002825,0.002825,1870932828,7706422,0.004119,0.000000,0.000000,2074.642768,4.820107,Taiwan,0.346973
semiconductors_and_sme,854232,854232,H6,2024,export_share,gulf,Yucatan Channel,0.003565,0.003565,0.003565,Panama Canal,0.003565,0.003565,0.003565,1870932828,7706422,0.004119,0.000000,0.000000,2074.642768,4.820107,Taiwan,0.346973
semiconductors_and_sme,854232,854232,H6,2024,export_share,national,Panama Canal,0.001800,0.001800,0.001800,Panama Canal,0.001800,0.001800,0.001800,1870932828,7706422,0.004119,0.000000,0.001123,2074.642768,4.820107,Taiwan,0.346973
semiconductors_and_sme,854232,854232,H6,2024,export_share,west,Taiwan Strait,0.000999,0.000970,0.001099,Taiwan Strait,0.000999,0.000970,0.001099,1870932828,7706422,0.004119,0.000000,0.000000,2074.642768,4.820107,Taiwan,0.346973
semiconductors_and_sme,854232,854232,H6,2024,vessel_count,east,Panama Canal,0.002823,0.002823,0.002823,Panama Canal,0.002823,0.002823,0.002823,1870932828,7706422,0.004119,0.000000,0.000000,2074.642768,4.820107,Taiwan,0.346973
semiconductors_and_sme,854232,854232,H6,2024,vessel_count,gulf,Yucatan Channel,0.003573,0.003573,0.003573,Panama Canal,0.003573,0.003573,0.003573,1870932828,7706422,0.004119,0.000000,0.000000,2074.642768,4.820107,Taiwan,0.346973
semiconductors_and_sme,854232,854232,H6,2024,vessel_count,national,Panama Canal,0.001799,0.001799,0.001799,Panama Canal,0.001799,0.001799,0.001799,1870932828,7706422,0.004119,0.000000,0.001123,2074.642768,4.820107,Taiwan,0.346973
semiconductors_and_sme,854232,854232,H6,2024,vessel_count,west,Taiwan Strait,0.001028,0.000964,0.001123,Taiwan Strait,0.001028,0.000964,0.001123,1870932828,7706422,0.004119,0.000000,0.000000,2074.642768,4.820107,Taiwan,0.346973
semiconductors_and_sme,854232,854232,H6,2025,export_share,east,Panama Canal,0.002612,0.002612,0.002612,Panama Canal,0.002612,0.002612,0.002612,2305818392,8461458,0.003670,0.000000,0.000000,2189.858777,4.566505,Taiwan,0.348371
semiconductors_and_sme,854232,854232,H6,2025,export_share,gulf,Panama Canal,0.003299,0.003299,0.003299,Panama Canal,0.003299,0.003299,0.003299,2305818392,8461458,0.003670,0.000000,0.000000,2189.858777,4.566505,Taiwan,0.348371
semiconductors_and_sme,854232,854232,H6,2025,export_share,national,Panama Canal,0.001668,0.001668,0.001668,Panama Canal,0.001668,0.001668,0.001668,2305818392,8461458,0.003670,0.000000,0.002618,2189.858777,4.566505,Taiwan,0.348371
semiconductors_and_sme,854232,854232,H6,2025,export_share,west,Taiwan Strait,0.000939,0.000909,0.000955,Taiwan Strait,0.000939,0.000909,0.000955,2305818392,8461458,0.003670,0.000000,0.000000,2189.858777,4.566505,Taiwan,0.348371
semiconductors_and_sme,854232,854232,H6,2025,vessel_count,east,Panama Canal,0.002611,0.002611,0.002611,Panama Canal,0.002611,0.002611,0.002611,2305818392,8461458,0.003670,0.000000,0.000000,2189.858777,4.566505,Taiwan,0.348371
semiconductors_and_sme,854232,854232,H6,2025,vessel_count,gulf,Panama Canal,0.003305,0.003305,0.003305,Panama Canal,0.003305,0.003305,0.003305,2305818392,8461458,0.003670,0.000000,0.000000,2189.858777,4.566505,Taiwan,0.348371
semiconductors_and_sme,854232,854232,H6,2025,vessel_count,national,Panama Canal,0.001668,0.001668,0.001668,Panama Canal,0.001668,0.001668,0.001668,2305818392,8461458,0.003670,0.000000,0.002618,2189.858777,4.566505,Taiwan,0.348371
semiconductors_and_sme,854232,854232,H6,2025,vessel_count,west,Taiwan Strait,0.000955,0.000887,0.000964,Taiwan Strait,0.000955,0.000887,0.000964,2305818392,8461458,0.003670,0.000000,0.000000,2189.858777,4.566505,Taiwan,0.348371
semiconductors_and_sme,854233,854233,H5,2018,export_share,east,Panama Canal,0.005581,0.005581,0.005581,Panama Canal,0.005581,0.005581,0.005581,1298668026,8102365,0.006239,0.000000,0.000000,2940.581933,3.400687,Mexico,0.501407
semiconductors_and_sme,854233,854233,H5,2018,export_share,gulf,Yucatan Channel,0.005722,0.005722,0.005722,Panama Canal,0.005722,0.005722,0.005722,1298668026,8102365,0.006239,0.000000,0.000000,2940.581933,3.400687,Mexico,0.501407
semiconductors_and_sme,854233,854233,H5,2018,export_share,national,Tsugaru Strait,0.003352,0.003288,0.003354,Panama Canal,0.002509,0.002509,0.002509,1298668026,8102365,0.006239,0.000000,0.000000,2940.581933,3.400687,Mexico,0.501407
semiconductors_and_sme,854233,854233,H5,2018,export_share,west,Tsugaru Strait,0.003352,0.003288,0.003354,Taiwan Strait,0.001247,0.001198,0.001683,1298668026,8102365,0.006239,0.000000,0.000000,2940.581933,3.400687,Mexico,0.501407
semiconductors_and_sme,854233,854233,H5,2018,vessel_count,east,Panama Canal,0.005547,0.005547,0.005547,Panama Canal,0.005547,0.005547,0.005547,1298668026,8102365,0.006239,0.000000,0.000000,2940.581933,3.400687,Mexico,0.501407
semiconductors_and_sme,854233,854233,H5,2018,vessel_count,gulf,Yucatan Channel,0.005723,0.005723,0.005723,Panama Canal,0.005723,0.005723,0.005723,1298668026,8102365,0.006239,0.000000,0.000000,2940.581933,3.400687,Mexico,0.501407
semiconductors_and_sme,854233,854233,H5,2018,vessel_count,national,Tsugaru Strait,0.002963,0.002922,0.002968,Panama Canal,0.002493,0.002493,0.002493,1298668026,8102365,0.006239,0.000000,0.000000,2940.581933,3.400687,Mexico,0.501407
semiconductors_and_sme,854233,854233,H5,2018,vessel_count,west,Tsugaru Strait,0.002963,0.002922,0.002968,Taiwan Strait,0.001708,0.001599,0.002154,1298668026,8102365,0.006239,0.000000,0.000000,2940.581933,3.400687,Mexico,0.501407
semiconductors_and_sme,854233,854233,H5,2019,export_share,east,Panama Canal,0.004911,0.004911,0.004911,Panama Canal,0.004911,0.004911,0.004911,1148859489,7378378,0.006422,0.000000,0.000000,2939.031714,3.402481,Mexico,0.497441
semiconductors_and_sme,854233,854233,H5,2019,export_share,gulf,Yucatan Channel,0.005185,0.005185,0.005185,Panama Canal,0.005183,0.005183,0.005183,1148859489,7378378,0.006422,0.000000,0.000000,2939.031714,3.402481,Mexico,0.497441
semiconductors_and_sme,854233,854233,H5,2019,export_share,national,Tsugaru Strait,0.001934,0.001847,0.001937,Taiwan Strait,0.001740,0.001587,0.002464,1148859489,7378378,0.006422,0.000000,0.000000,2939.031714,3.402481,Mexico,0.497441
semiconductors_and_sme,854233,854233,H5,2019,export_share,west,Tsugaru Strait,0.001934,0.001847,0.001937,Taiwan Strait,0.001814,0.001661,0.002827,1148859489,7378378,0.006422,0.000000,0.000000,2939.031714,3.402481,Mexico,0.497441
semiconductors_and_sme,854233,854233,H5,2019,vessel_count,east,Panama Canal,0.004889,0.004889,0.004889,Panama Canal,0.004889,0.004889,0.004889,1148859489,7378378,0.006422,0.000000,0.000000,2939.031714,3.402481,Mexico,0.497441
semiconductors_and_sme,854233,854233,H5,2019,vessel_count,gulf,Yucatan Channel,0.005187,0.005187,0.005187,Panama Canal,0.005187,0.005187,0.005187,1148859489,7378378,0.006422,0.000000,0.000000,2939.031714,3.402481,Mexico,0.497441
semiconductors_and_sme,854233,854233,H5,2019,vessel_count,national,Taiwan Strait,0.001974,0.001635,0.002714,Taiwan Strait,0.001974,0.001635,0.002714,1148859489,7378378,0.006422,0.000000,0.000000,2939.031714,3.402481,Mexico,0.497441
semiconductors_and_sme,854233,854233,H5,2019,vessel_count,west,Taiwan Strait,0.002045,0.001706,0.003079,Taiwan Strait,0.002045,0.001706,0.003079,1148859489,7378378,0.006422,0.000000,0.000000,2939.031714,3.402481,Mexico,0.497441
semiconductors_and_sme,854233,854233,H5,2020,export_share,east,Panama Canal,0.009617,0.009617,0.009617,Panama Canal,0.009617,0.009617,0.009617,799842432,9535271,0.011921,0.000000,0.000000,1913.535895,5.225928,Mexico,0.345086
semiconductors_and_sme,854233,854233,H5,2020,export_share,gulf,Yucatan Channel,0.010766,0.010766,0.010766,Panama Canal,0.010766,0.010766,0.010766,799842432,9535271,0.011921,0.000000,0.000000,1913.535895,5.225928,Mexico,0.345086
semiconductors_and_sme,854233,854233,H5,2020,export_share,national,Panama Canal,0.003976,0.003976,0.003976,Panama Canal,0.003976,0.003976,0.003976,799842432,9535271,0.011921,0.000000,0.000000,1913.535895,5.225928,Mexico,0.345086
semiconductors_and_sme,854233,854233,H5,2020,export_share,west,Taiwan Strait,0.003679,0.003429,0.004739,Taiwan Strait,0.003679,0.003429,0.004739,799842432,9535271,0.011921,0.000000,0.000000,1913.535895,5.225928,Mexico,0.345086
semiconductors_and_sme,854233,854233,H5,2020,vessel_count,east,Panama Canal,0.009582,0.009582,0.009582,Panama Canal,0.009582,0.009582,0.009582,799842432,9535271,0.011921,0.000000,0.000000,1913.535895,5.225928,Mexico,0.345086
semiconductors_and_sme,854233,854233,H5,2020,vessel_count,gulf,Yucatan Channel,0.010777,0.010777,0.010777,Panama Canal,0.010777,0.010777,0.010777,799842432,9535271,0.011921,0.000000,0.000000,1913.535895,5.225928,Mexico,0.345086
semiconductors_and_sme,854233,854233,H5,2020,vessel_count,national,Panama Canal,0.003962,0.003962,0.003962,Panama Canal,0.003962,0.003962,0.003962,799842432,9535271,0.011921,0.000000,0.000000,1913.535895,5.225928,Mexico,0.345086
semiconductors_and_sme,854233,854233,H5,2020,vessel_count,west,Taiwan Strait,0.004082,0.003528,0.005158,Taiwan Strait,0.004082,0.003528,0.005158,799842432,9535271,0.011921,0.000000,0.000000,1913.535895,5.225928,Mexico,0.345086
semiconductors_and_sme,854233,854233,H5,2021,export_share,east,Panama Canal,0.009447,0.009447,0.009447,Panama Canal,0.009447,0.009447,0.009447,644023397,7410274,0.011506,0.000000,0.000000,1587.621016,6.298732,Malaysia,0.310901
semiconductors_and_sme,854233,854233,H5,2021,export_share,gulf,Yucatan Channel,0.009675,0.009675,0.009675,Panama Canal,0.009675,0.009675,0.009675,644023397,7410274,0.011506,0.000000,0.000000,1587.621016,6.298732,Malaysia,0.310901
semiconductors_and_sme,854233,854233,H5,2021,export_share,national,Panama Canal,0.006125,0.006125,0.006125,Panama Canal,0.006125,0.006125,0.006125,644023397,7410274,0.011506,0.000000,0.000701,1587.621016,6.298732,Malaysia,0.310901
semiconductors_and_sme,854233,854233,H5,2021,export_share,west,Tsugaru Strait,0.002071,0.001766,0.002080,Taiwan Strait,0.001730,0.001564,0.003424,644023397,7410274,0.011506,0.000000,0.000000,1587.621016,6.298732,Malaysia,0.310901
semiconductors_and_sme,854233,854233,H5,2021,vessel_count,east,Panama Canal,0.009370,0.009370,0.009370,Panama Canal,0.009370,0.009370,0.009370,644023397,7410274,0.011506,0.000000,0.000000,1587.621016,6.298732,Malaysia,0.310901
semiconductors_and_sme,854233,854233,H5,2021,vessel_count,gulf,Yucatan Channel,0.009679,0.009679,0.009679,Panama Canal,0.009679,0.009679,0.009679,644023397,7410274,0.011506,0.000000,0.000000,1587.621016,6.298732,Malaysia,0.310901
semiconductors_and_sme,854233,854233,H5,2021,vessel_count,national,Panama Canal,0.006077,0.006077,0.006077,Panama Canal,0.006077,0.006077,0.006077,644023397,7410274,0.011506,0.000000,0.000701,1587.621016,6.298732,Malaysia,0.310901
semiconductors_and_sme,854233,854233,H5,2021,vessel_count,west,Tsugaru Strait,0.002147,0.001949,0.002171,Taiwan Strait,0.001864,0.001496,0.003595,644023397,7410274,0.011506,0.000000,0.000000,1587.621016,6.298732,Malaysia,0.310901
semiconductors_and_sme,854233,854233,H6,2022,export_share,east,Panama Canal,0.006635,0.006635,0.006635,Panama Canal,0.006635,0.006635,0.006635,886809727,7818133,0.008816,0.000000,0.000000,1713.697529,5.835335,Malaysia,0.319830
semiconductors_and_sme,854233,854233,H6,2022,export_share,gulf,Panama Canal,0.006861,0.006861,0.006861,Panama Canal,0.006861,0.006861,0.006861,886809727,7818133,0.008816,0.000000,0.000000,1713.697529,5.835335,Malaysia,0.319830
semiconductors_and_sme,854233,854233,H6,2022,export_share,national,Panama Canal,0.004157,0.004157,0.004157,Panama Canal,0.004157,0.004157,0.004157,886809727,7818133,0.008816,0.000000,0.000000,1713.697529,5.835335,Malaysia,0.319830
semiconductors_and_sme,854233,854233,H6,2022,export_share,west,Tsugaru Strait,0.003658,0.003554,0.003661,Taiwan Strait,0.001263,0.001219,0.002836,886809727,7818133,0.008816,0.000000,0.000000,1713.697529,5.835335,Malaysia,0.319830
semiconductors_and_sme,854233,854233,H6,2022,vessel_count,east,Panama Canal,0.006587,0.006587,0.006587,Panama Canal,0.006587,0.006587,0.006587,886809727,7818133,0.008816,0.000000,0.000000,1713.697529,5.835335,Malaysia,0.319830
semiconductors_and_sme,854233,854233,H6,2022,vessel_count,gulf,Panama Canal,0.006865,0.006865,0.006865,Panama Canal,0.006865,0.006865,0.006865,886809727,7818133,0.008816,0.000000,0.000000,1713.697529,5.835335,Malaysia,0.319830
semiconductors_and_sme,854233,854233,H6,2022,vessel_count,national,Panama Canal,0.004129,0.004129,0.004129,Panama Canal,0.004129,0.004129,0.004129,886809727,7818133,0.008816,0.000000,0.000000,1713.697529,5.835335,Malaysia,0.319830
semiconductors_and_sme,854233,854233,H6,2022,vessel_count,west,Tsugaru Strait,0.003271,0.003204,0.003279,Taiwan Strait,0.001727,0.001630,0.003335,886809727,7818133,0.008816,0.000000,0.000000,1713.697529,5.835335,Malaysia,0.319830
semiconductors_and_sme,854233,854233,H6,2023,export_share,east,Panama Canal,0.008196,0.008196,0.008196,Panama Canal,0.008196,0.008196,0.008196,790766792,7902623,0.009994,0.000000,0.000000,1657.718181,6.032388,Malaysia,0.301774
semiconductors_and_sme,854233,854233,H6,2023,export_share,gulf,Panama Canal,0.009576,0.009576,0.009576,Panama Canal,0.009576,0.009576,0.009576,790766792,7902623,0.009994,0.000000,0.000000,1657.718181,6.032388,Malaysia,0.301774
semiconductors_and_sme,854233,854233,H6,2023,export_share,national,Tsugaru Strait,0.003129,0.002864,0.003137,Panama Canal,0.003039,0.003039,0.003039,790766792,7902623,0.009994,0.000000,0.000000,1657.718181,6.032388,Malaysia,0.301774
semiconductors_and_sme,854233,854233,H6,2023,export_share,west,Tsugaru Strait,0.003129,0.002864,0.003137,Taiwan Strait,0.002620,0.002514,0.002764,790766792,7902623,0.009994,0.000000,0.000000,1657.718181,6.032388,Malaysia,0.301774
semiconductors_and_sme,854233,854233,H6,2023,vessel_count,east,Panama Canal,0.008181,0.008181,0.008181,Panama Canal,0.008181,0.008181,0.008181,790766792,7902623,0.009994,0.000000,0.000000,1657.718181,6.032388,Malaysia,0.301774
semiconductors_and_sme,854233,854233,H6,2023,vessel_count,gulf,Panama Canal,0.009589,0.009589,0.009589,Panama Canal,0.009589,0.009589,0.009589,790766792,7902623,0.009994,0.000000,0.000000,1657.718181,6.032388,Malaysia,0.301774
semiconductors_and_sme,854233,854233,H6,2023,vessel_count,national,Tsugaru Strait,0.003066,0.002895,0.003087,Panama Canal,0.003035,0.003035,0.003035,790766792,7902623,0.009994,0.000000,0.000000,1657.718181,6.032388,Malaysia,0.301774
semiconductors_and_sme,854233,854233,H6,2023,vessel_count,west,Tsugaru Strait,0.003066,0.002895,0.003087,Taiwan Strait,0.002919,0.002683,0.003054,790766792,7902623,0.009994,0.000000,0.000000,1657.718181,6.032388,Malaysia,0.301774
semiconductors_and_sme,854233,854233,H6,2024,export_share,east,Panama Canal,0.008425,0.008425,0.008425,Panama Canal,0.008425,0.008425,0.008425,791216976,8000579,0.010112,0.000000,0.000000,1400.725724,7.139156,Malaysia,0.228028
semiconductors_and_sme,854233,854233,H6,2024,export_share,gulf,Panama Canal,0.008605,0.008605,0.008605,Panama Canal,0.008605,0.008605,0.008605,791216976,8000579,0.010112,0.000000,0.000000,1400.725724,7.139156,Malaysia,0.228028
semiconductors_and_sme,854233,854233,H6,2024,export_share,national,Panama Canal,0.003468,0.003468,0.003468,Panama Canal,0.003468,0.003468,0.003468,791216976,8000579,0.010112,0.000000,0.000000,1400.725724,7.139156,Malaysia,0.228028
semiconductors_and_sme,854233,854233,H6,2024,export_share,west,Tsugaru Strait,0.002643,0.002269,0.002655,Panama Canal,0.001383,0.001383,0.001383,791216976,8000579,0.010112,0.000000,0.000000,1400.725724,7.139156,Malaysia,0.228028
semiconductors_and_sme,854233,854233,H6,2024,vessel_count,east,Panama Canal,0.008417,0.008417,0.008417,Panama Canal,0.008417,0.008417,0.008417,791216976,8000579,0.010112,0.000000,0.000000,1400.725724,7.139156,Malaysia,0.228028
semiconductors_and_sme,854233,854233,H6,2024,vessel_count,gulf,Panama Canal,0.008606,0.008606,0.008606,Panama Canal,0.008606,0.008606,0.008606,791216976,8000579,0.010112,0.000000,0.000000,1400.725724,7.139156,Malaysia,0.228028
semiconductors_and_sme,854233,854233,H6,2024,vessel_count,national,Panama Canal,0.003466,0.003466,0.003466,Panama Canal,0.003466,0.003466,0.003466,791216976,8000579,0.010112,0.000000,0.000000,1400.725724,7.139156,Malaysia,0.228028
semiconductors_and_sme,854233,854233,H6,2024,vessel_count,west,Tsugaru Strait,0.002838,0.002597,0.002868,Panama Canal,0.001383,0.001383,0.001383,791216976,8000579,0.010112,0.000000,0.000000,1400.725724,7.139156,Malaysia,0.228028
semiconductors_and_sme,854233,854233,H6,2025,export_share,east,Panama Canal,0.011121,0.011121,0.011121,Panama Canal,0.011121,0.011121,0.011121,605950905,7038247,0.011615,0.000000,0.000000,1352.569683,7.393334,Taiwan,0.218188
semiconductors_and_sme,854233,854233,H6,2025,export_share,gulf,Panama Canal,0.011221,0.011221,0.011221,Panama Canal,0.011221,0.011221,0.011221,605950905,7038247,0.011615,0.000000,0.000000,1352.569683,7.393334,Taiwan,0.218188
semiconductors_and_sme,854233,854233,H6,2025,export_share,national,Panama Canal,0.003437,0.003437,0.003437,Panama Canal,0.003437,0.003437,0.003437,605950905,7038247,0.011615,0.000000,0.000298,1352.569683,7.393334,Taiwan,0.218188
semiconductors_and_sme,854233,854233,H6,2025,export_share,west,Tsugaru Strait,0.002245,0.001679,0.002262,Taiwan Strait,0.000295,0.000277,0.000404,605950905,7038247,0.011615,0.000000,0.000000,1352.569683,7.393334,Taiwan,0.218188
semiconductors_and_sme,854233,854233,H6,2025,vessel_count,east,Panama Canal,0.011107,0.011107,0.011107,Panama Canal,0.011107,0.011107,0.011107,605950905,7038247,0.011615,0.000000,0.000000,1352.569683,7.393334,Taiwan,0.218188
semiconductors_and_sme,854233,854233,H6,2025,vessel_count,gulf,Panama Canal,0.011222,0.011222,0.011222,Panama Canal,0.011222,0.011222,0.011222,605950905,7038247,0.011615,0.000000,0.000000,1352.569683,7.393334,Taiwan,0.218188
semiconductors_and_sme,854233,854233,H6,2025,vessel_count,national,Panama Canal,0.003433,0.003433,0.003433,Panama Canal,0.003433,0.003433,0.003433,605950905,7038247,0.011615,0.000000,0.000298,1352.569683,7.393334,Taiwan,0.218188
semiconductors_and_sme,854233,854233,H6,2025,vessel_count,west,Tsugaru Strait,0.002638,0.002272,0.002683,Taiwan Strait,0.000347,0.000308,0.000458,605950905,7038247,0.011615,0.000000,0.000000,1352.569683,7.393334,Taiwan,0.218188
semiconductors_and_sme,854239,854239,H5,2018,export_share,east,Panama Canal,0.010495,0.010495,0.010495,Panama Canal,0.010495,0.010495,0.010495,8468541782,99358549,0.011733,0.000000,0.000000,1303.844029,7.669629,Taiwan,0.215077
semiconductors_and_sme,854239,854239,H5,2018,export_share,gulf,Yucatan Channel,0.010885,0.010885,0.010885,Panama Canal,0.010884,0.010884,0.010884,8468541782,99358549,0.011733,0.000000,0.000000,1303.844029,7.669629,Taiwan,0.215077
semiconductors_and_sme,854239,854239,H5,2018,export_share,national,Panama Canal,0.003007,0.003007,0.003007,Panama Canal,0.003007,0.003007,0.003007,8468541782,99358549,0.011733,0.000000,0.000000,1303.844029,7.669629,Taiwan,0.215077
semiconductors_and_sme,854239,854239,H5,2018,export_share,west,Tsugaru Strait,0.002010,0.001523,0.002024,Taiwan Strait,0.001241,0.001182,0.001607,8468541782,99358549,0.011733,0.000000,0.000000,1303.844029,7.669629,Taiwan,0.215077
semiconductors_and_sme,854239,854239,H5,2018,vessel_count,east,Panama Canal,0.010462,0.010462,0.010462,Panama Canal,0.010462,0.010462,0.010462,8468541782,99358549,0.011733,0.000000,0.000000,1303.844029,7.669629,Taiwan,0.215077
semiconductors_and_sme,854239,854239,H5,2018,vessel_count,gulf,Yucatan Channel,0.010888,0.010888,0.010888,Panama Canal,0.010888,0.010888,0.010888,8468541782,99358549,0.011733,0.000000,0.000000,1303.844029,7.669629,Taiwan,0.215077
semiconductors_and_sme,854239,854239,H5,2018,vessel_count,national,Panama Canal,0.002999,0.002999,0.002999,Panama Canal,0.002999,0.002999,0.002999,8468541782,99358549,0.011733,0.000000,0.000000,1303.844029,7.669629,Taiwan,0.215077
semiconductors_and_sme,854239,854239,H5,2018,vessel_count,west,Tsugaru Strait,0.002276,0.001962,0.002314,Taiwan Strait,0.001359,0.001227,0.001729,8468541782,99358549,0.011733,0.000000,0.000000,1303.844029,7.669629,Taiwan,0.215077
semiconductors_and_sme,854239,854239,H5,2019,export_share,east,Windward Passage,0.009961,0.009958,0.009961,Panama Canal,0.009958,0.009958,0.009958,7930773601,113588131,0.014322,0.000000,0.000000,1406.897563,7.107838,Taiwan,0.247824
semiconductors_and_sme,854239,854239,H5,2019,export_share,gulf,Yucatan Channel,0.010475,0.010475,0.010475,Panama Canal,0.010354,0.010354,0.010354,7930773601,113588131,0.014322,0.000000,0.000000,1406.897563,7.107838,Taiwan,0.247824
semiconductors_and_sme,854239,854239,H5,2019,export_share,national,Panama Canal,0.005055,0.005055,0.005055,Panama Canal,0.005055,0.005055,0.005055,7930773601,113588131,0.014322,0.000000,0.000000,1406.897563,7.107838,Taiwan,0.247824
semiconductors_and_sme,854239,854239,H5,2019,export_share,west,Panama Canal,0.002061,0.002061,0.002061,Panama Canal,0.002061,0.002061,0.002061,7930773601,113588131,0.014322,0.000000,0.000000,1406.897563,7.107838,Taiwan,0.247824
semiconductors_and_sme,854239,854239,H5,2019,vessel_count,east,Windward Passage,0.009935,0.009931,0.009935,Panama Canal,0.009931,0.009931,0.009931,7930773601,113588131,0.014322,0.000000,0.000000,1406.897563,7.107838,Taiwan,0.247824
semiconductors_and_sme,854239,854239,H5,2019,vessel_count,gulf,Yucatan Channel,0.010480,0.010480,0.010480,Panama Canal,0.010359,0.010359,0.010359,7930773601,113588131,0.014322,0.000000,0.000000,1406.897563,7.107838,Taiwan,0.247824
semiconductors_and_sme,854239,854239,H5,2019,vessel_count,national,Panama Canal,0.005045,0.005045,0.005045,Panama Canal,0.005045,0.005045,0.005045,7930773601,113588131,0.014322,0.000000,0.000000,1406.897563,7.107838,Taiwan,0.247824
semiconductors_and_sme,854239,854239,H5,2019,vessel_count,west,Panama Canal,0.002061,0.002061,0.002061,Panama Canal,0.002061,0.002061,0.002061,7930773601,113588131,0.014322,0.000000,0.000000,1406.897563,7.107838,Taiwan,0.247824
semiconductors_and_sme,854239,854239,H5,2020,export_share,east,Windward Passage,0.009590,0.009590,0.009590,Panama Canal,0.009587,0.009587,0.009587,7682271669,92885598,0.012091,0.000000,0.000000,1448.709743,6.902694,Taiwan,0.249478
semiconductors_and_sme,854239,854239,H5,2020,export_share,gulf,Yucatan Channel,0.010002,0.010002,0.010002,Panama Canal,0.009996,0.009996,0.009996,7682271669,92885598,0.012091,0.000000,0.000000,1448.709743,6.902694,Taiwan,0.249478
semiconductors_and_sme,854239,854239,H5,2020,export_share,national,Panama Canal,0.004459,0.004459,0.004459,Panama Canal,0.004459,0.004459,0.004459,7682271669,92885598,0.012091,0.000000,0.010800,1448.709743,6.902694,Taiwan,0.249478
semiconductors_and_sme,854239,854239,H5,2020,export_share,west,Tsugaru Strait,0.001956,0.001505,0.001969,Panama Canal,0.001467,0.001467,0.001467,7682271669,92885598,0.012091,0.000000,0.000000,1448.709743,6.902694,Taiwan,0.249478
semiconductors_and_sme,854239,854239,H5,2020,vessel_count,east,Windward Passage,0.009566,0.009566,0.009566,Panama Canal,0.009563,0.009563,0.009563,7682271669,92885598,0.012091,0.000000,0.000000,1448.709743,6.902694,Taiwan,0.249478
semiconductors_and_sme,854239,854239,H5,2020,vessel_count,gulf,Yucatan Channel,0.010004,0.010004,0.010004,Panama Canal,0.009999,0.009999,0.009999,7682271669,92885598,0.012091,0.000000,0.000000,1448.709743,6.902694,Taiwan,0.249478
semiconductors_and_sme,854239,854239,H5,2020,vessel_count,national,Panama Canal,0.004450,0.004450,0.004450,Panama Canal,0.004450,0.004450,0.004450,7682271669,92885598,0.012091,0.000000,0.010800,1448.709743,6.902694,Taiwan,0.249478
semiconductors_and_sme,854239,854239,H5,2020,vessel_count,west,Tsugaru Strait,0.002190,0.001899,0.002226,Panama Canal,0.001467,0.001467,0.001467,7682271669,92885598,0.012091,0.000000,0.000000,1448.709743,6.902694,Taiwan,0.249478
semiconductors_and_sme,854239,854239,H5,2021,export_share,east,Windward Passage,0.007492,0.007492,0.007492,Panama Canal,0.007490,0.007490,0.007490,10414858777,93414732,0.008969,0.000000,0.000000,1410.649895,7.088931,Taiwan,0.255633
semiconductors_and_sme,854239,854239,H5,2021,export_share,gulf,Yucatan Channel,0.007918,0.007918,0.007918,Panama Canal,0.007916,0.007916,0.007916,10414858777,93414732,0.008969,0.000000,0.000000,1410.649895,7.088931,Taiwan,0.255633
semiconductors_and_sme,854239,854239,H5,2021,export_share,national,Panama Canal,0.003557,0.003557,0.003557,Panama Canal,0.003557,0.003557,0.003557,10414858777,93414732,0.008969,0.000000,0.051745,1410.649895,7.088931,Taiwan,0.255633
semiconductors_and_sme,854239,854239,H5,2021,export_share,west,Tsugaru Strait,0.001629,0.001320,0.001639,Taiwan Strait,0.001277,0.001185,0.002139,10414858777,93414732,0.008969,0.000000,0.000000,1410.649895,7.088931,Taiwan,0.255633
semiconductors_and_sme,854239,854239,H5,2021,vessel_count,east,Windward Passage,0.007462,0.007462,0.007462,Panama Canal,0.007460,0.007460,0.007460,10414858777,93414732,0.008969,0.000000,0.000000,1410.649895,7.088931,Taiwan,0.255633
semiconductors_and_sme,854239,854239,H5,2021,vessel_count,gulf,Yucatan Channel,0.007921,0.007921,0.007921,Panama Canal,0.007919,0.007919,0.007919,10414858777,93414732,0.008969,0.000000,0.000000,1410.649895,7.088931,Taiwan,0.255633
semiconductors_and_sme,854239,854239,H5,2021,vessel_count,national,Panama Canal,0.003543,0.003543,0.003543,Panama Canal,0.003543,0.003543,0.003543,10414858777,93414732,0.008969,0.000000,0.051745,1410.649895,7.088931,Taiwan,0.255633
semiconductors_and_sme,854239,854239,H5,2021,vessel_count,west,Tsugaru Strait,0.001771,0.001571,0.001796,Taiwan Strait,0.001371,0.001169,0.002246,10414858777,93414732,0.008969,0.000000,0.000000,1410.649895,7.088931,Taiwan,0.255633
semiconductors_and_sme,854239,854239,H6,2022,export_share,east,Windward Passage,0.004297,0.004297,0.004297,Panama Canal,0.004297,0.004297,0.004297,15017269087,77180903,0.005139,0.000000,0.000000,1489.229457,6.714882,Taiwan,0.266587
semiconductors_and_sme,854239,854239,H6,2022,export_share,gulf,Yucatan Channel,0.004640,0.004640,0.004640,Panama Canal,0.004637,0.004637,0.004637,15017269087,77180903,0.005139,0.000000,0.000000,1489.229457,6.714882,Taiwan,0.266587
semiconductors_and_sme,854239,854239,H6,2022,export_share,national,Panama Canal,0.001817,0.001817,0.001817,Panama Canal,0.001817,0.001817,0.001817,15017269087,77180903,0.005139,0.000000,0.005908,1489.229457,6.714882,Taiwan,0.266587
semiconductors_and_sme,854239,854239,H6,2022,export_share,west,Tsugaru Strait,0.001182,0.001034,0.001187,Taiwan Strait,0.001106,0.001025,0.001436,15017269087,77180903,0.005139,0.000000,0.000000,1489.229457,6.714882,Taiwan,0.266587
semiconductors_and_sme,854239,854239,H6,2022,vessel_count,east,Windward Passage,0.004283,0.004283,0.004283,Panama Canal,0.004283,0.004283,0.004283,15017269087,77180903,0.005139,0.000000,0.000000,1489.229457,6.714882,Taiwan,0.266587
semiconductors_and_sme,854239,854239,H6,2022,vessel_count,gulf,Yucatan Channel,0.004643,0.004643,0.004643,Panama Canal,0.004640,0.004640,0.004640,15017269087,77180903,0.005139,0.000000,0.000000,1489.229457,6.714882,Taiwan,0.266587
semiconductors_and_sme,854239,854239,H6,2022,vessel_count,national,Panama Canal,0.001811,0.001811,0.001811,Panama Canal,0.001811,0.001811,0.001811,15017269087,77180903,0.005139,0.000000,0.005908,1489.229457,6.714882,Taiwan,0.266587
semiconductors_and_sme,854239,854239,H6,2022,vessel_count,west,Tsugaru Strait,0.001213,0.001118,0.001225,Taiwan Strait,0.001192,0.001011,0.001526,15017269087,77180903,0.005139,0.000000,0.000000,1489.229457,6.714882,Taiwan,0.266587
semiconductors_and_sme,854239,854239,H6,2023,export_share,east,Panama Canal,0.006393,0.006393,0.006393,Panama Canal,0.006393,0.006393,0.006393,12545419767,109547240,0.008732,0.000000,0.000000,1572.722433,6.358401,Taiwan,0.288240
semiconductors_and_sme,854239,854239,H6,2023,export_share,gulf,Yucatan Channel,0.007681,0.007681,0.007681,Panama Canal,0.007681,0.007681,0.007681,12545419767,109547240,0.008732,0.000000,0.000000,1572.722433,6.358401,Taiwan,0.288240
semiconductors_and_sme,854239,854239,H6,2023,export_share,national,Taiwan Strait,0.003774,0.003445,0.004264,Taiwan Strait,0.003774,0.003445,0.004264,12545419767,109547240,0.008732,0.000000,0.000000,1572.722433,6.358401,Taiwan,0.288240
semiconductors_and_sme,854239,854239,H6,2023,export_share,west,Taiwan Strait,0.004103,0.003774,0.004774,Taiwan Strait,0.004103,0.003774,0.004774,12545419767,109547240,0.008732,0.000000,0.000000,1572.722433,6.358401,Taiwan,0.288240
semiconductors_and_sme,854239,854239,H6,2023,vessel_count,east,Panama Canal,0.006373,0.006373,0.006373,Panama Canal,0.006373,0.006373,0.006373,12545419767,109547240,0.008732,0.000000,0.000000,1572.722433,6.358401,Taiwan,0.288240
semiconductors_and_sme,854239,854239,H6,2023,vessel_count,gulf,Yucatan Channel,0.007693,0.007693,0.007693,Panama Canal,0.007693,0.007693,0.007693,12545419767,109547240,0.008732,0.000000,0.000000,1572.722433,6.358401,Taiwan,0.288240
semiconductors_and_sme,854239,854239,H6,2023,vessel_count,national,Taiwan Strait,0.003864,0.003134,0.004356,Taiwan Strait,0.003864,0.003134,0.004356,12545419767,109547240,0.008732,0.000000,0.000000,1572.722433,6.358401,Taiwan,0.288240
semiconductors_and_sme,854239,854239,H6,2023,vessel_count,west,Taiwan Strait,0.004193,0.003463,0.004867,Taiwan Strait,0.004193,0.003463,0.004867,12545419767,109547240,0.008732,0.000000,0.000000,1572.722433,6.358401,Taiwan,0.288240
semiconductors_and_sme,854239,854239,H6,2024,export_share,east,Windward Passage,0.007295,0.007295,0.007295,Panama Canal,0.007295,0.007295,0.007295,8887061350,83426746,0.009387,0.000000,0.000000,1486.486715,6.727272,Taiwan,0.275627
semiconductors_and_sme,854239,854239,H6,2024,export_share,gulf,Yucatan Channel,0.007944,0.007944,0.007944,Panama Canal,0.007944,0.007944,0.007944,8887061350,83426746,0.009387,0.000000,0.000000,1486.486715,6.727272,Taiwan,0.275627
semiconductors_and_sme,854239,854239,H6,2024,export_share,national,Panama Canal,0.002980,0.002980,0.002980,Panama Canal,0.002980,0.002980,0.002980,8887061350,83426746,0.009387,0.000000,0.000349,1486.486715,6.727272,Taiwan,0.275627
semiconductors_and_sme,854239,854239,H6,2024,export_share,west,Taiwan Strait,0.002119,0.001946,0.002721,Taiwan Strait,0.002119,0.001946,0.002721,8887061350,83426746,0.009387,0.000000,0.000000,1486.486715,6.727272,Taiwan,0.275627
semiconductors_and_sme,854239,854239,H6,2024,vessel_count,east,Windward Passage,0.007274,0.007274,0.007274,Panama Canal,0.007274,0.007274,0.007274,8887061350,83426746,0.009387,0.000000,0.000000,1486.486715,6.727272,Taiwan,0.275627
semiconductors_and_sme,854239,854239,H6,2024,vessel_count,gulf,Yucatan Channel,0.007948,0.007948,0.007948,Panama Canal,0.007947,0.007947,0.007947,8887061350,83426746,0.009387,0.000000,0.000000,1486.486715,6.727272,Taiwan,0.275627
semiconductors_and_sme,854239,854239,H6,2024,vessel_count,national,Panama Canal,0.002973,0.002973,0.002973,Panama Canal,0.002973,0.002973,0.002973,8887061350,83426746,0.009387,0.000000,0.000349,1486.486715,6.727272,Taiwan,0.275627
semiconductors_and_sme,854239,854239,H6,2024,vessel_count,west,Taiwan Strait,0.002207,0.001821,0.002815,Taiwan Strait,0.002207,0.001821,0.002815,8887061350,83426746,0.009387,0.000000,0.000000,1486.486715,6.727272,Taiwan,0.275627
semiconductors_and_sme,854239,854239,H6,2025,export_share,east,Panama Canal,0.020985,0.020985,0.020985,Panama Canal,0.020985,0.020985,0.020985,6394334366,182870896,0.028599,0.000000,0.000000,1362.221913,7.340948,Taiwan,0.280241
semiconductors_and_sme,854239,854239,H6,2025,export_share,gulf,Yucatan Channel,0.026426,0.026426,0.026426,Panama Canal,0.026426,0.026426,0.026426,6394334366,182870896,0.028599,0.000000,0.000000,1362.221913,7.340948,Taiwan,0.280241
semiconductors_and_sme,854239,854239,H6,2025,export_share,national,Taiwan Strait,0.009441,0.008707,0.010016,Taiwan Strait,0.009441,0.008707,0.010016,6394334366,182870896,0.028599,0.000000,0.000369,1362.221913,7.340948,Taiwan,0.280241
semiconductors_and_sme,854239,854239,H6,2025,export_share,west,Taiwan Strait,0.011262,0.010528,0.012154,Taiwan Strait,0.011262,0.010528,0.012154,6394334366,182870896,0.028599,0.000000,0.000000,1362.221913,7.340948,Taiwan,0.280241
semiconductors_and_sme,854239,854239,H6,2025,vessel_count,east,Panama Canal,0.020961,0.020961,0.020961,Panama Canal,0.020961,0.020961,0.020961,6394334366,182870896,0.028599,0.000000,0.000000,1362.221913,7.340948,Taiwan,0.280241
semiconductors_and_sme,854239,854239,H6,2025,vessel_count,gulf,Yucatan Channel,0.026439,0.026439,0.026439,Panama Canal,0.026439,0.026439,0.026439,6394334366,182870896,0.028599,0.000000,0.000000,1362.221913,7.340948,Taiwan,0.280241
semiconductors_and_sme,854239,854239,H6,2025,vessel_count,national,Taiwan Strait,0.009558,0.007928,0.010127,Taiwan Strait,0.009558,0.007928,0.010127,6394334366,182870896,0.028599,0.000000,0.000369,1362.221913,7.340948,Taiwan,0.280241
semiconductors_and_sme,854239,854239,H6,2025,vessel_count,west,Taiwan Strait,0.011382,0.009752,0.012264,Taiwan Strait,0.011382,0.009752,0.012264,6394334366,182870896,0.028599,0.000000,0.000000,1362.221913,7.340948,Taiwan,0.280241
semiconductors_and_sme,854290,854290,H5,2018,export_share,east,Panama Canal,0.042982,0.042982,0.042982,Panama Canal,0.042982,0.042982,0.042982,323800148,17683788,0.054613,0.000000,0.000000,1831.036041,5.461389,Japan,0.350371
semiconductors_and_sme,854290,854290,H5,2018,export_share,gulf,Panama Canal,0.047394,0.047394,0.047394,Panama Canal,0.047394,0.047394,0.047394,323800148,17683788,0.054613,0.000000,0.000000,1831.036041,5.461389,Japan,0.350371
semiconductors_and_sme,854290,854290,H5,2018,export_share,national,Tsugaru Strait,0.028972,0.028971,0.028972,Taiwan Strait,0.014641,0.013982,0.017897,323800148,17683788,0.054613,0.000000,0.000157,1831.036041,5.461389,Japan,0.350371
semiconductors_and_sme,854290,854290,H5,2018,export_share,west,Tsugaru Strait,0.028976,0.028976,0.028976,Taiwan Strait,0.015299,0.014639,0.019321,323800148,17683788,0.054613,0.000000,0.000000,1831.036041,5.461389,Japan,0.350371
semiconductors_and_sme,854290,854290,H5,2018,vessel_count,east,Panama Canal,0.043097,0.043097,0.043097,Panama Canal,0.043097,0.043097,0.043097,323800148,17683788,0.054613,0.000000,0.000000,1831.036041,5.461389,Japan,0.350371
semiconductors_and_sme,854290,854290,H5,2018,vessel_count,gulf,Panama Canal,0.047379,0.047379,0.047379,Panama Canal,0.047379,0.047379,0.047379,323800148,17683788,0.054613,0.000000,0.000000,1831.036041,5.461389,Japan,0.350371
semiconductors_and_sme,854290,854290,H5,2018,vessel_count,national,Tsugaru Strait,0.025002,0.025002,0.025002,Taiwan Strait,0.018805,0.017340,0.022098,323800148,17683788,0.054613,0.000000,0.000157,1831.036041,5.461389,Japan,0.350371
semiconductors_and_sme,854290,854290,H5,2018,vessel_count,west,Tsugaru Strait,0.025006,0.025006,0.025006,Taiwan Strait,0.019488,0.018022,0.023556,323800148,17683788,0.054613,0.000000,0.000000,1831.036041,5.461389,Japan,0.350371
semiconductors_and_sme,854290,854290,H5,2019,export_share,east,Windward Passage,0.034637,0.034635,0.034637,Panama Canal,0.034635,0.034635,0.034635,267265011,12146506,0.045447,0.000000,0.000000,2070.624774,4.829460,Japan,0.414255
semiconductors_and_sme,854290,854290,H5,2019,export_share,gulf,Yucatan Channel,0.038678,0.038678,0.038678,Panama Canal,0.038614,0.038614,0.038614,267265011,12146506,0.045447,0.000000,0.000000,2070.624774,4.829460,Japan,0.414255
semiconductors_and_sme,854290,854290,H5,2019,export_share,national,Taiwan Strait,0.025064,0.022400,0.025864,Taiwan Strait,0.025064,0.022400,0.025864,267265011,12146506,0.045447,0.000000,0.000000,2070.624774,4.829460,Japan,0.414255
semiconductors_and_sme,854290,854290,H5,2019,export_share,west,Taiwan Strait,0.025415,0.022751,0.026331,Taiwan Strait,0.025415,0.022751,0.026331,267265011,12146506,0.045447,0.000000,0.000000,2070.624774,4.829460,Japan,0.414255
semiconductors_and_sme,854290,854290,H5,2019,vessel_count,east,Windward Passage,0.035265,0.035263,0.035265,Panama Canal,0.035263,0.035263,0.035263,267265011,12146506,0.045447,0.000000,0.000000,2070.624774,4.829460,Japan,0.414255
semiconductors_and_sme,854290,854290,H5,2019,vessel_count,gulf,Yucatan Channel,0.038666,0.038666,0.038666,Panama Canal,0.038602,0.038602,0.038602,267265011,12146506,0.045447,0.000000,0.000000,2070.624774,4.829460,Japan,0.414255
semiconductors_and_sme,854290,854290,H5,2019,vessel_count,national,Taiwan Strait,0.026313,0.020399,0.027109,Taiwan Strait,0.026313,0.020399,0.027109,267265011,12146506,0.045447,0.000000,0.000000,2070.624774,4.829460,Japan,0.414255
semiconductors_and_sme,854290,854290,H5,2019,vessel_count,west,Taiwan Strait,0.026672,0.020758,0.027582,Taiwan Strait,0.026672,0.020758,0.027582,267265011,12146506,0.045447,0.000000,0.000000,2070.624774,4.829460,Japan,0.414255
semiconductors_and_sme,854290,854290,H5,2020,export_share,east,Panama Canal,0.020435,0.020435,0.020435,Panama Canal,0.020435,0.020435,0.020435,274048431,7111414,0.025949,0.000000,0.000000,2234.219660,4.475836,Japan,0.419120
semiconductors_and_sme,854290,854290,H5,2020,export_share,gulf,Panama Canal,0.023503,0.023503,0.023503,Panama Canal,0.023503,0.023503,0.023503,274048431,7111414,0.025949,0.000000,0.000000,2234.219660,4.475836,Japan,0.419120
semiconductors_and_sme,854290,854290,H5,2020,export_share,national,Taiwan Strait,0.012395,0.011266,0.013084,Taiwan Strait,0.012395,0.011266,0.013084,274048431,7111414,0.025949,0.000000,0.000000,2234.219660,4.475836,Japan,0.419120
semiconductors_and_sme,854290,854290,H5,2020,export_share,west,Taiwan Strait,0.012866,0.011736,0.013727,Taiwan Strait,0.012866,0.011736,0.013727,274048431,7111414,0.025949,0.000000,0.000000,2234.219660,4.475836,Japan,0.419120
semiconductors_and_sme,854290,854290,H5,2020,vessel_count,east,Panama Canal,0.020771,0.020771,0.020771,Panama Canal,0.020771,0.020771,0.020771,274048431,7111414,0.025949,0.000000,0.000000,2234.219660,4.475836,Japan,0.419120
semiconductors_and_sme,854290,854290,H5,2020,vessel_count,gulf,Panama Canal,0.023506,0.023506,0.023506,Panama Canal,0.023506,0.023506,0.023506,274048431,7111414,0.025949,0.000000,0.000000,2234.219660,4.475836,Japan,0.419120
semiconductors_and_sme,854290,854290,H5,2020,vessel_count,national,Taiwan Strait,0.013512,0.011005,0.014213,Taiwan Strait,0.013512,0.011005,0.014213,274048431,7111414,0.025949,0.000000,0.000000,2234.219660,4.475836,Japan,0.419120
semiconductors_and_sme,854290,854290,H5,2020,vessel_count,west,Taiwan Strait,0.013991,0.011483,0.014867,Taiwan Strait,0.013991,0.011483,0.014867,274048431,7111414,0.025949,0.000000,0.000000,2234.219660,4.475836,Japan,0.419120
semiconductors_and_sme,854290,854290,H5,2021,export_share,east,Panama Canal,0.042215,0.042215,0.042215,Panama Canal,0.042215,0.042215,0.042215,310056969,14959135,0.048246,0.000000,0.000000,1547.599507,6.461620,Japan,0.327203
semiconductors_and_sme,854290,854290,H5,2021,export_share,gulf,Panama Canal,0.045855,0.045855,0.045855,Panama Canal,0.045855,0.045855,0.045855,310056969,14959135,0.048246,0.000000,0.000000,1547.599507,6.461620,Japan,0.327203
semiconductors_and_sme,854290,854290,H5,2021,export_share,national,Taiwan Strait,0.030077,0.026829,0.030739,Taiwan Strait,0.030077,0.026829,0.030739,310056969,14959135,0.048246,0.000000,0.000000,1547.599507,6.461620,Japan,0.327203
semiconductors_and_sme,854290,854290,H5,2021,export_share,west,Taiwan Strait,0.030578,0.027330,0.031382,Taiwan Strait,0.030578,0.027330,0.031382,310056969,14959135,0.048246,0.000000,0.000000,1547.599507,6.461620,Japan,0.327203
semiconductors_and_sme,854290,854290,H5,2021,vessel_count,east,Panama Canal,0.042631,0.042631,0.042631,Panama Canal,0.042631,0.042631,0.042631,310056969,14959135,0.048246,0.000000,0.000000,1547.599507,6.461620,Japan,0.327203
semiconductors_and_sme,854290,854290,H5,2021,vessel_count,gulf,Panama Canal,0.045856,0.045856,0.045856,Panama Canal,0.045856,0.045856,0.045856,310056969,14959135,0.048246,0.000000,0.000000,1547.599507,6.461620,Japan,0.327203
semiconductors_and_sme,854290,854290,H5,2021,vessel_count,national,Taiwan Strait,0.031776,0.024565,0.032436,Taiwan Strait,0.031776,0.024565,0.032436,310056969,14959135,0.048246,0.000000,0.000000,1547.599507,6.461620,Japan,0.327203
semiconductors_and_sme,854290,854290,H5,2021,vessel_count,west,Taiwan Strait,0.032292,0.025081,0.033095,Taiwan Strait,0.032292,0.025081,0.033095,310056969,14959135,0.048246,0.000000,0.000000,1547.599507,6.461620,Japan,0.327203
semiconductors_and_sme,854290,854290,H6,2022,export_share,east,Panama Canal,0.019269,0.019269,0.019269,Panama Canal,0.019269,0.019269,0.019269,380081272,9881364,0.025998,0.000000,0.000000,1356.806005,7.370250,Japan,0.292489
semiconductors_and_sme,854290,854290,H6,2022,export_share,gulf,Yucatan Channel,0.024264,0.024264,0.024264,Panama Canal,0.024264,0.024264,0.024264,380081272,9881364,0.025998,0.000000,0.000000,1356.806005,7.370250,Japan,0.292489
semiconductors_and_sme,854290,854290,H6,2022,export_share,national,Tsugaru Strait,0.011139,0.011138,0.011139,Taiwan Strait,0.008079,0.007751,0.008582,380081272,9881364,0.025998,0.000000,0.000000,1356.806005,7.370250,Japan,0.292489
semiconductors_and_sme,854290,854290,H6,2022,export_share,west,Tsugaru Strait,0.011139,0.011138,0.011139,Taiwan Strait,0.009609,0.009281,0.010355,380081272,9881364,0.025998,0.000000,0.000000,1356.806005,7.370250,Japan,0.292489
semiconductors_and_sme,854290,854290,H6,2022,vessel_count,east,Panama Canal,0.019227,0.019227,0.019227,Panama Canal,0.019227,0.019227,0.019227,380081272,9881364,0.025998,0.000000,0.000000,1356.806005,7.370250,Japan,0.292489
semiconductors_and_sme,854290,854290,H6,2022,vessel_count,gulf,Yucatan Channel,0.024264,0.024264,0.024264,Panama Canal,0.024264,0.024264,0.024264,380081272,9881364,0.025998,0.000000,0.000000,1356.806005,7.370250,Japan,0.292489
semiconductors_and_sme,854290,854290,H6,2022,vessel_count,national,Taiwan Strait,0.009688,0.008959,0.010193,Taiwan Strait,0.009688,0.008959,0.010193,380081272,9881364,0.025998,0.000000,0.000000,1356.806005,7.370250,Japan,0.292489
semiconductors_and_sme,854290,854290,H6,2022,vessel_count,west,Taiwan Strait,0.011244,0.010515,0.011993,Taiwan Strait,0.011244,0.010515,0.011993,380081272,9881364,0.025998,0.000000,0.000000,1356.806005,7.370250,Japan,0.292489
semiconductors_and_sme,854290,854290,H6,2023,export_share,east,Gibraltar Strait,0.033013,0.033013,0.033013,Bab el-Mandeb Strait,0.032927,0.032927,0.032927,281420247,15318612,0.054433,0.000000,0.000000,1609.213610,6.214215,Japan,0.354524
semiconductors_and_sme,854290,854290,H6,2023,export_share,gulf,Yucatan Channel,0.033521,0.033521,0.033521,Panama Canal,0.032714,0.032714,0.032714,281420247,15318612,0.054433,0.000000,0.000000,1609.213610,6.214215,Japan,0.354524
semiconductors_and_sme,854290,854290,H6,2023,export_share,national,Gibraltar Strait,0.016417,0.016416,0.016417,Bab el-Mandeb Strait,0.016330,0.016330,0.016330,281420247,15318612,0.054433,0.000000,0.000722,1609.213610,6.214215,Japan,0.354524
semiconductors_and_sme,854290,854290,H6,2023,export_share,west,Taiwan Strait,0.021057,0.020814,0.036001,Taiwan Strait,0.021057,0.020814,0.036001,281420247,15318612,0.054433,0.000000,0.000000,1609.213610,6.214215,Japan,0.354524
semiconductors_and_sme,854290,854290,H6,2023,vessel_count,east,Gibraltar Strait,0.032518,0.032517,0.032518,Bab el-Mandeb Strait,0.032445,0.032445,0.032445,281420247,15318612,0.054433,0.000000,0.000000,1609.213610,6.214215,Japan,0.354524
semiconductors_and_sme,854290,854290,H6,2023,vessel_count,gulf,Yucatan Channel,0.033620,0.033620,0.033620,Panama Canal,0.032886,0.032886,0.032886,281420247,15318612,0.054433,0.000000,0.000000,1609.213610,6.214215,Japan,0.354524
semiconductors_and_sme,854290,854290,H6,2023,vessel_count,national,Panama Canal,0.016490,0.016490,0.016490,Panama Canal,0.016490,0.016490,0.016490,281420247,15318612,0.054433,0.000000,0.000722,1609.213610,6.214215,Japan,0.354524
semiconductors_and_sme,854290,854290,H6,2023,vessel_count,west,Taiwan Strait,0.022466,0.021927,0.037421,Taiwan Strait,0.022466,0.021927,0.037421,281420247,15318612,0.054433,0.000000,0.000000,1609.213610,6.214215,Japan,0.354524
semiconductors_and_sme,854290,854290,H6,2024,export_share,east,Gibraltar Strait,0.154534,0.154534,0.154534,Bab el-Mandeb Strait,0.153888,0.153888,0.153888,313913549,55941889,0.178208,0.000000,0.000000,1070.716038,9.339544,Japan,0.188570
semiconductors_and_sme,854290,854290,H6,2024,export_share,gulf,Panama Canal,0.091368,0.091368,0.091368,Panama Canal,0.091368,0.091368,0.091368,313913549,55941889,0.178208,0.000000,0.000000,1070.716038,9.339544,Japan,0.188570
semiconductors_and_sme,854290,854290,H6,2024,export_share,national,Malacca Strait,0.084367,0.071140,0.105698,Bab el-Mandeb Strait,0.072081,0.072081,0.072081,313913549,55941889,0.178208,0.000000,0.000167,1070.716038,9.339544,Japan,0.188570
semiconductors_and_sme,854290,854290,H6,2024,export_share,west,Taiwan Strait,0.077812,0.077375,0.152812,Taiwan Strait,0.077812,0.077375,0.152812,313913549,55941889,0.178208,0.000000,0.000000,1070.716038,9.339544,Japan,0.188570
semiconductors_and_sme,854290,854290,H6,2024,vessel_count,east,Gibraltar Strait,0.153858,0.153858,0.153858,Bab el-Mandeb Strait,0.153211,0.153211,0.153211,313913549,55941889,0.178208,0.000000,0.000000,1070.716038,9.339544,Japan,0.188570
semiconductors_and_sme,854290,854290,H6,2024,vessel_count,gulf,Panama Canal,0.091579,0.091579,0.091579,Panama Canal,0.091579,0.091579,0.091579,313913549,55941889,0.178208,0.000000,0.000000,1070.716038,9.339544,Japan,0.188570
semiconductors_and_sme,854290,854290,H6,2024,vessel_count,national,Malacca Strait,0.084886,0.070999,0.103947,Bab el-Mandeb Strait,0.071773,0.071773,0.071773,313913549,55941889,0.178208,0.000000,0.000167,1070.716038,9.339544,Japan,0.188570
semiconductors_and_sme,854290,854290,H6,2024,vessel_count,west,Taiwan Strait,0.077796,0.076826,0.153796,Taiwan Strait,0.077796,0.076826,0.153796,313913549,55941889,0.178208,0.000000,0.000000,1070.716038,9.339544,Japan,0.188570
semiconductors_and_sme,854290,854290,H6,2025,export_share,east,Gibraltar Strait,0.038716,0.038713,0.038716,Suez Canal,0.036881,0.036792,0.036881,387486160,27765004,0.071654,0.000000,0.000000,1275.170668,7.842088,Japan,0.289146
semiconductors_and_sme,854290,854290,H6,2025,export_share,gulf,Yucatan Channel,0.055783,0.055783,0.055783,Panama Canal,0.049994,0.049994,0.049994,387486160,27765004,0.071654,0.000000,0.000000,1275.170668,7.842088,Japan,0.289146
semiconductors_and_sme,854290,854290,H6,2025,export_share,national,Panama Canal,0.017982,0.017982,0.017982,Panama Canal,0.017982,0.017982,0.017982,387486160,27765004,0.071654,0.000000,0.000000,1275.170668,7.842088,Japan,0.289146
semiconductors_and_sme,854290,854290,H6,2025,export_share,west,Makassar Strait,0.016912,0.016912,0.016912,Panama Canal,0.015471,0.015471,0.015471,387486160,27765004,0.071654,0.000000,0.000000,1275.170668,7.842088,Japan,0.289146
semiconductors_and_sme,854290,854290,H6,2025,vessel_count,east,Gibraltar Strait,0.036746,0.036745,0.036746,Suez Canal,0.034775,0.034692,0.034775,387486160,27765004,0.071654,0.000000,0.000000,1275.170668,7.842088,Japan,0.289146
semiconductors_and_sme,854290,854290,H6,2025,vessel_count,gulf,Yucatan Channel,0.053481,0.053481,0.053481,Panama Canal,0.049825,0.049825,0.049825,387486160,27765004,0.071654,0.000000,0.000000,1275.170668,7.842088,Japan,0.289146
semiconductors_and_sme,854290,854290,H6,2025,vessel_count,national,Panama Canal,0.018491,0.018491,0.018491,Panama Canal,0.018491,0.018491,0.018491,387486160,27765004,0.071654,0.000000,0.000000,1275.170668,7.842088,Japan,0.289146
semiconductors_and_sme,854290,854290,H6,2025,vessel_count,west,Panama Canal,0.014727,0.014727,0.014727,Panama Canal,0.014727,0.014727,0.014727,387486160,27765004,0.071654,0.000000,0.000000,1275.170668,7.842088,Japan,0.289146
