basket,canonical_product_id,year,partner_code,partner_iso3,partner_name,is_aggregate_partner,import_value_usd,share,rank
rare_earths_and_magnets,280530,2018,156,CHN,China,f,6081534.0,0.768327,1
rare_earths_and_magnets,280530,2018,643,RUS,Russian Federation,f,1212129.0,0.153138,2
rare_earths_and_magnets,280530,2018,392,JPN,Japan,f,287121.0,0.036274,3
rare_earths_and_magnets,280530,2018,826,GBR,United Kingdom,f,129299.0,0.016335,4
rare_earths_and_magnets,280530,2018,40,AUT,Austria,f,126485.0,0.015980,5
rare_earths_and_magnets,280530,2018,251,FRA,France,f,39169.0,0.004949,6
rare_earths_and_magnets,280530,2018,410,KOR,Rep. of Korea,f,37461.0,0.004733,7
rare_earths_and_magnets,280530,2018,276,DEU,Germany,f,2100.0,0.000265,8
rare_earths_and_magnets,280530,2019,156,CHN,China,f,5639426.0,0.680972,1
rare_earths_and_magnets,280530,2019,643,RUS,Russian Federation,f,1320683.0,0.159475,2
rare_earths_and_magnets,280530,2019,344,HKG,"China, Hong Kong SAR",f,959610.0,0.115875,3
rare_earths_and_magnets,280530,2019,826,GBR,United Kingdom,f,153020.0,0.018477,4
rare_earths_and_magnets,280530,2019,40,AUT,Austria,f,92275.0,0.011142,5
rare_earths_and_magnets,280530,2019,392,JPN,Japan,f,87596.0,0.010577,6
rare_earths_and_magnets,280530,2019,251,FRA,France,f,25374.0,0.003064,7
rare_earths_and_magnets,280530,2019,276,DEU,Germany,f,3449.0,0.000416,8
rare_earths_and_magnets,280530,2020,156,CHN,China,f,6675957.0,0.743585,1
rare_earths_and_magnets,280530,2020,643,RUS,Russian Federation,f,1987550.0,0.221378,2
rare_earths_and_magnets,280530,2020,392,JPN,Japan,f,200878.0,0.022374,3
rare_earths_and_magnets,280530,2020,251,FRA,France,f,42100.0,0.004689,4
rare_earths_and_magnets,280530,2020,826,GBR,United Kingdom,f,39364.0,0.004384,5
rare_earths_and_magnets,280530,2020,410,KOR,Rep. of Korea,f,9650.0,0.001075,6
rare_earths_and_magnets,280530,2020,40,AUT,Austria,f,9450.0,0.001053,7
rare_earths_and_magnets,280530,2020,376,ISR,Israel,f,5585.0,0.000622,8
rare_earths_and_magnets,280530,2020,458,MYS,Malaysia,f,4562.0,0.000508,9
rare_earths_and_magnets,280530,2020,699,IND,India,f,2975.0,0.000331,10
rare_earths_and_magnets,280530,2021,156,CHN,China,f,10967569.0,0.629541,1
rare_earths_and_magnets,280530,2021,643,RUS,Russian Federation,f,5897321.0,0.338508,2
rare_earths_and_magnets,280530,2021,826,GBR,United Kingdom,f,181570.0,0.010422,3
rare_earths_and_magnets,280530,2021,392,JPN,Japan,f,169939.0,0.009755,4
rare_earths_and_magnets,280530,2021,528,NLD,Netherlands,f,74415.0,0.004271,5
rare_earths_and_magnets,280530,2021,124,CAN,Canada,f,74075.0,0.004252,6
rare_earths_and_magnets,280530,2021,276,DEU,Germany,f,40600.0,0.002330,7
rare_earths_and_magnets,280530,2021,251,FRA,France,f,6321.0,0.000363,8
rare_earths_and_magnets,280530,2021,490,TWN,Taiwan,f,5240.0,0.000301,9
rare_earths_and_magnets,280530,2021,410,KOR,Rep. of Korea,f,4486.0,0.000257,10
rare_earths_and_magnets,280530,2022,156,CHN,China,f,16740924.0,0.934090,1
rare_earths_and_magnets,280530,2022,643,RUS,Russian Federation,f,287000.0,0.016014,2
rare_earths_and_magnets,280530,2022,826,GBR,United Kingdom,f,263765.0,0.014717,3
rare_earths_and_magnets,280530,2022,40,AUT,Austria,f,253150.0,0.014125,4
rare_earths_and_magnets,280530,2022,276,DEU,Germany,f,145266.0,0.008105,5
rare_earths_and_magnets,280530,2022,36,AUS,Australia,f,110300.0,0.006154,6
rare_earths_and_magnets,280530,2022,392,JPN,Japan,f,107485.0,0.005997,7
rare_earths_and_magnets,280530,2022,410,KOR,Rep. of Korea,f,9950.0,0.000555,8
rare_earths_and_magnets,280530,2022,344,HKG,"China, Hong Kong SAR",f,4343.0,0.000242,9
rare_earths_and_magnets,280530,2023,156,CHN,China,f,21816502.0,0.987334,1
rare_earths_and_magnets,280530,2023,826,GBR,United Kingdom,f,132557.0,0.005999,2
rare_earths_and_magnets,280530,2023,704,VNM,Viet Nam,f,52000.0,0.002353,3
rare_earths_and_magnets,280530,2023,392,JPN,Japan,f,29348.0,0.001328,4
rare_earths_and_magnets,280530,2023,276,DEU,Germany,f,23030.0,0.001042,5
rare_earths_and_magnets,280530,2023,528,NLD,Netherlands,f,10981.0,0.000497,6
rare_earths_and_magnets,280530,2023,380,ITA,Italy,f,7482.0,0.000339,7
rare_earths_and_magnets,280530,2023,203,CZE,Czechia,f,6850.0,0.000310,8
rare_earths_and_magnets,280530,2023,792,TUR,Türkiye,f,6842.0,0.000310,9
rare_earths_and_magnets,280530,2023,124,CAN,Canada,f,4269.0,0.000193,10
rare_earths_and_magnets,280530,2023,251,FRA,France,f,3313.0,0.000150,11
rare_earths_and_magnets,280530,2023,344,HKG,"China, Hong Kong SAR",f,3201.0,0.000145,12
rare_earths_and_magnets,280530,2024,156,CHN,China,f,3672400.0,0.782064,1
rare_earths_and_magnets,280530,2024,124,CAN,Canada,f,455279.0,0.096955,2
rare_earths_and_magnets,280530,2024,826,GBR,United Kingdom,f,381020.0,0.081141,3
rare_earths_and_magnets,280530,2024,392,JPN,Japan,f,78328.0,0.016681,4
rare_earths_and_magnets,280530,2024,528,NLD,Netherlands,f,43232.0,0.009207,5
rare_earths_and_magnets,280530,2024,410,KOR,Rep. of Korea,f,27406.0,0.005836,6
rare_earths_and_magnets,280530,2024,344,HKG,"China, Hong Kong SAR",f,12352.0,0.002630,7
rare_earths_and_magnets,280530,2024,792,TUR,Türkiye,f,8752.0,0.001864,8
rare_earths_and_magnets,280530,2024,203,CZE,Czechia,f,8300.0,0.001768,9
rare_earths_and_magnets,280530,2024,276,DEU,Germany,f,6193.0,0.001319,10
rare_earths_and_magnets,280530,2024,36,AUS,Australia,f,2515.0,0.000536,11
rare_earths_and_magnets,280530,2025,156,CHN,China,f,6752296.0,0.825260,1
rare_earths_and_magnets,280530,2025,410,KOR,Rep. of Korea,f,756501.0,0.092459,2
rare_earths_and_magnets,280530,2025,826,GBR,United Kingdom,f,339684.0,0.041516,3
rare_earths_and_magnets,280530,2025,792,TUR,Türkiye,f,258218.0,0.031559,4
rare_earths_and_magnets,280530,2025,392,JPN,Japan,f,43584.0,0.005327,5
rare_earths_and_magnets,280530,2025,344,HKG,"China, Hong Kong SAR",f,12201.0,0.001491,6
rare_earths_and_magnets,280530,2025,699,IND,India,f,7520.0,0.000919,7
rare_earths_and_magnets,280530,2025,251,FRA,France,f,3596.0,0.000440,8
rare_earths_and_magnets,280530,2025,40,AUT,Austria,f,3266.0,0.000399,9
rare_earths_and_magnets,280530,2025,490,TWN,Taiwan,f,3026.0,0.000370,10
rare_earths_and_magnets,280530,2025,276,DEU,Germany,f,2131.0,0.000260,11
rare_earths_and_magnets,284610,2018,392,JPN,Japan,f,18509530.0,0.438407,1
rare_earths_and_magnets,284610,2018,156,CHN,China,f,12361320.0,0.292784,2
rare_earths_and_magnets,284610,2018,410,KOR,Rep. of Korea,f,7274239.0,0.172294,3
rare_earths_and_magnets,284610,2018,233,EST,Estonia,f,1938873.0,0.045923,4
rare_earths_and_magnets,284610,2018,40,AUT,Austria,f,1330621.0,0.031516,5
rare_earths_and_magnets,284610,2018,251,FRA,France,f,390780.0,0.009256,6
rare_earths_and_magnets,284610,2018,699,IND,India,f,221442.0,0.005245,7
rare_earths_and_magnets,284610,2018,276,DEU,Germany,f,82215.0,0.001947,8
rare_earths_and_magnets,284610,2018,826,GBR,United Kingdom,f,56750.0,0.001344,9
rare_earths_and_magnets,284610,2018,643,RUS,Russian Federation,f,33717.0,0.000799,10
rare_earths_and_magnets,284610,2018,124,CAN,Canada,f,17806.0,0.000422,11
rare_earths_and_magnets,284610,2018,724,ESP,Spain,f,2665.0,0.000063,12
rare_earths_and_magnets,284610,2019,392,JPN,Japan,f,23791840.0,0.573137,1
rare_earths_and_magnets,284610,2019,156,CHN,China,f,8262139.0,0.199032,2
rare_earths_and_magnets,284610,2019,410,KOR,Rep. of Korea,f,6481061.0,0.156126,3
rare_earths_and_magnets,284610,2019,233,EST,Estonia,f,1509262.0,0.036358,4
rare_earths_and_magnets,284610,2019,40,AUT,Austria,f,948381.0,0.022846,5
rare_earths_and_magnets,284610,2019,251,FRA,France,f,251851.0,0.006067,6
rare_earths_and_magnets,284610,2019,702,SGP,Singapore,f,88400.0,0.002130,7
rare_earths_and_magnets,284610,2019,276,DEU,Germany,f,64345.0,0.001550,8
rare_earths_and_magnets,284610,2019,699,IND,India,f,49776.0,0.001199,9
rare_earths_and_magnets,284610,2019,643,RUS,Russian Federation,f,21607.0,0.000521,10
rare_earths_and_magnets,284610,2019,826,GBR,United Kingdom,f,19774.0,0.000476,11
rare_earths_and_magnets,284610,2019,490,TWN,Taiwan,f,19640.0,0.000473,12
rare_earths_and_magnets,284610,2019,724,ESP,Spain,f,3535.0,0.000085,13
rare_earths_and_magnets,284610,2020,392,JPN,Japan,f,21792416.0,0.691623,1
rare_earths_and_magnets,284610,2020,156,CHN,China,f,7387171.0,0.234446,2
rare_earths_and_magnets,284610,2020,40,AUT,Austria,f,867654.0,0.027537,3
rare_earths_and_magnets,284610,2020,233,EST,Estonia,f,848646.0,0.026933,4
rare_earths_and_magnets,284610,2020,251,FRA,France,f,438198.0,0.013907,5
rare_earths_and_magnets,284610,2020,276,DEU,Germany,f,65472.0,0.002078,6
rare_earths_and_magnets,284610,2020,643,RUS,Russian Federation,f,29419.0,0.000934,7
rare_earths_and_magnets,284610,2020,410,KOR,Rep. of Korea,f,26840.0,0.000852,8
rare_earths_and_magnets,284610,2020,490,TWN,Taiwan,f,23277.0,0.000739,9
rare_earths_and_magnets,284610,2020,826,GBR,United Kingdom,f,20962.0,0.000665,10
rare_earths_and_magnets,284610,2020,36,AUS,Australia,f,9050.0,0.000287,11
rare_earths_and_magnets,284610,2021,392,JPN,Japan,f,22467213.0,0.700811,1
rare_earths_and_magnets,284610,2021,156,CHN,China,f,4525992.0,0.141177,2
rare_earths_and_magnets,284610,2021,40,AUT,Austria,f,1716162.0,0.053532,3
rare_earths_and_magnets,284610,2021,233,EST,Estonia,f,1415286.0,0.044146,4
rare_earths_and_magnets,284610,2021,251,FRA,France,f,807521.0,0.025189,5
rare_earths_and_magnets,284610,2021,616,POL,Poland,f,426000.0,0.013288,6
rare_earths_and_magnets,284610,2021,410,KOR,Rep. of Korea,f,322714.0,0.010066,7
rare_earths_and_magnets,284610,2021,458,MYS,Malaysia,f,157896.0,0.004925,8
rare_earths_and_magnets,284610,2021,490,TWN,Taiwan,f,87912.0,0.002742,9
rare_earths_and_magnets,284610,2021,528,NLD,Netherlands,f,50263.0,0.001568,10
rare_earths_and_magnets,284610,2021,276,DEU,Germany,f,25128.0,0.000784,11
rare_earths_and_magnets,284610,2021,699,IND,India,f,23650.0,0.000738,12
rare_earths_and_magnets,284610,2021,643,RUS,Russian Federation,f,22425.0,0.000699,13
rare_earths_and_magnets,284610,2021,826,GBR,United Kingdom,f,5056.0,0.000158,14
rare_earths_and_magnets,284610,2021,579,NOR,Norway,f,3275.0,0.000102,15
rare_earths_and_magnets,284610,2021,124,CAN,Canada,f,2400.0,0.000075,16
rare_earths_and_magnets,284610,2022,392,JPN,Japan,f,23445183.0,0.718954,1
rare_earths_and_magnets,284610,2022,156,CHN,China,f,4733512.0,0.145155,2
rare_earths_and_magnets,284610,2022,40,AUT,Austria,f,1220943.0,0.037441,3
rare_earths_and_magnets,284610,2022,233,EST,Estonia,f,1118939.0,0.034313,4
rare_earths_and_magnets,284610,2022,251,FRA,France,f,749814.0,0.022993,5
rare_earths_and_magnets,284610,2022,458,MYS,Malaysia,f,607715.0,0.018636,6
rare_earths_and_magnets,284610,2022,616,POL,Poland,f,335171.0,0.010278,7
rare_earths_and_magnets,284610,2022,643,RUS,Russian Federation,f,136710.0,0.004192,8
rare_earths_and_magnets,284610,2022,410,KOR,Rep. of Korea,f,83348.0,0.002556,9
rare_earths_and_magnets,284610,2022,490,TWN,Taiwan,f,67081.0,0.002057,10
rare_earths_and_magnets,284610,2022,276,DEU,Germany,f,38386.0,0.001177,11
rare_earths_and_magnets,284610,2022,826,GBR,United Kingdom,f,30243.0,0.000927,12
rare_earths_and_magnets,284610,2022,528,NLD,Netherlands,f,19169.0,0.000588,13
rare_earths_and_magnets,284610,2022,124,CAN,Canada,f,15683.0,0.000481,14
rare_earths_and_magnets,284610,2022,579,NOR,Norway,f,5025.0,0.000154,15
rare_earths_and_magnets,284610,2022,496,MNG,Mongolia,f,3207.0,0.000098,16
rare_earths_and_magnets,284610,2023,392,JPN,Japan,f,13892338.0,0.692530,1
rare_earths_and_magnets,284610,2023,156,CHN,China,f,2794062.0,0.139283,2
rare_earths_and_magnets,284610,2023,616,POL,Poland,f,837170.0,0.041733,3
rare_earths_and_magnets,284610,2023,233,EST,Estonia,f,780991.0,0.038932,4
rare_earths_and_magnets,284610,2023,40,AUT,Austria,f,764314.0,0.038101,5
rare_earths_and_magnets,284610,2023,458,MYS,Malaysia,f,441791.0,0.022023,6
rare_earths_and_magnets,284610,2023,251,FRA,France,f,256378.0,0.012780,7
rare_earths_and_magnets,284610,2023,643,RUS,Russian Federation,f,97429.0,0.004857,8
rare_earths_and_magnets,284610,2023,490,TWN,Taiwan,f,74258.0,0.003702,9
rare_earths_and_magnets,284610,2023,276,DEU,Germany,f,58298.0,0.002906,10
rare_earths_and_magnets,284610,2023,410,KOR,Rep. of Korea,f,22704.0,0.001132,11
rare_earths_and_magnets,284610,2023,792,TUR,Türkiye,f,16583.0,0.000827,12
rare_earths_and_magnets,284610,2023,699,IND,India,f,14900.0,0.000743,13
rare_earths_and_magnets,284610,2023,579,NOR,Norway,f,5350.0,0.000267,14
rare_earths_and_magnets,284610,2023,724,ESP,Spain,f,3709.0,0.000185,15
rare_earths_and_magnets,284610,2024,392,JPN,Japan,f,13834042.0,0.713441,1
rare_earths_and_magnets,284610,2024,156,CHN,China,f,3516260.0,0.181338,2
rare_earths_and_magnets,284610,2024,40,AUT,Austria,f,959621.0,0.049489,3
rare_earths_and_magnets,284610,2024,233,EST,Estonia,f,361345.0,0.018635,4
rare_earths_and_magnets,284610,2024,458,MYS,Malaysia,f,344467.0,0.017765,5
rare_earths_and_magnets,284610,2024,251,FRA,France,f,129544.0,0.006681,6
rare_earths_and_magnets,284610,2024,124,CAN,Canada,f,88203.0,0.004549,7
rare_earths_and_magnets,284610,2024,276,DEU,Germany,f,43812.0,0.002259,8
rare_earths_and_magnets,284610,2024,699,IND,India,f,35267.0,0.001819,9
rare_earths_and_magnets,284610,2024,410,KOR,Rep. of Korea,f,20560.0,0.001060,10
rare_earths_and_magnets,284610,2024,51,ARM,Armenia,f,17011.0,0.000877,11
rare_earths_and_magnets,284610,2024,643,RUS,Russian Federation,f,14542.0,0.000750,12
rare_earths_and_magnets,284610,2024,826,GBR,United Kingdom,f,13803.0,0.000712,13
rare_earths_and_magnets,284610,2024,579,NOR,Norway,f,6501.0,0.000335,14
rare_earths_and_magnets,284610,2024,246,FIN,Finland,f,3518.0,0.000181,15
rare_earths_and_magnets,284610,2024,792,TUR,Türkiye,f,2100.0,0.000108,16
rare_earths_and_magnets,284610,2025,392,JPN,Japan,f,15399866.0,0.729720,1
rare_earths_and_magnets,284610,2025,156,CHN,China,f,3659287.0,0.173395,2
rare_earths_and_magnets,284610,2025,40,AUT,Austria,f,1097848.0,0.052021,3
rare_earths_and_magnets,284610,2025,251,FRA,France,f,329499.0,0.015613,4
rare_earths_and_magnets,284610,2025,458,MYS,Malaysia,f,273649.0,0.012967,5
rare_earths_and_magnets,284610,2025,490,TWN,Taiwan,f,123137.0,0.005835,6
rare_earths_and_magnets,284610,2025,724,ESP,Spain,f,68963.0,0.003268,7
rare_earths_and_magnets,284610,2025,233,EST,Estonia,f,48787.0,0.002312,8
rare_earths_and_magnets,284610,2025,276,DEU,Germany,f,40675.0,0.001927,9
rare_earths_and_magnets,284610,2025,699,IND,India,f,32644.0,0.001547,10
rare_earths_and_magnets,284610,2025,410,KOR,Rep. of Korea,f,14152.0,0.000671,11
rare_earths_and_magnets,284610,2025,792,TUR,Türkiye,f,12374.0,0.000586,12
rare_earths_and_magnets,284610,2025,826,GBR,United Kingdom,f,2907.0,0.000138,13
rare_earths_and_magnets,284690,2018,156,CHN,China,f,74933444.0,0.652729,1
rare_earths_and_magnets,284690,2018,251,FRA,France,f,10051825.0,0.087559,2
rare_earths_and_magnets,284690,2018,40,AUT,Austria,f,7991499.0,0.069612,3
rare_earths_and_magnets,284690,2018,392,JPN,Japan,f,5823476.0,0.050727,4
rare_earths_and_magnets,284690,2018,233,EST,Estonia,f,4567541.0,0.039787,5
rare_earths_and_magnets,284690,2018,458,MYS,Malaysia,f,3603890.0,0.031393,6
rare_earths_and_magnets,284690,2018,710,ZAF,South Africa,f,2717952.0,0.023675,7
rare_earths_and_magnets,284690,2018,276,DEU,Germany,f,1214258.0,0.010577,8
rare_earths_and_magnets,284690,2018,410,KOR,Rep. of Korea,f,1206409.0,0.010509,9
rare_earths_and_magnets,284690,2018,643,RUS,Russian Federation,f,611879.0,0.005330,10
rare_earths_and_magnets,284690,2018,699,IND,India,f,593701.0,0.005172,11
rare_earths_and_magnets,284690,2018,344,HKG,"China, Hong Kong SAR",f,495583.0,0.004317,12
rare_earths_and_magnets,284690,2018,380,ITA,Italy,f,275461.0,0.002399,13
rare_earths_and_magnets,284690,2018,757,CHE,Switzerland,f,239444.0,0.002086,14
rare_earths_and_magnets,284690,2018,124,CAN,Canada,f,187466.0,0.001633,15
rare_earths_and_magnets,284690,2018,36,AUS,Australia,f,100550.0,0.000876,16
rare_earths_and_magnets,284690,2018,702,SGP,Singapore,f,66000.0,0.000575,17
rare_earths_and_magnets,284690,2018,724,ESP,Spain,f,38101.0,0.000332,18
rare_earths_and_magnets,284690,2018,144,LKA,Sri Lanka,f,35325.0,0.000308,19
rare_earths_and_magnets,284690,2018,826,GBR,United Kingdom,f,28873.0,0.000252,20
rare_earths_and_magnets,284690,2018,203,CZE,Czechia,f,12039.0,0.000105,21
rare_earths_and_magnets,284690,2018,32,ARG,Argentina,f,5574.0,0.000049,22
rare_earths_and_magnets,284690,2019,156,CHN,China,f,78022796.0,0.684462,1
rare_earths_and_magnets,284690,2019,40,AUT,Austria,f,7352925.0,0.064504,2
rare_earths_and_magnets,284690,2019,392,JPN,Japan,f,7154642.0,0.062765,3
rare_earths_and_magnets,284690,2019,251,FRA,France,f,5507563.0,0.048316,4
rare_earths_and_magnets,284690,2019,458,MYS,Malaysia,f,4650258.0,0.040795,5
rare_earths_and_magnets,284690,2019,710,ZAF,South Africa,f,2776421.0,0.024356,6
rare_earths_and_magnets,284690,2019,276,DEU,Germany,f,2738881.0,0.024027,7
rare_earths_and_magnets,284690,2019,233,EST,Estonia,f,2019920.0,0.017720,8
rare_earths_and_magnets,284690,2019,410,KOR,Rep. of Korea,f,1618678.0,0.014200,9
rare_earths_and_magnets,284690,2019,643,RUS,Russian Federation,f,914974.0,0.008027,10
rare_earths_and_magnets,284690,2019,380,ITA,Italy,f,541893.0,0.004754,11
rare_earths_and_magnets,284690,2019,699,IND,India,f,232595.0,0.002040,12
rare_earths_and_magnets,284690,2019,124,CAN,Canada,f,189991.0,0.001667,13
rare_earths_and_magnets,284690,2019,344,HKG,"China, Hong Kong SAR",f,112067.0,0.000983,14
rare_earths_and_magnets,284690,2019,757,CHE,Switzerland,f,80589.0,0.000707,15
rare_earths_and_magnets,284690,2019,36,AUS,Australia,f,26675.0,0.000234,16
rare_earths_and_magnets,284690,2019,826,GBR,United Kingdom,f,19574.0,0.000172,17
rare_earths_and_magnets,284690,2019,203,CZE,Czechia,f,13116.0,0.000115,18
rare_earths_and_magnets,284690,2019,490,TWN,Taiwan,f,10950.0,0.000096,19
rare_earths_and_magnets,284690,2019,579,NOR,Norway,f,6888.0,0.000060,20
rare_earths_and_magnets,284690,2020,156,CHN,China,f,38262532.0,0.573311,1
rare_earths_and_magnets,284690,2020,392,JPN,Japan,f,9415058.0,0.141072,2
rare_earths_and_magnets,284690,2020,40,AUT,Austria,f,4554336.0,0.068240,3
rare_earths_and_magnets,284690,2020,251,FRA,France,f,3860364.0,0.057842,4
rare_earths_and_magnets,284690,2020,458,MYS,Malaysia,f,2176421.0,0.032611,5
rare_earths_and_magnets,284690,2020,276,DEU,Germany,f,1574209.0,0.023587,6
rare_earths_and_magnets,284690,2020,380,ITA,Italy,f,1383812.0,0.020735,7
rare_earths_and_magnets,284690,2020,410,KOR,Rep. of Korea,f,1383407.0,0.020728,8
rare_earths_and_magnets,284690,2020,233,EST,Estonia,f,1225767.0,0.018366,9
rare_earths_and_magnets,284690,2020,710,ZAF,South Africa,f,1202034.0,0.018011,10
rare_earths_and_magnets,284690,2020,699,IND,India,f,841906.0,0.012615,11
rare_earths_and_magnets,284690,2020,643,RUS,Russian Federation,f,431294.0,0.006462,12
rare_earths_and_magnets,284690,2020,757,CHE,Switzerland,f,208766.0,0.003128,13
rare_earths_and_magnets,284690,2020,124,CAN,Canada,f,151984.0,0.002277,14
rare_earths_and_magnets,284690,2020,702,SGP,Singapore,f,17195.0,0.000258,15
rare_earths_and_magnets,284690,2020,203,CZE,Czechia,f,15521.0,0.000233,16
rare_earths_and_magnets,284690,2020,56,BEL,Belgium,f,14240.0,0.000213,17
rare_earths_and_magnets,284690,2020,579,NOR,Norway,f,10745.0,0.000161,18
rare_earths_and_magnets,284690,2020,490,TWN,Taiwan,f,9946.0,0.000149,19
rare_earths_and_magnets,284690,2021,156,CHN,China,f,69427311.0,0.646012,1
rare_earths_and_magnets,284690,2021,392,JPN,Japan,f,8340190.0,0.077604,2
rare_earths_and_magnets,284690,2021,251,FRA,France,f,5663097.0,0.052694,3
rare_earths_and_magnets,284690,2021,40,AUT,Austria,f,5230839.0,0.048672,4
rare_earths_and_magnets,284690,2021,458,MYS,Malaysia,f,4450540.0,0.041412,5
rare_earths_and_magnets,284690,2021,710,ZAF,South Africa,f,4249899.0,0.039545,6
rare_earths_and_magnets,284690,2021,410,KOR,Rep. of Korea,f,2206788.0,0.020534,7
rare_earths_and_magnets,284690,2021,276,DEU,Germany,f,2123688.0,0.019761,8
rare_earths_and_magnets,284690,2021,233,EST,Estonia,f,1603323.0,0.014919,9
rare_earths_and_magnets,284690,2021,699,IND,India,f,1362603.0,0.012679,10
rare_earths_and_magnets,284690,2021,643,RUS,Russian Federation,f,891087.0,0.008291,11
rare_earths_and_magnets,284690,2021,528,NLD,Netherlands,f,807606.0,0.007515,12
rare_earths_and_magnets,284690,2021,380,ITA,Italy,f,666070.0,0.006198,13
rare_earths_and_magnets,284690,2021,757,CHE,Switzerland,f,161856.0,0.001506,14
rare_earths_and_magnets,284690,2021,124,CAN,Canada,f,146841.0,0.001366,15
rare_earths_and_magnets,284690,2021,344,HKG,"China, Hong Kong SAR",f,60230.0,0.000560,16
rare_earths_and_magnets,284690,2021,214,DOM,Dominican Rep.,f,40106.0,0.000373,17
rare_earths_and_magnets,284690,2021,376,ISR,Israel,f,18650.0,0.000174,18
rare_earths_and_magnets,284690,2021,826,GBR,United Kingdom,f,16248.0,0.000151,19
rare_earths_and_magnets,284690,2021,56,BEL,Belgium,f,3650.0,0.000034,20
rare_earths_and_magnets,284690,2022,156,CHN,China,f,116960911.0,0.710109,1
rare_earths_and_magnets,284690,2022,392,JPN,Japan,f,14796061.0,0.089832,2
rare_earths_and_magnets,284690,2022,40,AUT,Austria,f,7084859.0,0.043015,3
rare_earths_and_magnets,284690,2022,458,MYS,Malaysia,f,6290260.0,0.038190,4
rare_earths_and_magnets,284690,2022,251,FRA,France,f,6107673.0,0.037082,5
rare_earths_and_magnets,284690,2022,710,ZAF,South Africa,f,4431492.0,0.026905,6
rare_earths_and_magnets,284690,2022,233,EST,Estonia,f,2890923.0,0.017552,7
rare_earths_and_magnets,284690,2022,410,KOR,Rep. of Korea,f,1963279.0,0.011920,8
rare_earths_and_magnets,284690,2022,643,RUS,Russian Federation,f,1516218.0,0.009205,9
rare_earths_and_magnets,284690,2022,276,DEU,Germany,f,959606.0,0.005826,10
rare_earths_and_magnets,284690,2022,380,ITA,Italy,f,843156.0,0.005119,11
rare_earths_and_magnets,284690,2022,528,NLD,Netherlands,f,388045.0,0.002356,12
rare_earths_and_magnets,284690,2022,699,IND,India,f,213208.0,0.001294,13
rare_earths_and_magnets,284690,2022,757,CHE,Switzerland,f,139861.0,0.000849,14
rare_earths_and_magnets,284690,2022,826,GBR,United Kingdom,f,41817.0,0.000254,15
rare_earths_and_magnets,284690,2022,579,NOR,Norway,f,29050.0,0.000176,16
rare_earths_and_magnets,284690,2022,124,CAN,Canada,f,16564.0,0.000101,17
rare_earths_and_magnets,284690,2022,724,ESP,Spain,f,12650.0,0.000077,18
rare_earths_and_magnets,284690,2022,56,BEL,Belgium,f,11793.0,0.000072,19
rare_earths_and_magnets,284690,2022,376,ISR,Israel,f,8856.0,0.000054,20
rare_earths_and_magnets,284690,2022,792,TUR,Türkiye,f,2089.0,0.000013,21
rare_earths_and_magnets,284690,2023,156,CHN,China,f,108374428.0,0.672263,1
rare_earths_and_magnets,284690,2023,251,FRA,France,f,20819436.0,0.129146,2
rare_earths_and_magnets,284690,2023,392,JPN,Japan,f,8580343.0,0.053225,3
rare_earths_and_magnets,284690,2023,710,ZAF,South Africa,f,5235876.0,0.032479,4
rare_earths_and_magnets,284690,2023,40,AUT,Austria,f,5165305.0,0.032041,5
rare_earths_and_magnets,284690,2023,458,MYS,Malaysia,f,5090730.0,0.031579,6
rare_earths_and_magnets,284690,2023,410,KOR,Rep. of Korea,f,2382352.0,0.014778,7
rare_earths_and_magnets,284690,2023,276,DEU,Germany,f,1470647.0,0.009123,8
rare_earths_and_magnets,284690,2023,643,RUS,Russian Federation,f,1245336.0,0.007725,9
rare_earths_and_magnets,284690,2023,233,EST,Estonia,f,1240615.0,0.007696,10
rare_earths_and_magnets,284690,2023,380,ITA,Italy,f,652213.0,0.004046,11
rare_earths_and_magnets,284690,2023,699,IND,India,f,407674.0,0.002529,12
rare_earths_and_magnets,284690,2023,124,CAN,Canada,f,138554.0,0.000859,13
rare_earths_and_magnets,284690,2023,792,TUR,Türkiye,f,99529.0,0.000617,14
rare_earths_and_magnets,284690,2023,36,AUS,Australia,f,91575.0,0.000568,15
rare_earths_and_magnets,284690,2023,757,CHE,Switzerland,f,88595.0,0.000550,16
rare_earths_and_magnets,284690,2023,702,SGP,Singapore,f,33143.0,0.000206,17
rare_earths_and_magnets,284690,2023,724,ESP,Spain,f,29110.0,0.000181,18
rare_earths_and_magnets,284690,2023,51,ARM,Armenia,f,24549.0,0.000152,19
rare_earths_and_magnets,284690,2023,579,NOR,Norway,f,17120.0,0.000106,20
rare_earths_and_magnets,284690,2023,203,CZE,Czechia,f,14495.0,0.000090,21
rare_earths_and_magnets,284690,2023,490,TWN,Taiwan,f,3450.0,0.000021,22
rare_earths_and_magnets,284690,2023,826,GBR,United Kingdom,f,3348.0,0.000021,23
rare_earths_and_magnets,284690,2024,156,CHN,China,f,112584043.0,0.745201,1
rare_earths_and_magnets,284690,2024,251,FRA,France,f,8731155.0,0.057792,2
rare_earths_and_magnets,284690,2024,392,JPN,Japan,f,6819406.0,0.045138,3
rare_earths_and_magnets,284690,2024,40,AUT,Austria,f,6557381.0,0.043404,4
rare_earths_and_magnets,284690,2024,710,ZAF,South Africa,f,4360420.0,0.028862,5
rare_earths_and_magnets,284690,2024,276,DEU,Germany,f,2586979.0,0.017123,6
rare_earths_and_magnets,284690,2024,233,EST,Estonia,f,1940613.0,0.012845,7
rare_earths_and_magnets,284690,2024,410,KOR,Rep. of Korea,f,1798396.0,0.011904,8
rare_earths_and_magnets,284690,2024,699,IND,India,f,1485226.0,0.009831,9
rare_earths_and_magnets,284690,2024,458,MYS,Malaysia,f,1357354.0,0.008984,10
rare_earths_and_magnets,284690,2024,124,CAN,Canada,f,1175812.0,0.007783,11
rare_earths_and_magnets,284690,2024,792,TUR,Türkiye,f,750317.0,0.004966,12
rare_earths_and_magnets,284690,2024,380,ITA,Italy,f,367621.0,0.002433,13
rare_earths_and_magnets,284690,2024,376,ISR,Israel,f,243550.0,0.001612,14
rare_earths_and_magnets,284690,2024,757,CHE,Switzerland,f,102118.0,0.000676,15
rare_earths_and_magnets,284690,2024,643,RUS,Russian Federation,f,77092.0,0.000510,16
rare_earths_and_magnets,284690,2024,51,ARM,Armenia,f,41794.0,0.000277,17
rare_earths_and_magnets,284690,2024,704,VNM,Viet Nam,f,41000.0,0.000271,18
rare_earths_and_magnets,284690,2024,579,NOR,Norway,f,19502.0,0.000129,19
rare_earths_and_magnets,284690,2024,702,SGP,Singapore,f,11563.0,0.000077,20
rare_earths_and_magnets,284690,2024,826,GBR,United Kingdom,f,9675.0,0.000064,21
rare_earths_and_magnets,284690,2024,203,CZE,Czechia,f,9028.0,0.000060,22
rare_earths_and_magnets,284690,2024,56,BEL,Belgium,f,8642.0,0.000057,23
rare_earths_and_magnets,284690,2025,156,CHN,China,f,105505469.0,0.585650,1
rare_earths_and_magnets,284690,2025,251,FRA,France,f,27970253.0,0.155260,2
rare_earths_and_magnets,284690,2025,392,JPN,Japan,f,11253089.0,0.062465,3
rare_earths_and_magnets,284690,2025,40,AUT,Austria,f,7964115.0,0.044208,4
rare_earths_and_magnets,284690,2025,276,DEU,Germany,f,7097350.0,0.039397,5
rare_earths_and_magnets,284690,2025,710,ZAF,South Africa,f,5071915.0,0.028154,6
rare_earths_and_magnets,284690,2025,410,KOR,Rep. of Korea,f,3923806.0,0.021781,7
rare_earths_and_magnets,284690,2025,233,EST,Estonia,f,2727257.0,0.015139,8
rare_earths_and_magnets,284690,2025,458,MYS,Malaysia,f,2314765.0,0.012849,9
rare_earths_and_magnets,284690,2025,699,IND,India,f,1741580.0,0.009667,10
rare_earths_and_magnets,284690,2025,826,GBR,United Kingdom,f,1690515.0,0.009384,11
rare_earths_and_magnets,284690,2025,704,VNM,Viet Nam,f,1185604.0,0.006581,12
rare_earths_and_magnets,284690,2025,792,TUR,Türkiye,f,409006.0,0.002270,13
rare_earths_and_magnets,284690,2025,380,ITA,Italy,f,358150.0,0.001988,14
rare_earths_and_magnets,284690,2025,124,CAN,Canada,f,311529.0,0.001729,15
rare_earths_and_magnets,284690,2025,51,ARM,Armenia,f,249385.0,0.001384,16
rare_earths_and_magnets,284690,2025,757,CHE,Switzerland,f,152959.0,0.000849,17
rare_earths_and_magnets,284690,2025,643,RUS,Russian Federation,f,127569.0,0.000708,18
rare_earths_and_magnets,284690,2025,203,CZE,Czechia,f,36138.0,0.000201,19
rare_earths_and_magnets,284690,2025,490,TWN,Taiwan,f,29150.0,0.000162,20
rare_earths_and_magnets,284690,2025,36,AUS,Australia,f,24036.0,0.000133,21
rare_earths_and_magnets,284690,2025,579,NOR,Norway,f,4275.0,0.000024,22
rare_earths_and_magnets,284690,2025,56,BEL,Belgium,f,3184.0,0.000018,23
semiconductors_and_sme,848610,2018,392,JPN,Japan,f,71281962.0,0.422561,1
semiconductors_and_sme,848610,2018,276,DEU,Germany,f,56204826.0,0.333183,2
semiconductors_and_sme,848610,2018,702,SGP,Singapore,f,14915853.0,0.088421,3
semiconductors_and_sme,848610,2018,410,KOR,Rep. of Korea,f,8770198.0,0.051990,4
semiconductors_and_sme,848610,2018,826,GBR,United Kingdom,f,3377878.0,0.020024,5
semiconductors_and_sme,848610,2018,376,ISR,Israel,f,2931107.0,0.017376,6
semiconductors_and_sme,848610,2018,704,VNM,Viet Nam,f,2341821.0,0.013882,7
semiconductors_and_sme,848610,2018,757,CHE,Switzerland,f,2159567.0,0.012802,8
semiconductors_and_sme,848610,2018,490,TWN,Taiwan,f,1604895.0,0.009514,9
semiconductors_and_sme,848610,2018,40,AUT,Austria,f,1506342.0,0.008930,10
semiconductors_and_sme,848610,2018,156,CHN,China,f,1425411.0,0.008450,11
semiconductors_and_sme,848610,2018,458,MYS,Malaysia,f,756239.0,0.004483,12
semiconductors_and_sme,848610,2018,699,IND,India,f,469264.0,0.002782,13
semiconductors_and_sme,848610,2018,528,NLD,Netherlands,f,383643.0,0.002274,14
semiconductors_and_sme,848610,2018,251,FRA,France,f,213987.0,0.001269,15
semiconductors_and_sme,848610,2018,484,MEX,Mexico,f,203808.0,0.001208,16
semiconductors_and_sme,848610,2018,100,BGR,Bulgaria,f,65458.0,0.000388,17
semiconductors_and_sme,848610,2018,124,CAN,Canada,f,31372.0,0.000186,18
semiconductors_and_sme,848610,2018,344,HKG,"China, Hong Kong SAR",f,19848.0,0.000118,19
semiconductors_and_sme,848610,2018,752,SWE,Sweden,f,10690.0,0.000063,20
semiconductors_and_sme,848610,2018,643,RUS,Russian Federation,f,9428.0,0.000056,21
semiconductors_and_sme,848610,2018,608,PHL,Philippines,f,4785.0,0.000028,22
semiconductors_and_sme,848610,2018,554,NZL,New Zealand,f,2021.0,0.000012,23
semiconductors_and_sme,848610,2019,392,JPN,Japan,f,95055087.0,0.601033,1
semiconductors_and_sme,848610,2019,276,DEU,Germany,f,25691427.0,0.162447,2
semiconductors_and_sme,848610,2019,410,KOR,Rep. of Korea,f,16674746.0,0.105434,3
semiconductors_and_sme,848610,2019,702,SGP,Singapore,f,8474463.0,0.053584,4
semiconductors_and_sme,848610,2019,40,AUT,Austria,f,4726769.0,0.029887,5
semiconductors_and_sme,848610,2019,528,NLD,Netherlands,f,2716090.0,0.017174,6
semiconductors_and_sme,848610,2019,490,TWN,Taiwan,f,1468678.0,0.009286,7
semiconductors_and_sme,848610,2019,757,CHE,Switzerland,f,1346201.0,0.008512,8
semiconductors_and_sme,848610,2019,826,GBR,United Kingdom,f,671162.0,0.004244,9
semiconductors_and_sme,848610,2019,380,ITA,Italy,f,324690.0,0.002053,10
semiconductors_and_sme,848610,2019,376,ISR,Israel,f,233931.0,0.001479,11
semiconductors_and_sme,848610,2019,100,BGR,Bulgaria,f,152176.0,0.000962,12
semiconductors_and_sme,848610,2019,704,VNM,Viet Nam,f,136936.0,0.000866,13
semiconductors_and_sme,848610,2019,251,FRA,France,f,135761.0,0.000858,14
semiconductors_and_sme,848610,2019,156,CHN,China,f,119764.0,0.000757,15
semiconductors_and_sme,848610,2019,458,MYS,Malaysia,f,97764.0,0.000618,16
semiconductors_and_sme,848610,2019,616,POL,Poland,f,66882.0,0.000423,17
semiconductors_and_sme,848610,2019,124,CAN,Canada,f,44536.0,0.000282,18
semiconductors_and_sme,848610,2019,699,IND,India,f,10650.0,0.000067,19
semiconductors_and_sme,848610,2019,608,PHL,Philippines,f,5041.0,0.000032,20
semiconductors_and_sme,848610,2020,392,JPN,Japan,f,42916276.0,0.483745,1
semiconductors_and_sme,848610,2020,276,DEU,Germany,f,26625799.0,0.300121,2
semiconductors_and_sme,848610,2020,410,KOR,Rep. of Korea,f,10672198.0,0.120295,3
semiconductors_and_sme,848610,2020,40,AUT,Austria,f,3143723.0,0.035436,4
semiconductors_and_sme,848610,2020,757,CHE,Switzerland,f,2114282.0,0.023832,5
semiconductors_and_sme,848610,2020,826,GBR,United Kingdom,f,1335199.0,0.015050,6
semiconductors_and_sme,848610,2020,702,SGP,Singapore,f,441206.0,0.004973,7
semiconductors_and_sme,848610,2020,376,ISR,Israel,f,432223.0,0.004872,8
semiconductors_and_sme,848610,2020,156,CHN,China,f,203063.0,0.002289,9
semiconductors_and_sme,848610,2020,490,TWN,Taiwan,f,193472.0,0.002181,10
semiconductors_and_sme,848610,2020,380,ITA,Italy,f,182052.0,0.002052,11
semiconductors_and_sme,848610,2020,251,FRA,France,f,144470.0,0.001628,12
semiconductors_and_sme,848610,2020,458,MYS,Malaysia,f,134342.0,0.001514,13
semiconductors_and_sme,848610,2020,56,BEL,Belgium,f,70650.0,0.000796,14
semiconductors_and_sme,848610,2020,704,VNM,Viet Nam,f,59232.0,0.000668,15
semiconductors_and_sme,848610,2020,124,CAN,Canada,f,27470.0,0.000310,16
semiconductors_and_sme,848610,2020,100,BGR,Bulgaria,f,12379.0,0.000140,17
semiconductors_and_sme,848610,2020,699,IND,India,f,8707.0,0.000098,18
semiconductors_and_sme,848610,2021,392,JPN,Japan,f,39028495.0,0.563042,1
semiconductors_and_sme,848610,2021,276,DEU,Germany,f,14834390.0,0.214007,2
semiconductors_and_sme,848610,2021,702,SGP,Singapore,f,6215142.0,0.089662,3
semiconductors_and_sme,848610,2021,40,AUT,Austria,f,5510337.0,0.079494,4
semiconductors_and_sme,848610,2021,380,ITA,Italy,f,1400694.0,0.020207,5
semiconductors_and_sme,848610,2021,410,KOR,Rep. of Korea,f,1279974.0,0.018465,6
semiconductors_and_sme,848610,2021,156,CHN,China,f,347153.0,0.005008,7
semiconductors_and_sme,848610,2021,376,ISR,Israel,f,148590.0,0.002144,8
semiconductors_and_sme,848610,2021,458,MYS,Malaysia,f,128156.0,0.001849,9
semiconductors_and_sme,848610,2021,490,TWN,Taiwan,f,93531.0,0.001349,10
semiconductors_and_sme,848610,2021,757,CHE,Switzerland,f,60462.0,0.000872,11
semiconductors_and_sme,848610,2021,826,GBR,United Kingdom,f,52412.0,0.000756,12
semiconductors_and_sme,848610,2021,608,PHL,Philippines,f,38560.0,0.000556,13
semiconductors_and_sme,848610,2021,704,VNM,Viet Nam,f,32001.0,0.000462,14
semiconductors_and_sme,848610,2021,703,SVK,Slovakia,f,25780.0,0.000372,15
semiconductors_and_sme,848610,2021,100,BGR,Bulgaria,f,24868.0,0.000359,16
semiconductors_and_sme,848610,2021,251,FRA,France,f,23741.0,0.000342,17
semiconductors_and_sme,848610,2021,528,NLD,Netherlands,f,17605.0,0.000254,18
semiconductors_and_sme,848610,2021,36,AUS,Australia,f,13935.0,0.000201,19
semiconductors_and_sme,848610,2021,699,IND,India,f,13091.0,0.000189,20
semiconductors_and_sme,848610,2021,203,CZE,Czechia,f,10376.0,0.000150,21
semiconductors_and_sme,848610,2021,764,THA,Thailand,f,9686.0,0.000140,22
semiconductors_and_sme,848610,2021,56,BEL,Belgium,f,5223.0,0.000075,23
semiconductors_and_sme,848610,2021,124,CAN,Canada,f,3025.0,0.000044,24
semiconductors_and_sme,848610,2022,392,JPN,Japan,f,66793870.0,0.366450,1
semiconductors_and_sme,848610,2022,276,DEU,Germany,f,57808933.0,0.317156,2
semiconductors_and_sme,848610,2022,410,KOR,Rep. of Korea,f,16652590.0,0.091361,3
semiconductors_and_sme,848610,2022,490,TWN,Taiwan,f,14406213.0,0.079037,4
semiconductors_and_sme,848610,2022,702,SGP,Singapore,f,13122747.0,0.071995,5
semiconductors_and_sme,848610,2022,156,CHN,China,f,4264524.0,0.023396,6
semiconductors_and_sme,848610,2022,757,CHE,Switzerland,f,4108848.0,0.022542,7
semiconductors_and_sme,848610,2022,40,AUT,Austria,f,2282747.0,0.012524,8
semiconductors_and_sme,848610,2022,528,NLD,Netherlands,f,648898.0,0.003560,9
semiconductors_and_sme,848610,2022,344,HKG,"China, Hong Kong SAR",f,645500.0,0.003541,10
semiconductors_and_sme,848610,2022,826,GBR,United Kingdom,f,556968.0,0.003056,11
semiconductors_and_sme,848610,2022,458,MYS,Malaysia,f,271745.0,0.001491,12
semiconductors_and_sme,848610,2022,251,FRA,France,f,196369.0,0.001077,13
semiconductors_and_sme,848610,2022,208,DNK,Denmark,f,157125.0,0.000862,14
semiconductors_and_sme,848610,2022,100,BGR,Bulgaria,f,150290.0,0.000825,15
semiconductors_and_sme,848610,2022,643,RUS,Russian Federation,f,51628.0,0.000283,16
semiconductors_and_sme,848610,2022,380,ITA,Italy,f,36044.0,0.000198,17
semiconductors_and_sme,848610,2022,752,SWE,Sweden,f,34127.0,0.000187,18
semiconductors_and_sme,848610,2022,703,SVK,Slovakia,f,20000.0,0.000110,19
semiconductors_and_sme,848610,2022,376,ISR,Israel,f,19082.0,0.000105,20
semiconductors_and_sme,848610,2022,699,IND,India,f,13177.0,0.000072,21
semiconductors_and_sme,848610,2022,554,NZL,New Zealand,f,12210.0,0.000067,22
semiconductors_and_sme,848610,2022,724,ESP,Spain,f,6961.0,0.000038,23
semiconductors_and_sme,848610,2022,642,ROU,Romania,f,4255.0,0.000023,24
semiconductors_and_sme,848610,2022,36,AUS,Australia,f,3941.0,0.000022,25
semiconductors_and_sme,848610,2022,484,MEX,Mexico,f,3804.0,0.000021,26
semiconductors_and_sme,848610,2023,702,SGP,Singapore,f,101532498.0,0.377081,1
semiconductors_and_sme,848610,2023,276,DEU,Germany,f,80924077.0,0.300544,2
semiconductors_and_sme,848610,2023,392,JPN,Japan,f,57453951.0,0.213378,3
semiconductors_and_sme,848610,2023,490,TWN,Taiwan,f,7953599.0,0.029539,4
semiconductors_and_sme,848610,2023,410,KOR,Rep. of Korea,f,6057746.0,0.022498,5
semiconductors_and_sme,848610,2023,380,ITA,Italy,f,3956691.0,0.014695,6
semiconductors_and_sme,848610,2023,246,FIN,Finland,f,2947978.0,0.010948,7
semiconductors_and_sme,848610,2023,40,AUT,Austria,f,2544417.0,0.009450,8
semiconductors_and_sme,848610,2023,251,FRA,France,f,1858519.0,0.006902,9
semiconductors_and_sme,848610,2023,376,ISR,Israel,f,1615450.0,0.006000,10
semiconductors_and_sme,848610,2023,528,NLD,Netherlands,f,1313743.0,0.004879,11
semiconductors_and_sme,848610,2023,156,CHN,China,f,777877.0,0.002889,12
semiconductors_and_sme,848610,2023,458,MYS,Malaysia,f,206906.0,0.000768,13
semiconductors_and_sme,848610,2023,699,IND,India,f,38127.0,0.000142,14
semiconductors_and_sme,848610,2023,826,GBR,United Kingdom,f,24335.0,0.000090,15
semiconductors_and_sme,848610,2023,616,POL,Poland,f,20550.0,0.000076,16
semiconductors_and_sme,848610,2023,757,CHE,Switzerland,f,19993.0,0.000074,17
semiconductors_and_sme,848610,2023,56,BEL,Belgium,f,5504.0,0.000020,18
semiconductors_and_sme,848610,2023,724,ESP,Spain,f,4458.0,0.000017,19
semiconductors_and_sme,848610,2023,100,BGR,Bulgaria,f,2539.0,0.000009,20
semiconductors_and_sme,848610,2024,392,JPN,Japan,f,147767418.0,0.264609,1
semiconductors_and_sme,848610,2024,156,CHN,China,f,145277959.0,0.260151,2
semiconductors_and_sme,848610,2024,410,KOR,Rep. of Korea,f,130774858.0,0.234180,3
semiconductors_and_sme,848610,2024,276,DEU,Germany,f,69628927.0,0.124685,4
semiconductors_and_sme,848610,2024,702,SGP,Singapore,f,32849046.0,0.058823,5
semiconductors_and_sme,848610,2024,490,TWN,Taiwan,f,13780733.0,0.024677,6
semiconductors_and_sme,848610,2024,528,NLD,Netherlands,f,4099520.0,0.007341,7
semiconductors_and_sme,848610,2024,251,FRA,France,f,3592801.0,0.006434,8
semiconductors_and_sme,848610,2024,826,GBR,United Kingdom,f,2708788.0,0.004851,9
semiconductors_and_sme,848610,2024,40,AUT,Austria,f,1547920.0,0.002772,10
semiconductors_and_sme,848610,2024,579,NOR,Norway,f,1339300.0,0.002398,11
semiconductors_and_sme,848610,2024,348,HUN,Hungary,f,1324042.0,0.002371,12
semiconductors_and_sme,848610,2024,380,ITA,Italy,f,790095.0,0.001415,13
semiconductors_and_sme,848610,2024,208,DNK,Denmark,f,618859.0,0.001108,14
semiconductors_and_sme,848610,2024,458,MYS,Malaysia,f,579379.0,0.001038,15
semiconductors_and_sme,848610,2024,376,ISR,Israel,f,481091.0,0.000861,16
semiconductors_and_sme,848610,2024,704,VNM,Viet Nam,f,374500.0,0.000671,17
semiconductors_and_sme,848610,2024,757,CHE,Switzerland,f,311510.0,0.000558,18
semiconductors_and_sme,848610,2024,703,SVK,Slovakia,f,253655.0,0.000454,19
semiconductors_and_sme,848610,2024,616,POL,Poland,f,209891.0,0.000376,20
semiconductors_and_sme,848610,2024,56,BEL,Belgium,f,66270.0,0.000119,21
semiconductors_and_sme,848610,2024,484,MEX,Mexico,f,54616.0,0.000098,22
semiconductors_and_sme,848610,2024,699,IND,India,f,6402.0,0.000011,23
semiconductors_and_sme,848610,2025,392,JPN,Japan,f,162810276.0,0.351819,1
semiconductors_and_sme,848610,2025,276,DEU,Germany,f,134916079.0,0.291542,2
semiconductors_and_sme,848610,2025,702,SGP,Singapore,f,48005265.0,0.103735,3
semiconductors_and_sme,848610,2025,410,KOR,Rep. of Korea,f,38778431.0,0.083797,4
semiconductors_and_sme,848610,2025,156,CHN,China,f,36795266.0,0.079511,5
semiconductors_and_sme,848610,2025,490,TWN,Taiwan,f,18324073.0,0.039597,6
semiconductors_and_sme,848610,2025,40,AUT,Austria,f,5720716.0,0.012362,7
semiconductors_and_sme,848610,2025,251,FRA,France,f,5434649.0,0.011744,8
semiconductors_and_sme,848610,2025,757,CHE,Switzerland,f,3325698.0,0.007187,9
semiconductors_and_sme,848610,2025,528,NLD,Netherlands,f,2799457.0,0.006049,10
semiconductors_and_sme,848610,2025,376,ISR,Israel,f,1612022.0,0.003483,11
semiconductors_and_sme,848610,2025,826,GBR,United Kingdom,f,1606939.0,0.003472,12
semiconductors_and_sme,848610,2025,458,MYS,Malaysia,f,1001031.0,0.002163,13
semiconductors_and_sme,848610,2025,348,HUN,Hungary,f,786614.0,0.001700,14
semiconductors_and_sme,848610,2025,752,SWE,Sweden,f,250580.0,0.000541,15
semiconductors_and_sme,848610,2025,699,IND,India,f,210831.0,0.000456,16
semiconductors_and_sme,848610,2025,380,ITA,Italy,f,155946.0,0.000337,17
semiconductors_and_sme,848610,2025,124,CAN,Canada,f,144109.0,0.000311,18
semiconductors_and_sme,848610,2025,484,MEX,Mexico,f,39488.0,0.000085,19
semiconductors_and_sme,848610,2025,188,CRI,Costa Rica,f,34606.0,0.000075,20
semiconductors_and_sme,848610,2025,100,BGR,Bulgaria,f,10464.0,0.000023,21
semiconductors_and_sme,848610,2025,764,THA,Thailand,f,4956.0,0.000011,22
semiconductors_and_sme,848620,2018,392,JPN,Japan,f,1337844097.0,0.354437,1
semiconductors_and_sme,848620,2018,528,NLD,Netherlands,f,1067696884.0,0.282866,2
semiconductors_and_sme,848620,2018,702,SGP,Singapore,f,416382202.0,0.110313,3
semiconductors_and_sme,848620,2018,156,CHN,China,f,383771831.0,0.101673,4
semiconductors_and_sme,848620,2018,410,KOR,Rep. of Korea,f,134557737.0,0.035649,5
semiconductors_and_sme,848620,2018,276,DEU,Germany,f,90586493.0,0.023999,6
semiconductors_and_sme,848620,2018,826,GBR,United Kingdom,f,70710842.0,0.018734,7
semiconductors_and_sme,848620,2018,490,TWN,Taiwan,f,68820437.0,0.018233,8
semiconductors_and_sme,848620,2018,757,CHE,Switzerland,f,60456405.0,0.016017,9
semiconductors_and_sme,848620,2018,484,MEX,Mexico,f,47940768.0,0.012701,10
semiconductors_and_sme,848620,2018,40,AUT,Austria,f,34044581.0,0.009019,11
semiconductors_and_sme,848620,2018,251,FRA,France,f,16554845.0,0.004386,12
semiconductors_and_sme,848620,2018,458,MYS,Malaysia,f,14656182.0,0.003883,13
semiconductors_and_sme,848620,2018,376,ISR,Israel,f,7829995.0,0.002074,14
semiconductors_and_sme,848620,2018,246,FIN,Finland,f,6076890.0,0.001610,15
semiconductors_and_sme,848620,2018,616,POL,Poland,f,3298869.0,0.000874,16
semiconductors_and_sme,848620,2018,124,CAN,Canada,f,2933663.0,0.000777,17
semiconductors_and_sme,848620,2018,380,ITA,Italy,f,2620176.0,0.000694,18
semiconductors_and_sme,848620,2018,554,NZL,New Zealand,f,1178416.0,0.000312,19
semiconductors_and_sme,848620,2018,372,IRL,Ireland,f,927891.0,0.000246,20
semiconductors_and_sme,848620,2018,344,HKG,"China, Hong Kong SAR",f,748164.0,0.000198,21
semiconductors_and_sme,848620,2018,56,BEL,Belgium,f,721894.0,0.000191,22
semiconductors_and_sme,848620,2018,203,CZE,Czechia,f,681169.0,0.000180,23
semiconductors_and_sme,848620,2018,752,SWE,Sweden,f,618766.0,0.000164,24
semiconductors_and_sme,848620,2018,608,PHL,Philippines,f,599476.0,0.000159,25
semiconductors_and_sme,848620,2018,764,THA,Thailand,f,572543.0,0.000152,26
semiconductors_and_sme,848620,2018,704,VNM,Viet Nam,f,551432.0,0.000146,27
semiconductors_and_sme,848620,2018,218,ECU,Ecuador,f,383791.0,0.000102,28
semiconductors_and_sme,848620,2018,792,TUR,Türkiye,f,262078.0,0.000069,29
semiconductors_and_sme,848620,2018,440,LTU,Lithuania,f,185001.0,0.000049,30
semiconductors_and_sme,848620,2018,724,ESP,Spain,f,137960.0,0.000037,31
semiconductors_and_sme,848620,2018,699,IND,India,f,91429.0,0.000024,32
semiconductors_and_sme,848620,2018,170,COL,Colombia,f,31000.0,0.000008,33
semiconductors_and_sme,848620,2018,772,TKL,Tokelau,f,20500.0,0.000005,34
semiconductors_and_sme,848620,2018,36,AUS,Australia,f,15381.0,0.000004,35
semiconductors_and_sme,848620,2018,100,BGR,Bulgaria,f,15141.0,0.000004,36
semiconductors_and_sme,848620,2018,152,CHL,Chile,f,10960.0,0.000003,37
semiconductors_and_sme,848620,2018,710,ZAF,South Africa,f,10845.0,0.000003,38
semiconductors_and_sme,848620,2018,352,ISL,Iceland,f,8465.0,0.000002,39
semiconductors_and_sme,848620,2018,112,BLR,Belarus,f,3850.0,0.000001,40
semiconductors_and_sme,848620,2018,705,SVN,Slovenia,f,3604.0,0.000001,41
semiconductors_and_sme,848620,2018,51,ARM,Armenia,f,3557.0,0.000001,42
semiconductors_and_sme,848620,2019,392,JPN,Japan,f,2888914760.0,0.432106,1
semiconductors_and_sme,848620,2019,528,NLD,Netherlands,f,2116168833.0,0.316523,2
semiconductors_and_sme,848620,2019,702,SGP,Singapore,f,732084900.0,0.109501,3
semiconductors_and_sme,848620,2019,156,CHN,China,f,284404964.0,0.042540,4
semiconductors_and_sme,848620,2019,276,DEU,Germany,f,171624501.0,0.025671,5
semiconductors_and_sme,848620,2019,410,KOR,Rep. of Korea,f,95546472.0,0.014291,6
semiconductors_and_sme,848620,2019,826,GBR,United Kingdom,f,82144019.0,0.012287,7
semiconductors_and_sme,848620,2019,757,CHE,Switzerland,f,77821381.0,0.011640,8
semiconductors_and_sme,848620,2019,490,TWN,Taiwan,f,58209668.0,0.008707,9
semiconductors_and_sme,848620,2019,484,MEX,Mexico,f,42482140.0,0.006354,10
semiconductors_and_sme,848620,2019,458,MYS,Malaysia,f,36346691.0,0.005437,11
semiconductors_and_sme,848620,2019,40,AUT,Austria,f,30191040.0,0.004516,12
semiconductors_and_sme,848620,2019,376,ISR,Israel,f,27021086.0,0.004042,13
semiconductors_and_sme,848620,2019,251,FRA,France,f,18497488.0,0.002767,14
semiconductors_and_sme,848620,2019,246,FIN,Finland,f,5353232.0,0.000801,15
semiconductors_and_sme,848620,2019,124,CAN,Canada,f,3476448.0,0.000520,16
semiconductors_and_sme,848620,2019,616,POL,Poland,f,2698707.0,0.000404,17
semiconductors_and_sme,848620,2019,400,JOR,Jordan,f,2683060.0,0.000401,18
semiconductors_and_sme,848620,2019,380,ITA,Italy,f,2139119.0,0.000320,19
semiconductors_and_sme,848620,2019,724,ESP,Spain,f,1316489.0,0.000197,20
semiconductors_and_sme,848620,2019,554,NZL,New Zealand,f,1104998.0,0.000165,21
semiconductors_and_sme,848620,2019,372,IRL,Ireland,f,1066840.0,0.000160,22
semiconductors_and_sme,848620,2019,764,THA,Thailand,f,940444.0,0.000141,23
semiconductors_and_sme,848620,2019,608,PHL,Philippines,f,600514.0,0.000090,24
semiconductors_and_sme,848620,2019,704,VNM,Viet Nam,f,502380.0,0.000075,25
semiconductors_and_sme,848620,2019,203,CZE,Czechia,f,481368.0,0.000072,26
semiconductors_and_sme,848620,2019,344,HKG,"China, Hong Kong SAR",f,413087.0,0.000062,27
semiconductors_and_sme,848620,2019,705,SVN,Slovenia,f,386626.0,0.000058,28
semiconductors_and_sme,848620,2019,56,BEL,Belgium,f,368817.0,0.000055,29
semiconductors_and_sme,848620,2019,752,SWE,Sweden,f,355978.0,0.000053,30
semiconductors_and_sme,848620,2019,208,DNK,Denmark,f,197408.0,0.000030,31
semiconductors_and_sme,848620,2019,36,AUS,Australia,f,57911.0,0.000009,32
semiconductors_and_sme,848620,2019,699,IND,India,f,13398.0,0.000002,33
semiconductors_and_sme,848620,2019,214,DOM,Dominican Rep.,f,10189.0,0.000002,34
semiconductors_and_sme,848620,2019,100,BGR,Bulgaria,f,8331.0,0.000001,35
semiconductors_and_sme,848620,2019,348,HUN,Hungary,f,7761.0,0.000001,36
semiconductors_and_sme,848620,2019,792,TUR,Türkiye,f,5853.0,0.000001,37
semiconductors_and_sme,848620,2019,388,JAM,Jamaica,f,4580.0,0.000001,38
semiconductors_and_sme,848620,2019,144,LKA,Sri Lanka,f,4360.0,0.000001,39
semiconductors_and_sme,848620,2019,643,RUS,Russian Federation,f,4252.0,0.000001,40
semiconductors_and_sme,848620,2019,268,GEO,Georgia,f,3883.0,0.000001,41
semiconductors_and_sme,848620,2020,392,JPN,Japan,f,1552353803.0,0.419708,1
semiconductors_and_sme,848620,2020,528,NLD,Netherlands,f,556696578.0,0.150513,2
semiconductors_and_sme,848620,2020,702,SGP,Singapore,f,523102723.0,0.141430,3
semiconductors_and_sme,848620,2020,156,CHN,China,f,372103740.0,0.100605,4
semiconductors_and_sme,848620,2020,458,MYS,Malaysia,f,125955374.0,0.034054,5
semiconductors_and_sme,848620,2020,490,TWN,Taiwan,f,113920086.0,0.030800,6
semiconductors_and_sme,848620,2020,410,KOR,Rep. of Korea,f,79519819.0,0.021500,7
semiconductors_and_sme,848620,2020,484,MEX,Mexico,f,76060366.0,0.020564,8
semiconductors_and_sme,848620,2020,276,DEU,Germany,f,75231042.0,0.020340,9
semiconductors_and_sme,848620,2020,757,CHE,Switzerland,f,70732976.0,0.019124,10
semiconductors_and_sme,848620,2020,40,AUT,Austria,f,59348056.0,0.016046,11
semiconductors_and_sme,848620,2020,826,GBR,United Kingdom,f,42847146.0,0.011585,12
semiconductors_and_sme,848620,2020,251,FRA,France,f,16354918.0,0.004422,13
semiconductors_and_sme,848620,2020,376,ISR,Israel,f,12844017.0,0.003473,14
semiconductors_and_sme,848620,2020,616,POL,Poland,f,4100736.0,0.001109,15
semiconductors_and_sme,848620,2020,380,ITA,Italy,f,3567767.0,0.000965,16
semiconductors_and_sme,848620,2020,124,CAN,Canada,f,3307134.0,0.000894,17
semiconductors_and_sme,848620,2020,203,CZE,Czechia,f,3054598.0,0.000826,18
semiconductors_and_sme,848620,2020,704,VNM,Viet Nam,f,1785909.0,0.000483,19
semiconductors_and_sme,848620,2020,246,FIN,Finland,f,1489746.0,0.000403,20
semiconductors_and_sme,848620,2020,724,ESP,Spain,f,1301718.0,0.000352,21
semiconductors_and_sme,848620,2020,372,IRL,Ireland,f,802286.0,0.000217,22
semiconductors_and_sme,848620,2020,208,DNK,Denmark,f,483143.0,0.000131,23
semiconductors_and_sme,848620,2020,764,THA,Thailand,f,479365.0,0.000130,24
semiconductors_and_sme,848620,2020,792,TUR,Türkiye,f,296690.0,0.000080,25
semiconductors_and_sme,848620,2020,608,PHL,Philippines,f,289980.0,0.000078,26
semiconductors_and_sme,848620,2020,344,HKG,"China, Hong Kong SAR",f,199812.0,0.000054,27
semiconductors_and_sme,848620,2020,699,IND,India,f,156561.0,0.000042,28
semiconductors_and_sme,848620,2020,752,SWE,Sweden,f,102469.0,0.000028,29
semiconductors_and_sme,848620,2020,642,ROU,Romania,f,41800.0,0.000011,30
semiconductors_and_sme,848620,2020,554,NZL,New Zealand,f,33825.0,0.000009,31
semiconductors_and_sme,848620,2020,470,MLT,Malta,f,26150.0,0.000007,32
semiconductors_and_sme,848620,2020,56,BEL,Belgium,f,25074.0,0.000007,33
semiconductors_and_sme,848620,2020,643,RUS,Russian Federation,f,19297.0,0.000005,34
semiconductors_and_sme,848620,2020,442,LUX,Luxembourg,f,8015.0,0.000002,35
semiconductors_and_sme,848620,2020,705,SVN,Slovenia,f,4684.0,0.000001,36
semiconductors_and_sme,848620,2020,360,IDN,Indonesia,f,4338.0,0.000001,37
semiconductors_and_sme,848620,2020,620,PRT,Portugal,f,4289.0,0.000001,38
semiconductors_and_sme,848620,2021,392,JPN,Japan,f,1849281207.0,0.411669,1
semiconductors_and_sme,848620,2021,702,SGP,Singapore,f,697553843.0,0.155283,2
semiconductors_and_sme,848620,2021,528,NLD,Netherlands,f,518629203.0,0.115452,3
semiconductors_and_sme,848620,2021,156,CHN,China,f,368146107.0,0.081953,4
semiconductors_and_sme,848620,2021,458,MYS,Malaysia,f,234863308.0,0.052283,5
semiconductors_and_sme,848620,2021,490,TWN,Taiwan,f,192573112.0,0.042869,6
semiconductors_and_sme,848620,2021,410,KOR,Rep. of Korea,f,172738680.0,0.038453,7
semiconductors_and_sme,848620,2021,484,MEX,Mexico,f,98038730.0,0.021824,8
semiconductors_and_sme,848620,2021,757,CHE,Switzerland,f,92732569.0,0.020643,9
semiconductors_and_sme,848620,2021,276,DEU,Germany,f,92366599.0,0.020562,10
semiconductors_and_sme,848620,2021,40,AUT,Austria,f,51257895.0,0.011411,11
semiconductors_and_sme,848620,2021,826,GBR,United Kingdom,f,49476530.0,0.011014,12
semiconductors_and_sme,848620,2021,251,FRA,France,f,25425963.0,0.005660,13
semiconductors_and_sme,848620,2021,376,ISR,Israel,f,19719429.0,0.004390,14
semiconductors_and_sme,848620,2021,246,FIN,Finland,f,6275479.0,0.001397,15
semiconductors_and_sme,848620,2021,266,GAB,Gabon,f,4021058.0,0.000895,16
semiconductors_and_sme,848620,2021,124,CAN,Canada,f,3442341.0,0.000766,17
semiconductors_and_sme,848620,2021,616,POL,Poland,f,2644817.0,0.000589,18
semiconductors_and_sme,848620,2021,704,VNM,Viet Nam,f,2125778.0,0.000473,19
semiconductors_and_sme,848620,2021,380,ITA,Italy,f,2044546.0,0.000455,20
semiconductors_and_sme,848620,2021,608,PHL,Philippines,f,1676432.0,0.000373,21
semiconductors_and_sme,848620,2021,203,CZE,Czechia,f,1498842.0,0.000334,22
semiconductors_and_sme,848620,2021,208,DNK,Denmark,f,1299964.0,0.000289,23
semiconductors_and_sme,848620,2021,724,ESP,Spain,f,1212837.0,0.000270,24
semiconductors_and_sme,848620,2021,764,THA,Thailand,f,1164687.0,0.000259,25
semiconductors_and_sme,848620,2021,344,HKG,"China, Hong Kong SAR",f,440303.0,0.000098,26
semiconductors_and_sme,848620,2021,372,IRL,Ireland,f,366262.0,0.000082,27
semiconductors_and_sme,848620,2021,792,TUR,Türkiye,f,356807.0,0.000079,28
semiconductors_and_sme,848620,2021,36,AUS,Australia,f,128500.0,0.000029,29
semiconductors_and_sme,848620,2021,400,JOR,Jordan,f,125475.0,0.000028,30
semiconductors_and_sme,848620,2021,752,SWE,Sweden,f,95533.0,0.000021,31
semiconductors_and_sme,848620,2021,643,RUS,Russian Federation,f,95100.0,0.000021,32
semiconductors_and_sme,848620,2021,579,NOR,Norway,f,92225.0,0.000021,33
semiconductors_and_sme,848620,2021,348,HUN,Hungary,f,83590.0,0.000019,34
semiconductors_and_sme,848620,2021,699,IND,India,f,82708.0,0.000018,35
semiconductors_and_sme,848620,2021,360,IDN,Indonesia,f,29378.0,0.000007,36
semiconductors_and_sme,848620,2021,499,MNE,Montenegro,f,23598.0,0.000005,37
semiconductors_and_sme,848620,2021,480,MUS,Mauritius,f,12350.0,0.000003,38
semiconductors_and_sme,848620,2021,324,GIN,Guinea,f,5521.0,0.000001,39
semiconductors_and_sme,848620,2021,554,NZL,New Zealand,f,4169.0,0.000001,40
semiconductors_and_sme,848620,2021,120,CMR,Cameroon,f,3082.0,0.000001,41
semiconductors_and_sme,848620,2021,100,BGR,Bulgaria,f,2891.0,0.000001,42
semiconductors_and_sme,848620,2022,392,JPN,Japan,f,2979831657.0,0.455506,1
semiconductors_and_sme,848620,2022,702,SGP,Singapore,f,1083277904.0,0.165593,2
semiconductors_and_sme,848620,2022,458,MYS,Malaysia,f,488599792.0,0.074689,3
semiconductors_and_sme,848620,2022,528,NLD,Netherlands,f,408876077.0,0.062502,4
semiconductors_and_sme,848620,2022,156,CHN,China,f,348480231.0,0.053270,5
semiconductors_and_sme,848620,2022,410,KOR,Rep. of Korea,f,309920945.0,0.047375,6
semiconductors_and_sme,848620,2022,276,DEU,Germany,f,180050468.0,0.027523,7
semiconductors_and_sme,848620,2022,490,TWN,Taiwan,f,178846638.0,0.027339,8
semiconductors_and_sme,848620,2022,40,AUT,Austria,f,134193155.0,0.020513,9
semiconductors_and_sme,848620,2022,484,MEX,Mexico,f,110558496.0,0.016900,10
semiconductors_and_sme,848620,2022,826,GBR,United Kingdom,f,89658164.0,0.013705,11
semiconductors_and_sme,848620,2022,757,CHE,Switzerland,f,79929857.0,0.012218,12
semiconductors_and_sme,848620,2022,616,POL,Poland,f,36912074.0,0.005642,13
semiconductors_and_sme,848620,2022,376,ISR,Israel,f,32521191.0,0.004971,14
semiconductors_and_sme,848620,2022,251,FRA,France,f,24502240.0,0.003745,15
semiconductors_and_sme,848620,2022,380,ITA,Italy,f,20281522.0,0.003100,16
semiconductors_and_sme,848620,2022,124,CAN,Canada,f,7945473.0,0.001215,17
semiconductors_and_sme,848620,2022,246,FIN,Finland,f,7030374.0,0.001075,18
semiconductors_and_sme,848620,2022,704,VNM,Viet Nam,f,4761260.0,0.000728,19
semiconductors_and_sme,848620,2022,36,AUS,Australia,f,3889774.0,0.000595,20
semiconductors_and_sme,848620,2022,203,CZE,Czechia,f,2577720.0,0.000394,21
semiconductors_and_sme,848620,2022,348,HUN,Hungary,f,2091402.0,0.000320,22
semiconductors_and_sme,848620,2022,724,ESP,Spain,f,1700172.0,0.000260,23
semiconductors_and_sme,848620,2022,764,THA,Thailand,f,1522169.0,0.000233,24
semiconductors_and_sme,848620,2022,608,PHL,Philippines,f,1283206.0,0.000196,25
semiconductors_and_sme,848620,2022,208,DNK,Denmark,f,850703.0,0.000130,26
semiconductors_and_sme,848620,2022,344,HKG,"China, Hong Kong SAR",f,723740.0,0.000111,27
semiconductors_and_sme,848620,2022,792,TUR,Türkiye,f,234920.0,0.000036,28
semiconductors_and_sme,848620,2022,752,SWE,Sweden,f,229718.0,0.000035,29
semiconductors_and_sme,848620,2022,784,ARE,United Arab Emirates,f,112335.0,0.000017,30
semiconductors_and_sme,848620,2022,699,IND,India,f,111155.0,0.000017,31
semiconductors_and_sme,848620,2022,372,IRL,Ireland,f,74734.0,0.000011,32
semiconductors_and_sme,848620,2022,76,BRA,Brazil,f,49000.0,0.000007,33
semiconductors_and_sme,848620,2022,120,CMR,Cameroon,f,47058.0,0.000007,34
semiconductors_and_sme,848620,2022,352,ISL,Iceland,f,33869.0,0.000005,35
semiconductors_and_sme,848620,2022,480,MUS,Mauritius,f,22352.0,0.000003,36
semiconductors_and_sme,848620,2022,703,SVK,Slovakia,f,18640.0,0.000003,37
semiconductors_and_sme,848620,2022,233,EST,Estonia,f,17557.0,0.000003,38
semiconductors_and_sme,848620,2022,804,UKR,Ukraine,f,12425.0,0.000002,39
semiconductors_and_sme,848620,2022,710,ZAF,South Africa,f,11029.0,0.000002,40
semiconductors_and_sme,848620,2022,748,SWZ,Eswatini,f,8144.0,0.000001,41
semiconductors_and_sme,848620,2022,643,RUS,Russian Federation,f,3696.0,0.000001,42
semiconductors_and_sme,848620,2022,262,DJI,Djibouti,f,2966.0,0.000000,43
semiconductors_and_sme,848620,2022,188,CRI,Costa Rica,f,2169.0,0.000000,44
semiconductors_and_sme,848620,2023,392,JPN,Japan,f,2139944268.0,0.361660,1
semiconductors_and_sme,848620,2023,702,SGP,Singapore,f,1102601630.0,0.186345,2
semiconductors_and_sme,848620,2023,458,MYS,Malaysia,f,548336426.0,0.092671,3
semiconductors_and_sme,848620,2023,490,TWN,Taiwan,f,391633550.0,0.066188,4
semiconductors_and_sme,848620,2023,528,NLD,Netherlands,f,360036458.0,0.060848,5
semiconductors_and_sme,848620,2023,410,KOR,Rep. of Korea,f,277355129.0,0.046874,6
semiconductors_and_sme,848620,2023,156,CHN,China,f,236879012.0,0.040034,7
semiconductors_and_sme,848620,2023,40,AUT,Austria,f,210358320.0,0.035551,8
semiconductors_and_sme,848620,2023,276,DEU,Germany,f,194001512.0,0.032787,9
semiconductors_and_sme,848620,2023,616,POL,Poland,f,125048913.0,0.021134,10
semiconductors_and_sme,848620,2023,484,MEX,Mexico,f,79848527.0,0.013495,11
semiconductors_and_sme,848620,2023,757,CHE,Switzerland,f,67509771.0,0.011409,12
semiconductors_and_sme,848620,2023,826,GBR,United Kingdom,f,62798858.0,0.010613,13
semiconductors_and_sme,848620,2023,251,FRA,France,f,23728289.0,0.004010,14
semiconductors_and_sme,848620,2023,376,ISR,Israel,f,18598486.0,0.003143,15
semiconductors_and_sme,848620,2023,203,CZE,Czechia,f,17276079.0,0.002920,16
semiconductors_and_sme,848620,2023,380,ITA,Italy,f,12702566.0,0.002147,17
semiconductors_and_sme,848620,2023,246,FIN,Finland,f,10942311.0,0.001849,18
semiconductors_and_sme,848620,2023,124,CAN,Canada,f,10310363.0,0.001742,19
semiconductors_and_sme,848620,2023,724,ESP,Spain,f,7191238.0,0.001215,20
semiconductors_and_sme,848620,2023,704,VNM,Viet Nam,f,3450552.0,0.000583,21
semiconductors_and_sme,848620,2023,208,DNK,Denmark,f,2822822.0,0.000477,22
semiconductors_and_sme,848620,2023,703,SVK,Slovakia,f,2719129.0,0.000460,23
semiconductors_and_sme,848620,2023,348,HUN,Hungary,f,2536862.0,0.000429,24
semiconductors_and_sme,848620,2023,752,SWE,Sweden,f,2439414.0,0.000412,25
semiconductors_and_sme,848620,2023,344,HKG,"China, Hong Kong SAR",f,1685906.0,0.000285,26
semiconductors_and_sme,848620,2023,36,AUS,Australia,f,923717.0,0.000156,27
semiconductors_and_sme,848620,2023,608,PHL,Philippines,f,828221.0,0.000140,28
semiconductors_and_sme,848620,2023,792,TUR,Türkiye,f,558491.0,0.000094,29
semiconductors_and_sme,848620,2023,440,LTU,Lithuania,f,507000.0,0.000086,30
semiconductors_and_sme,848620,2023,699,IND,India,f,493653.0,0.000083,31
semiconductors_and_sme,848620,2023,764,THA,Thailand,f,460963.0,0.000078,32
semiconductors_and_sme,848620,2023,372,IRL,Ireland,f,189300.0,0.000032,33
semiconductors_and_sme,848620,2023,214,DOM,Dominican Rep.,f,93072.0,0.000016,34
semiconductors_and_sme,848620,2023,100,BGR,Bulgaria,f,66542.0,0.000011,35
semiconductors_and_sme,848620,2023,710,ZAF,South Africa,f,27454.0,0.000005,36
semiconductors_and_sme,848620,2023,470,MLT,Malta,f,22938.0,0.000004,37
semiconductors_and_sme,848620,2023,579,NOR,Norway,f,16487.0,0.000003,38
semiconductors_and_sme,848620,2023,500,MSR,Montserrat,f,13810.0,0.000002,39
semiconductors_and_sme,848620,2023,268,GEO,Georgia,f,10993.0,0.000002,40
semiconductors_and_sme,848620,2023,360,IDN,Indonesia,f,8989.0,0.000002,41
semiconductors_and_sme,848620,2023,233,EST,Estonia,f,7482.0,0.000001,42
semiconductors_and_sme,848620,2023,705,SVN,Slovenia,f,6527.0,0.000001,43
semiconductors_and_sme,848620,2023,788,TUN,Tunisia,f,4884.0,0.000001,44
semiconductors_and_sme,848620,2023,554,NZL,New Zealand,f,3810.0,0.000001,45
semiconductors_and_sme,848620,2023,32,ARG,Argentina,f,2275.0,0.000000,46
semiconductors_and_sme,848620,2024,392,JPN,Japan,f,2123955829.0,0.287448,1
semiconductors_and_sme,848620,2024,702,SGP,Singapore,f,1489125212.0,0.201533,2
semiconductors_and_sme,848620,2024,528,NLD,Netherlands,f,787860077.0,0.106626,3
semiconductors_and_sme,848620,2024,458,MYS,Malaysia,f,768323654.0,0.103982,4
semiconductors_and_sme,848620,2024,410,KOR,Rep. of Korea,f,427625580.0,0.057873,5
semiconductors_and_sme,848620,2024,276,DEU,Germany,f,421317747.0,0.057020,6
semiconductors_and_sme,848620,2024,490,TWN,Taiwan,f,360663891.0,0.048811,7
semiconductors_and_sme,848620,2024,156,CHN,China,f,286464526.0,0.038769,8
semiconductors_and_sme,848620,2024,40,AUT,Austria,f,226924499.0,0.030711,9
semiconductors_and_sme,848620,2024,616,POL,Poland,f,100439220.0,0.013593,10
semiconductors_and_sme,848620,2024,826,GBR,United Kingdom,f,98979120.0,0.013395,11
semiconductors_and_sme,848620,2024,484,MEX,Mexico,f,78841548.0,0.010670,12
semiconductors_and_sme,848620,2024,757,CHE,Switzerland,f,60086025.0,0.008132,13
semiconductors_and_sme,848620,2024,380,ITA,Italy,f,27666857.0,0.003744,14
semiconductors_and_sme,848620,2024,372,IRL,Ireland,f,21954152.0,0.002971,15
semiconductors_and_sme,848620,2024,251,FRA,France,f,21180016.0,0.002866,16
semiconductors_and_sme,848620,2024,203,CZE,Czechia,f,20478969.0,0.002772,17
semiconductors_and_sme,848620,2024,724,ESP,Spain,f,16952635.0,0.002294,18
semiconductors_and_sme,848620,2024,376,ISR,Israel,f,16579934.0,0.002244,19
semiconductors_and_sme,848620,2024,124,CAN,Canada,f,15988634.0,0.002164,20
semiconductors_and_sme,848620,2024,704,VNM,Viet Nam,f,6086406.0,0.000824,21
semiconductors_and_sme,848620,2024,246,FIN,Finland,f,4236323.0,0.000573,22
semiconductors_and_sme,848620,2024,208,DNK,Denmark,f,1969083.0,0.000266,23
semiconductors_and_sme,848620,2024,608,PHL,Philippines,f,1266408.0,0.000171,24
semiconductors_and_sme,848620,2024,764,THA,Thailand,f,1064198.0,0.000144,25
semiconductors_and_sme,848620,2024,214,DOM,Dominican Rep.,f,552160.0,0.000075,26
semiconductors_and_sme,848620,2024,699,IND,India,f,480995.0,0.000065,27
semiconductors_and_sme,848620,2024,344,HKG,"China, Hong Kong SAR",f,383689.0,0.000052,28
semiconductors_and_sme,848620,2024,703,SVK,Slovakia,f,379207.0,0.000051,29
semiconductors_and_sme,848620,2024,792,TUR,Türkiye,f,366210.0,0.000050,30
semiconductors_and_sme,848620,2024,752,SWE,Sweden,f,365272.0,0.000049,31
semiconductors_and_sme,848620,2024,300,GRC,Greece,f,155562.0,0.000021,32
semiconductors_and_sme,848620,2024,710,ZAF,South Africa,f,54390.0,0.000007,33
semiconductors_and_sme,848620,2024,348,HUN,Hungary,f,53114.0,0.000007,34
semiconductors_and_sme,848620,2024,233,EST,Estonia,f,48713.0,0.000007,35
semiconductors_and_sme,848620,2024,352,ISL,Iceland,f,25593.0,0.000003,36
semiconductors_and_sme,848620,2024,620,PRT,Portugal,f,24684.0,0.000003,37
semiconductors_and_sme,848620,2024,748,SWZ,Eswatini,f,20711.0,0.000003,38
semiconductors_and_sme,848620,2024,76,BRA,Brazil,f,19504.0,0.000003,39
semiconductors_and_sme,848620,2024,728,SSD,South Sudan,f,18066.0,0.000002,40
semiconductors_and_sme,848620,2024,400,JOR,Jordan,f,6780.0,0.000001,41
semiconductors_and_sme,848620,2024,659,KNA,Saint Kitts and Nevis,f,4926.0,0.000001,42
semiconductors_and_sme,848620,2024,554,NZL,New Zealand,f,3629.0,0.000000,43
semiconductors_and_sme,848620,2024,188,CRI,Costa Rica,f,2854.0,0.000000,44
semiconductors_and_sme,848620,2024,442,LUX,Luxembourg,f,2826.0,0.000000,45
semiconductors_and_sme,848620,2025,528,NLD,Netherlands,f,1923254792.0,0.268357,1
semiconductors_and_sme,848620,2025,392,JPN,Japan,f,1471487112.0,0.205320,2
semiconductors_and_sme,848620,2025,702,SGP,Singapore,f,942544689.0,0.131516,3
semiconductors_and_sme,848620,2025,458,MYS,Malaysia,f,682002186.0,0.095161,4
semiconductors_and_sme,848620,2025,156,CHN,China,f,404674559.0,0.056465,5
semiconductors_and_sme,848620,2025,410,KOR,Rep. of Korea,f,392108342.0,0.054712,6
semiconductors_and_sme,848620,2025,276,DEU,Germany,f,377192590.0,0.052631,7
semiconductors_and_sme,848620,2025,490,TWN,Taiwan,f,223951585.0,0.031249,8
semiconductors_and_sme,848620,2025,372,IRL,Ireland,f,184790748.0,0.025784,9
semiconductors_and_sme,848620,2025,826,GBR,United Kingdom,f,118365466.0,0.016516,10
semiconductors_and_sme,848620,2025,484,MEX,Mexico,f,90467903.0,0.012623,11
semiconductors_and_sme,848620,2025,40,AUT,Austria,f,79467650.0,0.011088,12
semiconductors_and_sme,848620,2025,376,ISR,Israel,f,48002831.0,0.006698,13
semiconductors_and_sme,848620,2025,757,CHE,Switzerland,f,39744013.0,0.005546,14
semiconductors_and_sme,848620,2025,251,FRA,France,f,39490234.0,0.005510,15
semiconductors_and_sme,848620,2025,616,POL,Poland,f,37622321.0,0.005250,16
semiconductors_and_sme,848620,2025,380,ITA,Italy,f,36949279.0,0.005156,17
semiconductors_and_sme,848620,2025,704,VNM,Viet Nam,f,14944842.0,0.002085,18
semiconductors_and_sme,848620,2025,124,CAN,Canada,f,12701039.0,0.001772,19
semiconductors_and_sme,848620,2025,246,FIN,Finland,f,8787219.0,0.001226,20
semiconductors_and_sme,848620,2025,348,HUN,Hungary,f,8687331.0,0.001212,21
semiconductors_and_sme,848620,2025,724,ESP,Spain,f,7361289.0,0.001027,22
semiconductors_and_sme,848620,2025,442,LUX,Luxembourg,f,4320007.0,0.000603,23
semiconductors_and_sme,848620,2025,36,AUS,Australia,f,3972188.0,0.000554,24
semiconductors_and_sme,848620,2025,608,PHL,Philippines,f,2883221.0,0.000402,25
semiconductors_and_sme,848620,2025,203,CZE,Czechia,f,2757875.0,0.000385,26
semiconductors_and_sme,848620,2025,764,THA,Thailand,f,2444961.0,0.000341,27
semiconductors_and_sme,848620,2025,699,IND,India,f,1676199.0,0.000234,28
semiconductors_and_sme,848620,2025,752,SWE,Sweden,f,982367.0,0.000137,29
semiconductors_and_sme,848620,2025,208,DNK,Denmark,f,780771.0,0.000109,30
semiconductors_and_sme,848620,2025,705,SVN,Slovenia,f,719350.0,0.000100,31
semiconductors_and_sme,848620,2025,180,COD,Dem. Rep. of the Congo,f,386564.0,0.000054,32
semiconductors_and_sme,848620,2025,56,BEL,Belgium,f,343519.0,0.000048,33
semiconductors_and_sme,848620,2025,792,TUR,Türkiye,f,332490.0,0.000046,34
semiconductors_and_sme,848620,2025,344,HKG,"China, Hong Kong SAR",f,331503.0,0.000046,35
semiconductors_and_sme,848620,2025,710,ZAF,South Africa,f,66461.0,0.000009,36
semiconductors_and_sme,848620,2025,214,DOM,Dominican Rep.,f,61164.0,0.000009,37
semiconductors_and_sme,848620,2025,233,EST,Estonia,f,32917.0,0.000005,38
semiconductors_and_sme,848620,2025,360,IDN,Indonesia,f,27613.0,0.000004,39
semiconductors_and_sme,848620,2025,579,NOR,Norway,f,24902.0,0.000003,40
semiconductors_and_sme,848620,2025,100,BGR,Bulgaria,f,24661.0,0.000003,41
semiconductors_and_sme,848620,2025,188,CRI,Costa Rica,f,13309.0,0.000002,42
semiconductors_and_sme,848620,2025,748,SWZ,Eswatini,f,4154.0,0.000001,43
semiconductors_and_sme,848620,2025,591,PAN,Panama,f,2919.0,0.000000,44
semiconductors_and_sme,848620,2025,32,ARG,Argentina,f,2201.0,0.000000,45
semiconductors_and_sme,848630,2018,392,JPN,Japan,f,5158699.0,0.348459,1
semiconductors_and_sme,848630,2018,528,NLD,Netherlands,f,3485510.0,0.235439,2
semiconductors_and_sme,848630,2018,410,KOR,Rep. of Korea,f,2931915.0,0.198045,3
semiconductors_and_sme,848630,2018,490,TWN,Taiwan,f,2117163.0,0.143010,4
semiconductors_and_sme,848630,2018,156,CHN,China,f,512921.0,0.034647,5
semiconductors_and_sme,848630,2018,276,DEU,Germany,f,375905.0,0.025392,6
semiconductors_and_sme,848630,2018,764,THA,Thailand,f,64004.0,0.004323,7
semiconductors_and_sme,848630,2018,826,GBR,United Kingdom,f,54074.0,0.003653,8
semiconductors_and_sme,848630,2018,484,MEX,Mexico,f,35260.0,0.002382,9
semiconductors_and_sme,848630,2018,380,ITA,Italy,f,27486.0,0.001857,10
semiconductors_and_sme,848630,2018,702,SGP,Singapore,f,16481.0,0.001113,11
semiconductors_and_sme,848630,2018,344,HKG,"China, Hong Kong SAR",f,11440.0,0.000773,12
semiconductors_and_sme,848630,2018,124,CAN,Canada,f,5462.0,0.000369,13
semiconductors_and_sme,848630,2018,710,ZAF,South Africa,f,4322.0,0.000292,14
semiconductors_and_sme,848630,2018,203,CZE,Czechia,f,3676.0,0.000248,15
semiconductors_and_sme,848630,2019,276,DEU,Germany,f,5270679.0,0.533807,1
semiconductors_and_sme,848630,2019,528,NLD,Netherlands,f,1729765.0,0.175188,2
semiconductors_and_sme,848630,2019,410,KOR,Rep. of Korea,f,1253685.0,0.126971,3
semiconductors_and_sme,848630,2019,392,JPN,Japan,f,561842.0,0.056903,4
semiconductors_and_sme,848630,2019,757,CHE,Switzerland,f,419527.0,0.042489,5
semiconductors_and_sme,848630,2019,490,TWN,Taiwan,f,382562.0,0.038745,6
semiconductors_and_sme,848630,2019,156,CHN,China,f,194791.0,0.019728,7
semiconductors_and_sme,848630,2019,376,ISR,Israel,f,42865.0,0.004341,8
semiconductors_and_sme,848630,2019,826,GBR,United Kingdom,f,9061.0,0.000918,9
semiconductors_and_sme,848630,2019,710,ZAF,South Africa,f,8981.0,0.000910,10
semiconductors_and_sme,848630,2020,410,KOR,Rep. of Korea,f,1392676.0,0.313986,1
semiconductors_and_sme,848630,2020,276,DEU,Germany,f,997098.0,0.224801,2
semiconductors_and_sme,848630,2020,392,JPN,Japan,f,918089.0,0.206988,3
semiconductors_and_sme,848630,2020,490,TWN,Taiwan,f,649268.0,0.146381,4
semiconductors_and_sme,848630,2020,757,CHE,Switzerland,f,231049.0,0.052091,5
semiconductors_and_sme,848630,2020,156,CHN,China,f,53488.0,0.012059,6
semiconductors_and_sme,848630,2020,484,MEX,Mexico,f,50922.0,0.011481,7
semiconductors_and_sme,848630,2020,124,CAN,Canada,f,38012.0,0.008570,8
semiconductors_and_sme,848630,2020,608,PHL,Philippines,f,28828.0,0.006499,9
semiconductors_and_sme,848630,2020,376,ISR,Israel,f,24432.0,0.005508,10
semiconductors_and_sme,848630,2020,188,CRI,Costa Rica,f,23749.0,0.005354,11
semiconductors_and_sme,848630,2020,344,HKG,"China, Hong Kong SAR",f,9786.0,0.002206,12
semiconductors_and_sme,848630,2020,792,TUR,Türkiye,f,5575.0,0.001257,13
semiconductors_and_sme,848630,2020,699,IND,India,f,5534.0,0.001248,14
semiconductors_and_sme,848630,2020,458,MYS,Malaysia,f,4099.0,0.000924,15
semiconductors_and_sme,848630,2020,764,THA,Thailand,f,2860.0,0.000645,16
semiconductors_and_sme,848630,2021,276,DEU,Germany,f,2634651.0,0.520017,1
semiconductors_and_sme,848630,2021,410,KOR,Rep. of Korea,f,829851.0,0.163793,2
semiconductors_and_sme,848630,2021,490,TWN,Taiwan,f,553146.0,0.109178,3
semiconductors_and_sme,848630,2021,757,CHE,Switzerland,f,247532.0,0.048857,4
semiconductors_and_sme,848630,2021,376,ISR,Israel,f,208842.0,0.041220,5
semiconductors_and_sme,848630,2021,392,JPN,Japan,f,145118.0,0.028643,6
semiconductors_and_sme,848630,2021,156,CHN,China,f,129672.0,0.025594,7
semiconductors_and_sme,848630,2021,792,TUR,Türkiye,f,81479.0,0.016082,8
semiconductors_and_sme,848630,2021,344,HKG,"China, Hong Kong SAR",f,58363.0,0.011519,9
semiconductors_and_sme,848630,2021,699,IND,India,f,54619.0,0.010780,10
semiconductors_and_sme,848630,2021,458,MYS,Malaysia,f,40114.0,0.007918,11
semiconductors_and_sme,848630,2021,826,GBR,United Kingdom,f,28920.0,0.005708,12
semiconductors_and_sme,848630,2021,554,NZL,New Zealand,f,23322.0,0.004603,13
semiconductors_and_sme,848630,2021,484,MEX,Mexico,f,9922.0,0.001958,14
semiconductors_and_sme,848630,2021,704,VNM,Viet Nam,f,6037.0,0.001192,15
semiconductors_and_sme,848630,2021,724,ESP,Spain,f,5774.0,0.001140,16
semiconductors_and_sme,848630,2021,124,CAN,Canada,f,5027.0,0.000992,17
semiconductors_and_sme,848630,2021,579,NOR,Norway,f,4083.0,0.000806,18
semiconductors_and_sme,848630,2022,112,BLR,Belarus,f,1861876.0,0.308628,1
semiconductors_and_sme,848630,2022,156,CHN,China,f,1299626.0,0.215428,2
semiconductors_and_sme,848630,2022,276,DEU,Germany,f,924703.0,0.153280,3
semiconductors_and_sme,848630,2022,410,KOR,Rep. of Korea,f,867732.0,0.143837,4
semiconductors_and_sme,848630,2022,458,MYS,Malaysia,f,256435.0,0.042507,5
semiconductors_and_sme,848630,2022,757,CHE,Switzerland,f,244211.0,0.040481,6
semiconductors_and_sme,848630,2022,392,JPN,Japan,f,150422.0,0.024934,7
semiconductors_and_sme,848630,2022,699,IND,India,f,128094.0,0.021233,8
semiconductors_and_sme,848630,2022,490,TWN,Taiwan,f,98460.0,0.016321,9
semiconductors_and_sme,848630,2022,826,GBR,United Kingdom,f,66363.0,0.011000,10
semiconductors_and_sme,848630,2022,344,HKG,"China, Hong Kong SAR",f,48845.0,0.008097,11
semiconductors_and_sme,848630,2022,124,CAN,Canada,f,42099.0,0.006978,12
semiconductors_and_sme,848630,2022,380,ITA,Italy,f,33843.0,0.005610,13
semiconductors_and_sme,848630,2022,764,THA,Thailand,f,5711.0,0.000947,14
semiconductors_and_sme,848630,2022,704,VNM,Viet Nam,f,4332.0,0.000718,15
semiconductors_and_sme,848630,2023,156,CHN,China,f,1856551.0,0.270536,1
semiconductors_and_sme,848630,2023,490,TWN,Taiwan,f,1375124.0,0.200383,2
semiconductors_and_sme,848630,2023,410,KOR,Rep. of Korea,f,900585.0,0.131233,3
semiconductors_and_sme,848630,2023,757,CHE,Switzerland,f,677687.0,0.098752,4
semiconductors_and_sme,848630,2023,392,JPN,Japan,f,620230.0,0.090380,5
semiconductors_and_sme,848630,2023,276,DEU,Germany,f,504372.0,0.073497,6
semiconductors_and_sme,848630,2023,699,IND,India,f,353120.0,0.051457,7
semiconductors_and_sme,848630,2023,251,FRA,France,f,204823.0,0.029847,8
semiconductors_and_sme,848630,2023,704,VNM,Viet Nam,f,155138.0,0.022607,9
semiconductors_and_sme,848630,2023,124,CAN,Canada,f,70417.0,0.010261,10
semiconductors_and_sme,848630,2023,344,HKG,"China, Hong Kong SAR",f,47404.0,0.006908,11
semiconductors_and_sme,848630,2023,792,TUR,Türkiye,f,40790.0,0.005944,12
semiconductors_and_sme,848630,2023,376,ISR,Israel,f,27170.0,0.003959,13
semiconductors_and_sme,848630,2023,616,POL,Poland,f,9820.0,0.001431,14
semiconductors_and_sme,848630,2023,764,THA,Thailand,f,7930.0,0.001156,15
semiconductors_and_sme,848630,2023,203,CZE,Czechia,f,4207.0,0.000613,16
semiconductors_and_sme,848630,2023,826,GBR,United Kingdom,f,3876.0,0.000565,17
semiconductors_and_sme,848630,2023,458,MYS,Malaysia,f,3249.0,0.000473,18
semiconductors_and_sme,848630,2024,757,CHE,Switzerland,f,4064337.0,0.388366,1
semiconductors_and_sme,848630,2024,528,NLD,Netherlands,f,2094637.0,0.200152,2
semiconductors_and_sme,848630,2024,490,TWN,Taiwan,f,1342477.0,0.128280,3
semiconductors_and_sme,848630,2024,156,CHN,China,f,874071.0,0.083521,4
semiconductors_and_sme,848630,2024,410,KOR,Rep. of Korea,f,825738.0,0.078903,5
semiconductors_and_sme,848630,2024,276,DEU,Germany,f,485661.0,0.046407,6
semiconductors_and_sme,848630,2024,392,JPN,Japan,f,251470.0,0.024029,7
semiconductors_and_sme,848630,2024,699,IND,India,f,211707.0,0.020230,8
semiconductors_and_sme,848630,2024,124,CAN,Canada,f,198634.0,0.018980,9
semiconductors_and_sme,848630,2024,376,ISR,Israel,f,70398.0,0.006727,10
semiconductors_and_sme,848630,2024,380,ITA,Italy,f,25947.0,0.002479,11
semiconductors_and_sme,848630,2024,458,MYS,Malaysia,f,12288.0,0.001174,12
semiconductors_and_sme,848630,2024,826,GBR,United Kingdom,f,4790.0,0.000458,13
semiconductors_and_sme,848630,2024,764,THA,Thailand,f,3069.0,0.000293,14
semiconductors_and_sme,848630,2025,410,KOR,Rep. of Korea,f,4848993.0,0.320585,1
semiconductors_and_sme,848630,2025,380,ITA,Italy,f,3190884.0,0.210961,2
semiconductors_and_sme,848630,2025,757,CHE,Switzerland,f,2970577.0,0.196396,3
semiconductors_and_sme,848630,2025,156,CHN,China,f,2039755.0,0.134856,4
semiconductors_and_sme,848630,2025,392,JPN,Japan,f,799871.0,0.052882,5
semiconductors_and_sme,848630,2025,276,DEU,Germany,f,677156.0,0.044769,6
semiconductors_and_sme,848630,2025,490,TWN,Taiwan,f,294000.0,0.019437,7
semiconductors_and_sme,848630,2025,376,ISR,Israel,f,100008.0,0.006612,8
semiconductors_and_sme,848630,2025,504,MAR,Morocco,f,51431.0,0.003400,9
semiconductors_and_sme,848630,2025,251,FRA,France,f,44908.0,0.002969,10
semiconductors_and_sme,848630,2025,699,IND,India,f,35120.0,0.002322,11
semiconductors_and_sme,848630,2025,360,IDN,Indonesia,f,33980.0,0.002247,12
semiconductors_and_sme,848630,2025,764,THA,Thailand,f,23735.0,0.001569,13
semiconductors_and_sme,848630,2025,826,GBR,United Kingdom,f,11359.0,0.000751,14
semiconductors_and_sme,848630,2025,690,SYC,Seychelles,f,3670.0,0.000243,15
semiconductors_and_sme,848640,2018,392,JPN,Japan,f,247478361.0,0.362462,1
semiconductors_and_sme,848640,2018,702,SGP,Singapore,f,158169004.0,0.231657,2
semiconductors_and_sme,848640,2018,458,MYS,Malaysia,f,65862890.0,0.096464,3
semiconductors_and_sme,848640,2018,410,KOR,Rep. of Korea,f,65238435.0,0.095549,4
semiconductors_and_sme,848640,2018,276,DEU,Germany,f,44070747.0,0.064547,5
semiconductors_and_sme,848640,2018,156,CHN,China,f,24668293.0,0.036130,6
semiconductors_and_sme,848640,2018,490,TWN,Taiwan,f,16558513.0,0.024252,7
semiconductors_and_sme,848640,2018,376,ISR,Israel,f,14715011.0,0.021552,8
semiconductors_and_sme,848640,2018,528,NLD,Netherlands,f,7410656.0,0.010854,9
semiconductors_and_sme,848640,2018,40,AUT,Austria,f,7219860.0,0.010574,10
semiconductors_and_sme,848640,2018,704,VNM,Viet Nam,f,6885670.0,0.010085,11
semiconductors_and_sme,848640,2018,826,GBR,United Kingdom,f,6470536.0,0.009477,12
semiconductors_and_sme,848640,2018,348,HUN,Hungary,f,5874451.0,0.008604,13
semiconductors_and_sme,848640,2018,757,CHE,Switzerland,f,5223669.0,0.007651,14
semiconductors_and_sme,848640,2018,251,FRA,France,f,2315337.0,0.003391,15
semiconductors_and_sme,848640,2018,380,ITA,Italy,f,1442248.0,0.002112,16
semiconductors_and_sme,848640,2018,764,THA,Thailand,f,821485.0,0.001203,17
semiconductors_and_sme,848640,2018,724,ESP,Spain,f,648181.0,0.000949,18
semiconductors_and_sme,848640,2018,699,IND,India,f,571902.0,0.000838,19
semiconductors_and_sme,848640,2018,608,PHL,Philippines,f,532016.0,0.000779,20
semiconductors_and_sme,848640,2018,36,AUS,Australia,f,202736.0,0.000297,21
semiconductors_and_sme,848640,2018,484,MEX,Mexico,f,116000.0,0.000170,22
semiconductors_and_sme,848640,2018,56,BEL,Belgium,f,91164.0,0.000134,23
semiconductors_and_sme,848640,2018,124,CAN,Canada,f,73326.0,0.000107,24
semiconductors_and_sme,848640,2018,344,HKG,"China, Hong Kong SAR",f,31016.0,0.000045,25
semiconductors_and_sme,848640,2018,188,CRI,Costa Rica,f,22150.0,0.000032,26
semiconductors_and_sme,848640,2018,752,SWE,Sweden,f,12651.0,0.000019,27
semiconductors_and_sme,848640,2018,818,EGY,Egypt,f,12043.0,0.000018,28
semiconductors_and_sme,848640,2018,100,BGR,Bulgaria,f,11500.0,0.000017,29
semiconductors_and_sme,848640,2018,703,SVK,Slovakia,f,8240.0,0.000012,30
semiconductors_and_sme,848640,2018,616,POL,Poland,f,5250.0,0.000008,31
semiconductors_and_sme,848640,2018,372,IRL,Ireland,f,4650.0,0.000007,32
semiconductors_and_sme,848640,2018,682,SAU,Saudi Arabia,f,3191.0,0.000005,33
semiconductors_and_sme,848640,2019,392,JPN,Japan,f,196567054.0,0.368839,1
semiconductors_and_sme,848640,2019,702,SGP,Singapore,f,105139753.0,0.197285,2
semiconductors_and_sme,848640,2019,276,DEU,Germany,f,54958716.0,0.103125,3
semiconductors_and_sme,848640,2019,458,MYS,Malaysia,f,39690362.0,0.074475,4
semiconductors_and_sme,848640,2019,410,KOR,Rep. of Korea,f,30009551.0,0.056310,5
semiconductors_and_sme,848640,2019,490,TWN,Taiwan,f,25673828.0,0.048174,6
semiconductors_and_sme,848640,2019,704,VNM,Viet Nam,f,11345875.0,0.021289,7
semiconductors_and_sme,848640,2019,757,CHE,Switzerland,f,11217137.0,0.021048,8
semiconductors_and_sme,848640,2019,156,CHN,China,f,10994606.0,0.020630,9
semiconductors_and_sme,848640,2019,528,NLD,Netherlands,f,9304399.0,0.017459,10
semiconductors_and_sme,848640,2019,376,ISR,Israel,f,7494566.0,0.014063,11
semiconductors_and_sme,848640,2019,348,HUN,Hungary,f,7035666.0,0.013202,12
semiconductors_and_sme,848640,2019,40,AUT,Austria,f,6092224.0,0.011431,13
semiconductors_and_sme,848640,2019,251,FRA,France,f,5326623.0,0.009995,14
semiconductors_and_sme,848640,2019,826,GBR,United Kingdom,f,2793541.0,0.005242,15
semiconductors_and_sme,848640,2019,764,THA,Thailand,f,1800072.0,0.003378,16
semiconductors_and_sme,848640,2019,792,TUR,Türkiye,f,1497903.0,0.002811,17
semiconductors_and_sme,848640,2019,703,SVK,Slovakia,f,1085506.0,0.002037,18
semiconductors_and_sme,848640,2019,484,MEX,Mexico,f,1011002.0,0.001897,19
semiconductors_and_sme,848640,2019,608,PHL,Philippines,f,980918.0,0.001841,20
semiconductors_and_sme,848640,2019,724,ESP,Spain,f,706980.0,0.001327,21
semiconductors_and_sme,848640,2019,344,HKG,"China, Hong Kong SAR",f,674107.0,0.001265,22
semiconductors_and_sme,848640,2019,246,FIN,Finland,f,420748.0,0.000789,23
semiconductors_and_sme,848640,2019,380,ITA,Italy,f,408018.0,0.000766,24
semiconductors_and_sme,848640,2019,208,DNK,Denmark,f,225431.0,0.000423,25
semiconductors_and_sme,848640,2019,100,BGR,Bulgaria,f,179984.0,0.000338,26
semiconductors_and_sme,848640,2019,124,CAN,Canada,f,136457.0,0.000256,27
semiconductors_and_sme,848640,2019,699,IND,India,f,68482.0,0.000128,28
semiconductors_and_sme,848640,2019,76,BRA,Brazil,f,56272.0,0.000106,29
semiconductors_and_sme,848640,2019,554,NZL,New Zealand,f,27543.0,0.000052,30
semiconductors_and_sme,848640,2019,752,SWE,Sweden,f,6216.0,0.000012,31
semiconductors_and_sme,848640,2019,56,BEL,Belgium,f,2749.0,0.000005,32
semiconductors_and_sme,848640,2019,642,ROU,Romania,f,2319.0,0.000004,33
semiconductors_and_sme,848640,2020,392,JPN,Japan,f,148923174.0,0.337688,1
semiconductors_and_sme,848640,2020,702,SGP,Singapore,f,102542148.0,0.232517,2
semiconductors_and_sme,848640,2020,458,MYS,Malaysia,f,43410801.0,0.098435,3
semiconductors_and_sme,848640,2020,276,DEU,Germany,f,40456885.0,0.091737,4
semiconductors_and_sme,848640,2020,410,KOR,Rep. of Korea,f,31864268.0,0.072253,5
semiconductors_and_sme,848640,2020,156,CHN,China,f,16140183.0,0.036598,6
semiconductors_and_sme,848640,2020,757,CHE,Switzerland,f,13824780.0,0.031348,7
semiconductors_and_sme,848640,2020,528,NLD,Netherlands,f,9473288.0,0.021481,8
semiconductors_and_sme,848640,2020,376,ISR,Israel,f,7805025.0,0.017698,9
semiconductors_and_sme,848640,2020,704,VNM,Viet Nam,f,7521143.0,0.017054,10
semiconductors_and_sme,848640,2020,40,AUT,Austria,f,4936205.0,0.011193,11
semiconductors_and_sme,848640,2020,490,TWN,Taiwan,f,4485074.0,0.010170,12
semiconductors_and_sme,848640,2020,251,FRA,France,f,3973178.0,0.009009,13
semiconductors_and_sme,848640,2020,764,THA,Thailand,f,1464650.0,0.003321,14
semiconductors_and_sme,848640,2020,724,ESP,Spain,f,966062.0,0.002191,15
semiconductors_and_sme,848640,2020,608,PHL,Philippines,f,739758.0,0.001677,16
semiconductors_and_sme,848640,2020,826,GBR,United Kingdom,f,643954.0,0.001460,17
semiconductors_and_sme,848640,2020,380,ITA,Italy,f,521404.0,0.001182,18
semiconductors_and_sme,848640,2020,100,BGR,Bulgaria,f,378516.0,0.000858,19
semiconductors_and_sme,848640,2020,752,SWE,Sweden,f,253000.0,0.000574,20
semiconductors_and_sme,848640,2020,344,HKG,"China, Hong Kong SAR",f,182075.0,0.000413,21
semiconductors_and_sme,848640,2020,699,IND,India,f,117287.0,0.000266,22
semiconductors_and_sme,848640,2020,56,BEL,Belgium,f,103031.0,0.000234,23
semiconductors_and_sme,848640,2020,124,CAN,Canada,f,89106.0,0.000202,24
semiconductors_and_sme,848640,2020,484,MEX,Mexico,f,49988.0,0.000113,25
semiconductors_and_sme,848640,2020,703,SVK,Slovakia,f,42057.0,0.000095,26
semiconductors_and_sme,848640,2020,203,CZE,Czechia,f,26820.0,0.000061,27
semiconductors_and_sme,848640,2020,36,AUS,Australia,f,23553.0,0.000053,28
semiconductors_and_sme,848640,2020,792,TUR,Türkiye,f,17356.0,0.000039,29
semiconductors_and_sme,848640,2020,208,DNK,Denmark,f,15372.0,0.000035,30
semiconductors_and_sme,848640,2020,246,FIN,Finland,f,10075.0,0.000023,31
semiconductors_and_sme,848640,2020,616,POL,Poland,f,8464.0,0.000019,32
semiconductors_and_sme,848640,2021,392,JPN,Japan,f,152578969.0,0.253730,1
semiconductors_and_sme,848640,2021,702,SGP,Singapore,f,136528929.0,0.227040,2
semiconductors_and_sme,848640,2021,458,MYS,Malaysia,f,73362114.0,0.121997,3
semiconductors_and_sme,848640,2021,276,DEU,Germany,f,51142302.0,0.085047,4
semiconductors_and_sme,848640,2021,410,KOR,Rep. of Korea,f,45671292.0,0.075949,5
semiconductors_and_sme,848640,2021,40,AUT,Austria,f,35117861.0,0.058399,6
semiconductors_and_sme,848640,2021,156,CHN,China,f,22057588.0,0.036680,7
semiconductors_and_sme,848640,2021,757,CHE,Switzerland,f,19640302.0,0.032661,8
semiconductors_and_sme,848640,2021,528,NLD,Netherlands,f,16723117.0,0.027810,9
semiconductors_and_sme,848640,2021,376,ISR,Israel,f,14009374.0,0.023297,10
semiconductors_and_sme,848640,2021,704,VNM,Viet Nam,f,12206732.0,0.020299,11
semiconductors_and_sme,848640,2021,490,TWN,Taiwan,f,6743221.0,0.011214,12
semiconductors_and_sme,848640,2021,764,THA,Thailand,f,4024034.0,0.006692,13
semiconductors_and_sme,848640,2021,251,FRA,France,f,2947300.0,0.004901,14
semiconductors_and_sme,848640,2021,608,PHL,Philippines,f,2764441.0,0.004597,15
semiconductors_and_sme,848640,2021,380,ITA,Italy,f,1570469.0,0.002612,16
semiconductors_and_sme,848640,2021,703,SVK,Slovakia,f,1417955.0,0.002358,17
semiconductors_and_sme,848640,2021,724,ESP,Spain,f,998337.0,0.001660,18
semiconductors_and_sme,848640,2021,100,BGR,Bulgaria,f,662212.0,0.001101,19
semiconductors_and_sme,848640,2021,826,GBR,United Kingdom,f,250094.0,0.000416,20
semiconductors_and_sme,848640,2021,246,FIN,Finland,f,187895.0,0.000312,21
semiconductors_and_sme,848640,2021,752,SWE,Sweden,f,153967.0,0.000256,22
semiconductors_and_sme,848640,2021,654,SHN,Saint Helena,f,115540.0,0.000192,23
semiconductors_and_sme,848640,2021,484,MEX,Mexico,f,115469.0,0.000192,24
semiconductors_and_sme,848640,2021,56,BEL,Belgium,f,81631.0,0.000136,25
semiconductors_and_sme,848640,2021,203,CZE,Czechia,f,78317.0,0.000130,26
semiconductors_and_sme,848640,2021,124,CAN,Canada,f,72241.0,0.000120,27
semiconductors_and_sme,848640,2021,348,HUN,Hungary,f,32590.0,0.000054,28
semiconductors_and_sme,848640,2021,699,IND,India,f,24302.0,0.000040,29
semiconductors_and_sme,848640,2021,191,HRV,Croatia,f,19506.0,0.000032,30
semiconductors_and_sme,848640,2021,554,NZL,New Zealand,f,14935.0,0.000025,31
semiconductors_and_sme,848640,2021,208,DNK,Denmark,f,13525.0,0.000022,32
semiconductors_and_sme,848640,2021,694,SLE,Sierra Leone,f,11743.0,0.000020,33
semiconductors_and_sme,848640,2021,112,BLR,Belarus,f,3800.0,0.000006,34
semiconductors_and_sme,848640,2021,76,BRA,Brazil,f,2012.0,0.000003,35
semiconductors_and_sme,848640,2022,702,SGP,Singapore,f,290094461.0,0.307355,1
semiconductors_and_sme,848640,2022,392,JPN,Japan,f,270638792.0,0.286742,2
semiconductors_and_sme,848640,2022,458,MYS,Malaysia,f,95855414.0,0.101559,3
semiconductors_and_sme,848640,2022,410,KOR,Rep. of Korea,f,49566335.0,0.052515,4
semiconductors_and_sme,848640,2022,276,DEU,Germany,f,44053304.0,0.046674,5
semiconductors_and_sme,848640,2022,376,ISR,Israel,f,32606282.0,0.034546,6
semiconductors_and_sme,848640,2022,757,CHE,Switzerland,f,27102653.0,0.028715,7
semiconductors_and_sme,848640,2022,40,AUT,Austria,f,25802886.0,0.027338,8
semiconductors_and_sme,848640,2022,528,NLD,Netherlands,f,24967571.0,0.026453,9
semiconductors_and_sme,848640,2022,156,CHN,China,f,21287323.0,0.022554,10
semiconductors_and_sme,848640,2022,704,VNM,Viet Nam,f,20738784.0,0.021973,11
semiconductors_and_sme,848640,2022,490,TWN,Taiwan,f,13463459.0,0.014265,12
semiconductors_and_sme,848640,2022,752,SWE,Sweden,f,7395980.0,0.007836,13
semiconductors_and_sme,848640,2022,764,THA,Thailand,f,4783233.0,0.005068,14
semiconductors_and_sme,848640,2022,380,ITA,Italy,f,3996354.0,0.004234,15
semiconductors_and_sme,848640,2022,608,PHL,Philippines,f,3978953.0,0.004216,16
semiconductors_and_sme,848640,2022,100,BGR,Bulgaria,f,1899364.0,0.002012,17
semiconductors_and_sme,848640,2022,826,GBR,United Kingdom,f,1285788.0,0.001362,18
semiconductors_and_sme,848640,2022,251,FRA,France,f,1253909.0,0.001329,19
semiconductors_and_sme,848640,2022,724,ESP,Spain,f,797485.0,0.000845,20
semiconductors_and_sme,848640,2022,124,CAN,Canada,f,454463.0,0.000482,21
semiconductors_and_sme,848640,2022,699,IND,India,f,414642.0,0.000439,22
semiconductors_and_sme,848640,2022,484,MEX,Mexico,f,413957.0,0.000439,23
semiconductors_and_sme,848640,2022,348,HUN,Hungary,f,313459.0,0.000332,24
semiconductors_and_sme,848640,2022,203,CZE,Czechia,f,295179.0,0.000313,25
semiconductors_and_sme,848640,2022,344,HKG,"China, Hong Kong SAR",f,182881.0,0.000194,26
semiconductors_and_sme,848640,2022,56,BEL,Belgium,f,146644.0,0.000155,27
semiconductors_and_sme,848640,2022,208,DNK,Denmark,f,26879.0,0.000028,28
semiconductors_and_sme,848640,2022,616,POL,Poland,f,12357.0,0.000013,29
semiconductors_and_sme,848640,2022,36,AUS,Australia,f,9291.0,0.000010,30
semiconductors_and_sme,848640,2022,579,NOR,Norway,f,4266.0,0.000005,31
semiconductors_and_sme,848640,2023,702,SGP,Singapore,f,279507507.0,0.256680,1
semiconductors_and_sme,848640,2023,392,JPN,Japan,f,180582952.0,0.165834,2
semiconductors_and_sme,848640,2023,156,CHN,China,f,121119964.0,0.111228,3
semiconductors_and_sme,848640,2023,276,DEU,Germany,f,85556410.0,0.078569,4
semiconductors_and_sme,848640,2023,40,AUT,Austria,f,80215524.0,0.073664,5
semiconductors_and_sme,848640,2023,458,MYS,Malaysia,f,68725963.0,0.063113,6
semiconductors_and_sme,848640,2023,410,KOR,Rep. of Korea,f,52969232.0,0.048643,7
semiconductors_and_sme,848640,2023,528,NLD,Netherlands,f,39367604.0,0.036152,8
semiconductors_and_sme,848640,2023,490,TWN,Taiwan,f,35907331.0,0.032975,9
semiconductors_and_sme,848640,2023,757,CHE,Switzerland,f,32899473.0,0.030213,10
semiconductors_and_sme,848640,2023,752,SWE,Sweden,f,32372634.0,0.029729,11
semiconductors_and_sme,848640,2023,704,VNM,Viet Nam,f,24036460.0,0.022073,12
semiconductors_and_sme,848640,2023,376,ISR,Israel,f,19305525.0,0.017729,13
semiconductors_and_sme,848640,2023,251,FRA,France,f,14522656.0,0.013337,14
semiconductors_and_sme,848640,2023,380,ITA,Italy,f,4105461.0,0.003770,15
semiconductors_and_sme,848640,2023,100,BGR,Bulgaria,f,4044838.0,0.003714,16
semiconductors_and_sme,848640,2023,764,THA,Thailand,f,3332902.0,0.003061,17
semiconductors_and_sme,848640,2023,608,PHL,Philippines,f,1951213.0,0.001792,18
semiconductors_and_sme,848640,2023,124,CAN,Canada,f,1792680.0,0.001646,19
semiconductors_and_sme,848640,2023,826,GBR,United Kingdom,f,1048324.0,0.000963,20
semiconductors_and_sme,848640,2023,724,ESP,Spain,f,944283.0,0.000867,21
semiconductors_and_sme,848640,2023,246,FIN,Finland,f,916012.0,0.000841,22
semiconductors_and_sme,848640,2023,203,CZE,Czechia,f,900263.0,0.000827,23
semiconductors_and_sme,848640,2023,703,SVK,Slovakia,f,758026.0,0.000696,24
semiconductors_and_sme,848640,2023,616,POL,Poland,f,706168.0,0.000648,25
semiconductors_and_sme,848640,2023,372,IRL,Ireland,f,657887.0,0.000604,26
semiconductors_and_sme,848640,2023,484,MEX,Mexico,f,388985.0,0.000357,27
semiconductors_and_sme,848640,2023,188,CRI,Costa Rica,f,130841.0,0.000120,28
semiconductors_and_sme,848640,2023,699,IND,India,f,79215.0,0.000073,29
semiconductors_and_sme,848640,2023,344,HKG,"China, Hong Kong SAR",f,50693.0,0.000047,30
semiconductors_and_sme,848640,2023,792,TUR,Türkiye,f,22128.0,0.000020,31
semiconductors_and_sme,848640,2023,36,AUS,Australia,f,10744.0,0.000010,32
semiconductors_and_sme,848640,2023,748,SWZ,Eswatini,f,5330.0,0.000005,33
semiconductors_and_sme,848640,2024,702,SGP,Singapore,f,348897380.0,0.266943,1
semiconductors_and_sme,848640,2024,156,CHN,China,f,168420515.0,0.128859,2
semiconductors_and_sme,848640,2024,392,JPN,Japan,f,154081091.0,0.117888,3
semiconductors_and_sme,848640,2024,458,MYS,Malaysia,f,116665569.0,0.089261,4
semiconductors_and_sme,848640,2024,276,DEU,Germany,f,115899844.0,0.088675,5
semiconductors_and_sme,848640,2024,410,KOR,Rep. of Korea,f,82476940.0,0.063103,6
semiconductors_and_sme,848640,2024,40,AUT,Austria,f,80550518.0,0.061630,7
semiconductors_and_sme,848640,2024,528,NLD,Netherlands,f,57739404.0,0.044177,8
semiconductors_and_sme,848640,2024,704,VNM,Viet Nam,f,42191470.0,0.032281,9
semiconductors_and_sme,848640,2024,757,CHE,Switzerland,f,30489290.0,0.023327,10
semiconductors_and_sme,848640,2024,490,TWN,Taiwan,f,24934312.0,0.019077,11
semiconductors_and_sme,848640,2024,703,SVK,Slovakia,f,19368130.0,0.014819,12
semiconductors_and_sme,848640,2024,380,ITA,Italy,f,16612434.0,0.012710,13
semiconductors_and_sme,848640,2024,376,ISR,Israel,f,12222021.0,0.009351,14
semiconductors_and_sme,848640,2024,826,GBR,United Kingdom,f,10432559.0,0.007982,15
semiconductors_and_sme,848640,2024,100,BGR,Bulgaria,f,6845907.0,0.005238,16
semiconductors_and_sme,848640,2024,752,SWE,Sweden,f,5366694.0,0.004106,17
semiconductors_and_sme,848640,2024,251,FRA,France,f,5072638.0,0.003881,18
semiconductors_and_sme,848640,2024,764,THA,Thailand,f,2837886.0,0.002171,19
semiconductors_and_sme,848640,2024,724,ESP,Spain,f,2399150.0,0.001836,20
semiconductors_and_sme,848640,2024,608,PHL,Philippines,f,1423263.0,0.001089,21
semiconductors_and_sme,848640,2024,208,DNK,Denmark,f,586533.0,0.000449,22
semiconductors_and_sme,848640,2024,124,CAN,Canada,f,406672.0,0.000311,23
semiconductors_and_sme,848640,2024,344,HKG,"China, Hong Kong SAR",f,286891.0,0.000220,24
semiconductors_and_sme,848640,2024,484,MEX,Mexico,f,182981.0,0.000140,25
semiconductors_and_sme,848640,2024,36,AUS,Australia,f,174087.0,0.000133,26
semiconductors_and_sme,848640,2024,56,BEL,Belgium,f,125866.0,0.000096,27
semiconductors_and_sme,848640,2024,203,CZE,Czechia,f,109335.0,0.000084,28
semiconductors_and_sme,848640,2024,188,CRI,Costa Rica,f,54727.0,0.000042,29
semiconductors_and_sme,848640,2024,246,FIN,Finland,f,50477.0,0.000039,30
semiconductors_and_sme,848640,2024,699,IND,India,f,44957.0,0.000034,31
semiconductors_and_sme,848640,2024,616,POL,Poland,f,39346.0,0.000030,32
semiconductors_and_sme,848640,2024,372,IRL,Ireland,f,17633.0,0.000013,33
semiconductors_and_sme,848640,2024,348,HUN,Hungary,f,4792.0,0.000004,34
semiconductors_and_sme,848640,2025,392,JPN,Japan,f,220196870.0,0.200088,1
semiconductors_and_sme,848640,2025,702,SGP,Singapore,f,195975699.0,0.178078,2
semiconductors_and_sme,848640,2025,156,CHN,China,f,138272505.0,0.125645,3
semiconductors_and_sme,848640,2025,458,MYS,Malaysia,f,102895431.0,0.093499,4
semiconductors_and_sme,848640,2025,276,DEU,Germany,f,100125393.0,0.090982,5
semiconductors_and_sme,848640,2025,528,NLD,Netherlands,f,98821779.0,0.089797,6
semiconductors_and_sme,848640,2025,410,KOR,Rep. of Korea,f,45007678.0,0.040897,7
semiconductors_and_sme,848640,2025,757,CHE,Switzerland,f,44329789.0,0.040281,8
semiconductors_and_sme,848640,2025,704,VNM,Viet Nam,f,39589872.0,0.035974,9
semiconductors_and_sme,848640,2025,490,TWN,Taiwan,f,35814806.0,0.032544,10
semiconductors_and_sme,848640,2025,40,AUT,Austria,f,19330977.0,0.017566,11
semiconductors_and_sme,848640,2025,376,ISR,Israel,f,13800975.0,0.012541,12
semiconductors_and_sme,848640,2025,100,BGR,Bulgaria,f,9668668.0,0.008786,13
semiconductors_and_sme,848640,2025,703,SVK,Slovakia,f,8631314.0,0.007843,14
semiconductors_and_sme,848640,2025,251,FRA,France,f,6098791.0,0.005542,15
semiconductors_and_sme,848640,2025,752,SWE,Sweden,f,4767281.0,0.004332,16
semiconductors_and_sme,848640,2025,764,THA,Thailand,f,4586368.0,0.004168,17
semiconductors_and_sme,848640,2025,484,MEX,Mexico,f,3829895.0,0.003480,18
semiconductors_and_sme,848640,2025,642,ROU,Romania,f,1985320.0,0.001804,19
semiconductors_and_sme,848640,2025,348,HUN,Hungary,f,1965309.0,0.001786,20
semiconductors_and_sme,848640,2025,380,ITA,Italy,f,983574.0,0.000894,21
semiconductors_and_sme,848640,2025,724,ESP,Spain,f,866995.0,0.000788,22
semiconductors_and_sme,848640,2025,699,IND,India,f,564529.0,0.000513,23
semiconductors_and_sme,848640,2025,203,CZE,Czechia,f,555243.0,0.000505,24
semiconductors_and_sme,848640,2025,124,CAN,Canada,f,499736.0,0.000454,25
semiconductors_and_sme,848640,2025,246,FIN,Finland,f,369340.0,0.000336,26
semiconductors_and_sme,848640,2025,608,PHL,Philippines,f,368633.0,0.000335,27
semiconductors_and_sme,848640,2025,792,TUR,Türkiye,f,270315.0,0.000246,28
semiconductors_and_sme,848640,2025,56,BEL,Belgium,f,230360.0,0.000209,29
semiconductors_and_sme,848640,2025,826,GBR,United Kingdom,f,73370.0,0.000067,30
semiconductors_and_sme,848640,2025,616,POL,Poland,f,10978.0,0.000010,31
semiconductors_and_sme,848640,2025,36,AUS,Australia,f,7550.0,0.000007,32
semiconductors_and_sme,848640,2025,188,CRI,Costa Rica,f,5053.0,0.000005,33
semiconductors_and_sme,848640,2025,208,DNK,Denmark,f,2205.0,0.000002,34
semiconductors_and_sme,848690,2018,392,JPN,Japan,f,1203209564.0,0.302171,1
semiconductors_and_sme,848690,2018,528,NLD,Netherlands,f,954498591.0,0.239711,2
semiconductors_and_sme,848690,2018,156,CHN,China,f,427493044.0,0.107360,3
semiconductors_and_sme,848690,2018,276,DEU,Germany,f,394067225.0,0.098965,4
semiconductors_and_sme,848690,2018,410,KOR,Rep. of Korea,f,261186507.0,0.065594,5
semiconductors_and_sme,848690,2018,702,SGP,Singapore,f,167856592.0,0.042155,6
semiconductors_and_sme,848690,2018,458,MYS,Malaysia,f,124280338.0,0.031211,7
semiconductors_and_sme,848690,2018,484,MEX,Mexico,f,112305283.0,0.028204,8
semiconductors_and_sme,848690,2018,251,FRA,France,f,82392241.0,0.020692,9
semiconductors_and_sme,848690,2018,490,TWN,Taiwan,f,56163249.0,0.014105,10
semiconductors_and_sme,848690,2018,826,GBR,United Kingdom,f,40911935.0,0.010275,11
semiconductors_and_sme,848690,2018,554,NZL,New Zealand,f,39035068.0,0.009803,12
semiconductors_and_sme,848690,2018,757,CHE,Switzerland,f,29524894.0,0.007415,13
semiconductors_and_sme,848690,2018,40,AUT,Austria,f,19747335.0,0.004959,14
semiconductors_and_sme,848690,2018,376,ISR,Israel,f,9570780.0,0.002404,15
semiconductors_and_sme,848690,2018,124,CAN,Canada,f,9244588.0,0.002322,16
semiconductors_and_sme,848690,2018,704,VNM,Viet Nam,f,9225113.0,0.002317,17
semiconductors_and_sme,848690,2018,203,CZE,Czechia,f,6856350.0,0.001722,18
semiconductors_and_sme,848690,2018,608,PHL,Philippines,f,5389021.0,0.001353,19
semiconductors_and_sme,848690,2018,56,BEL,Belgium,f,5042398.0,0.001266,20
semiconductors_and_sme,848690,2018,699,IND,India,f,3942760.0,0.000990,21
semiconductors_and_sme,848690,2018,208,DNK,Denmark,f,3559072.0,0.000894,22
semiconductors_and_sme,848690,2018,764,THA,Thailand,f,3245185.0,0.000815,23
semiconductors_and_sme,848690,2018,344,HKG,"China, Hong Kong SAR",f,2749318.0,0.000690,24
semiconductors_and_sme,848690,2018,380,ITA,Italy,f,2635317.0,0.000662,25
semiconductors_and_sme,848690,2018,191,HRV,Croatia,f,1341543.0,0.000337,26
semiconductors_and_sme,848690,2018,246,FIN,Finland,f,905662.0,0.000227,27
semiconductors_and_sme,848690,2018,752,SWE,Sweden,f,862575.0,0.000217,28
semiconductors_and_sme,848690,2018,579,NOR,Norway,f,631712.0,0.000159,29
semiconductors_and_sme,848690,2018,372,IRL,Ireland,f,512297.0,0.000129,30
semiconductors_and_sme,848690,2018,44,BHS,Bahamas,f,450002.0,0.000113,31
semiconductors_and_sme,848690,2018,705,SVN,Slovenia,f,429165.0,0.000108,32
semiconductors_and_sme,848690,2018,100,BGR,Bulgaria,f,364075.0,0.000091,33
semiconductors_and_sme,848690,2018,724,ESP,Spain,f,326254.0,0.000082,34
semiconductors_and_sme,848690,2018,703,SVK,Slovakia,f,246151.0,0.000062,35
semiconductors_and_sme,848690,2018,188,CRI,Costa Rica,f,220555.0,0.000055,36
semiconductors_and_sme,848690,2018,36,AUS,Australia,f,198199.0,0.000050,37
semiconductors_and_sme,848690,2018,348,HUN,Hungary,f,164700.0,0.000041,38
semiconductors_and_sme,848690,2018,616,POL,Poland,f,162168.0,0.000041,39
semiconductors_and_sme,848690,2018,643,RUS,Russian Federation,f,103406.0,0.000026,40
semiconductors_and_sme,848690,2018,748,SWZ,Eswatini,f,91010.0,0.000023,41
semiconductors_and_sme,848690,2018,710,ZAF,South Africa,f,88952.0,0.000022,42
semiconductors_and_sme,848690,2018,144,LKA,Sri Lanka,f,87770.0,0.000022,43
semiconductors_and_sme,848690,2018,352,ISL,Iceland,f,81321.0,0.000020,44
semiconductors_and_sme,848690,2018,620,PRT,Portugal,f,63760.0,0.000016,45
semiconductors_and_sme,848690,2018,360,IDN,Indonesia,f,43578.0,0.000011,46
semiconductors_and_sme,848690,2018,642,ROU,Romania,f,39380.0,0.000010,47
semiconductors_and_sme,848690,2018,804,UKR,Ukraine,f,34673.0,0.000009,48
semiconductors_and_sme,848690,2018,76,BRA,Brazil,f,33935.0,0.000009,49
semiconductors_and_sme,848690,2018,524,NPL,Nepal,f,32500.0,0.000008,50
semiconductors_and_sme,848690,2018,792,TUR,Türkiye,f,32057.0,0.000008,51
semiconductors_and_sme,848690,2018,480,MUS,Mauritius,f,31746.0,0.000008,52
semiconductors_and_sme,848690,2018,690,SYC,Seychelles,f,25333.0,0.000006,53
semiconductors_and_sme,848690,2018,440,LTU,Lithuania,f,20655.0,0.000005,54
semiconductors_and_sme,848690,2018,324,GIN,Guinea,f,18985.0,0.000005,55
semiconductors_and_sme,848690,2018,428,LVA,Latvia,f,12345.0,0.000003,56
semiconductors_and_sme,848690,2018,152,CHL,Chile,f,11288.0,0.000003,57
semiconductors_and_sme,848690,2018,300,GRC,Greece,f,11097.0,0.000003,58
semiconductors_and_sme,848690,2018,496,MNG,Mongolia,f,10075.0,0.000003,59
semiconductors_and_sme,848690,2018,818,EGY,Egypt,f,7355.0,0.000002,60
semiconductors_and_sme,848690,2018,740,SUR,Suriname,f,6231.0,0.000002,61
semiconductors_and_sme,848690,2018,422,LBN,Lebanon,f,6015.0,0.000002,62
semiconductors_and_sme,848690,2018,340,HND,Honduras,f,5870.0,0.000001,63
semiconductors_and_sme,848690,2018,654,SHN,Saint Helena,f,4838.0,0.000001,64
semiconductors_and_sme,848690,2018,562,NER,Niger,f,4784.0,0.000001,65
semiconductors_and_sme,848690,2018,446,MAC,"China, Macao SAR",f,4384.0,0.000001,66
semiconductors_and_sme,848690,2018,682,SAU,Saudi Arabia,f,4184.0,0.000001,67
semiconductors_and_sme,848690,2018,591,PAN,Panama,f,3680.0,0.000001,68
semiconductors_and_sme,848690,2018,222,SLV,El Salvador,f,3024.0,0.000001,69
semiconductors_and_sme,848690,2018,788,TUN,Tunisia,f,2555.0,0.000001,70
semiconductors_and_sme,848690,2018,148,TCD,Chad,f,2489.0,0.000001,71
semiconductors_and_sme,848690,2018,400,JOR,Jordan,f,2382.0,0.000001,72
semiconductors_and_sme,848690,2019,392,JPN,Japan,f,1381709620.0,0.432337,1
semiconductors_and_sme,848690,2019,528,NLD,Netherlands,f,540556148.0,0.169140,2
semiconductors_and_sme,848690,2019,276,DEU,Germany,f,292727433.0,0.091594,3
semiconductors_and_sme,848690,2019,410,KOR,Rep. of Korea,f,187112280.0,0.058547,4
semiconductors_and_sme,848690,2019,702,SGP,Singapore,f,164069444.0,0.051337,5
semiconductors_and_sme,848690,2019,156,CHN,China,f,158176694.0,0.049493,6
semiconductors_and_sme,848690,2019,458,MYS,Malaysia,f,103586488.0,0.032412,7
semiconductors_and_sme,848690,2019,484,MEX,Mexico,f,63351931.0,0.019823,8
semiconductors_and_sme,848690,2019,490,TWN,Taiwan,f,61875719.0,0.019361,9
semiconductors_and_sme,848690,2019,40,AUT,Austria,f,48564063.0,0.015196,10
semiconductors_and_sme,848690,2019,757,CHE,Switzerland,f,40648342.0,0.012719,11
semiconductors_and_sme,848690,2019,251,FRA,France,f,34663138.0,0.010846,12
semiconductors_and_sme,848690,2019,826,GBR,United Kingdom,f,31421876.0,0.009832,13
semiconductors_and_sme,848690,2019,554,NZL,New Zealand,f,27965947.0,0.008751,14
semiconductors_and_sme,848690,2019,376,ISR,Israel,f,9746500.0,0.003050,15
semiconductors_and_sme,848690,2019,704,VNM,Viet Nam,f,9617919.0,0.003009,16
semiconductors_and_sme,848690,2019,203,CZE,Czechia,f,8944933.0,0.002799,17
semiconductors_and_sme,848690,2019,124,CAN,Canada,f,8837250.0,0.002765,18
semiconductors_and_sme,848690,2019,608,PHL,Philippines,f,4747914.0,0.001486,19
semiconductors_and_sme,848690,2019,56,BEL,Belgium,f,4240841.0,0.001327,20
semiconductors_and_sme,848690,2019,191,HRV,Croatia,f,2007569.0,0.000628,21
semiconductors_and_sme,848690,2019,699,IND,India,f,1995646.0,0.000624,22
semiconductors_and_sme,848690,2019,208,DNK,Denmark,f,1514567.0,0.000474,23
semiconductors_and_sme,848690,2019,380,ITA,Italy,f,1505618.0,0.000471,24
semiconductors_and_sme,848690,2019,372,IRL,Ireland,f,1278758.0,0.000400,25
semiconductors_and_sme,848690,2019,764,THA,Thailand,f,1007984.0,0.000315,26
semiconductors_and_sme,848690,2019,246,FIN,Finland,f,955954.0,0.000299,27
semiconductors_and_sme,848690,2019,579,NOR,Norway,f,615293.0,0.000193,28
semiconductors_and_sme,848690,2019,344,HKG,"China, Hong Kong SAR",f,348113.0,0.000109,29
semiconductors_and_sme,848690,2019,703,SVK,Slovakia,f,286973.0,0.000090,30
semiconductors_and_sme,848690,2019,100,BGR,Bulgaria,f,243295.0,0.000076,31
semiconductors_and_sme,848690,2019,566,NGA,Nigeria,f,192650.0,0.000060,32
semiconductors_and_sme,848690,2019,752,SWE,Sweden,f,187053.0,0.000059,33
semiconductors_and_sme,848690,2019,348,HUN,Hungary,f,172207.0,0.000054,34
semiconductors_and_sme,848690,2019,616,POL,Poland,f,90427.0,0.000028,35
semiconductors_and_sme,848690,2019,144,LKA,Sri Lanka,f,90027.0,0.000028,36
semiconductors_and_sme,848690,2019,36,AUS,Australia,f,85742.0,0.000027,37
semiconductors_and_sme,848690,2019,620,PRT,Portugal,f,75915.0,0.000024,38
semiconductors_and_sme,848690,2019,112,BLR,Belarus,f,75604.0,0.000024,39
semiconductors_and_sme,848690,2019,724,ESP,Spain,f,70990.0,0.000022,40
semiconductors_and_sme,848690,2019,218,ECU,Ecuador,f,70705.0,0.000022,41
semiconductors_and_sme,848690,2019,440,LTU,Lithuania,f,61357.0,0.000019,42
semiconductors_and_sme,848690,2019,404,KEN,Kenya,f,53664.0,0.000017,43
semiconductors_and_sme,848690,2019,233,EST,Estonia,f,48500.0,0.000015,44
semiconductors_and_sme,848690,2019,120,CMR,Cameroon,f,44010.0,0.000014,45
semiconductors_and_sme,848690,2019,804,UKR,Ukraine,f,41051.0,0.000013,46
semiconductors_and_sme,848690,2019,504,MAR,Morocco,f,39904.0,0.000012,47
semiconductors_and_sme,848690,2019,400,JOR,Jordan,f,20881.0,0.000007,48
semiconductors_and_sme,848690,2019,642,ROU,Romania,f,17538.0,0.000005,49
semiconductors_and_sme,848690,2019,591,PAN,Panama,f,15162.0,0.000005,50
semiconductors_and_sme,848690,2019,360,IDN,Indonesia,f,14326.0,0.000004,51
semiconductors_and_sme,848690,2019,694,SLE,Sierra Leone,f,13825.0,0.000004,52
semiconductors_and_sme,848690,2019,188,CRI,Costa Rica,f,12667.0,0.000004,53
semiconductors_and_sme,848690,2019,76,BRA,Brazil,f,12355.0,0.000004,54
semiconductors_and_sme,848690,2019,52,BRB,Barbados,f,10349.0,0.000003,55
semiconductors_and_sme,848690,2019,796,TCA,Turks and Caicos Isds,f,10106.0,0.000003,56
semiconductors_and_sme,848690,2019,705,SVN,Slovenia,f,9824.0,0.000003,57
semiconductors_and_sme,848690,2019,28,ATG,Antigua and Barbuda,f,6450.0,0.000002,58
semiconductors_and_sme,848690,2019,710,ZAF,South Africa,f,5948.0,0.000002,59
semiconductors_and_sme,848690,2019,214,DOM,Dominican Rep.,f,5311.0,0.000002,60
semiconductors_and_sme,848690,2019,446,MAC,"China, Macao SAR",f,5291.0,0.000002,61
semiconductors_and_sme,848690,2019,480,MUS,Mauritius,f,5195.0,0.000002,62
semiconductors_and_sme,848690,2019,784,ARE,United Arab Emirates,f,4477.0,0.000001,63
semiconductors_and_sme,848690,2019,748,SWZ,Eswatini,f,3785.0,0.000001,64
semiconductors_and_sme,848690,2019,32,ARG,Argentina,f,3765.0,0.000001,65
semiconductors_and_sme,848690,2019,795,TKM,Turkmenistan,f,3598.0,0.000001,66
semiconductors_and_sme,848690,2019,558,NIC,Nicaragua,f,2812.0,0.000001,67
semiconductors_and_sme,848690,2019,428,LVA,Latvia,f,2778.0,0.000001,68
semiconductors_and_sme,848690,2020,392,JPN,Japan,f,1304337830.0,0.336564,1
semiconductors_and_sme,848690,2020,528,NLD,Netherlands,f,1062185382.0,0.274081,2
semiconductors_and_sme,848690,2020,276,DEU,Germany,f,378516000.0,0.097670,3
semiconductors_and_sme,848690,2020,410,KOR,Rep. of Korea,f,249499562.0,0.064380,4
semiconductors_and_sme,848690,2020,156,CHN,China,f,190932923.0,0.049267,5
semiconductors_and_sme,848690,2020,702,SGP,Singapore,f,148512093.0,0.038321,6
semiconductors_and_sme,848690,2020,458,MYS,Malaysia,f,142841833.0,0.036858,7
semiconductors_and_sme,848690,2020,484,MEX,Mexico,f,97401091.0,0.025133,8
semiconductors_and_sme,848690,2020,490,TWN,Taiwan,f,58634924.0,0.015130,9
semiconductors_and_sme,848690,2020,40,AUT,Austria,f,49636483.0,0.012808,10
semiconductors_and_sme,848690,2020,554,NZL,New Zealand,f,38633849.0,0.009969,11
semiconductors_and_sme,848690,2020,757,CHE,Switzerland,f,32341846.0,0.008345,12
semiconductors_and_sme,848690,2020,826,GBR,United Kingdom,f,29206008.0,0.007536,13
semiconductors_and_sme,848690,2020,251,FRA,France,f,16354462.0,0.004220,14
semiconductors_and_sme,848690,2020,124,CAN,Canada,f,13238231.0,0.003416,15
semiconductors_and_sme,848690,2020,203,CZE,Czechia,f,11211319.0,0.002893,16
semiconductors_and_sme,848690,2020,376,ISR,Israel,f,10888094.0,0.002810,17
semiconductors_and_sme,848690,2020,704,VNM,Viet Nam,f,7349667.0,0.001896,18
semiconductors_and_sme,848690,2020,56,BEL,Belgium,f,6530222.0,0.001685,19
semiconductors_and_sme,848690,2020,608,PHL,Philippines,f,5509116.0,0.001422,20
semiconductors_and_sme,848690,2020,699,IND,India,f,4363847.0,0.001126,21
semiconductors_and_sme,848690,2020,170,COL,Colombia,f,3762300.0,0.000971,22
semiconductors_and_sme,848690,2020,208,DNK,Denmark,f,2554789.0,0.000659,23
semiconductors_and_sme,848690,2020,380,ITA,Italy,f,1741270.0,0.000449,24
semiconductors_and_sme,848690,2020,191,HRV,Croatia,f,1655735.0,0.000427,25
semiconductors_and_sme,848690,2020,764,THA,Thailand,f,1606112.0,0.000414,26
semiconductors_and_sme,848690,2020,579,NOR,Norway,f,1090639.0,0.000281,27
semiconductors_and_sme,848690,2020,372,IRL,Ireland,f,938031.0,0.000242,28
semiconductors_and_sme,848690,2020,246,FIN,Finland,f,772406.0,0.000199,29
semiconductors_and_sme,848690,2020,752,SWE,Sweden,f,668256.0,0.000172,30
semiconductors_and_sme,848690,2020,703,SVK,Slovakia,f,460299.0,0.000119,31
semiconductors_and_sme,848690,2020,344,HKG,"China, Hong Kong SAR",f,421757.0,0.000109,32
semiconductors_and_sme,848690,2020,616,POL,Poland,f,287048.0,0.000074,33
semiconductors_and_sme,848690,2020,100,BGR,Bulgaria,f,187630.0,0.000048,34
semiconductors_and_sme,848690,2020,144,LKA,Sri Lanka,f,170654.0,0.000044,35
semiconductors_and_sme,848690,2020,188,CRI,Costa Rica,f,168039.0,0.000043,36
semiconductors_and_sme,848690,2020,36,AUS,Australia,f,132727.0,0.000034,37
semiconductors_and_sme,848690,2020,440,LTU,Lithuania,f,91637.0,0.000024,38
semiconductors_and_sme,848690,2020,360,IDN,Indonesia,f,82109.0,0.000021,39
semiconductors_and_sme,848690,2020,348,HUN,Hungary,f,77838.0,0.000020,40
semiconductors_and_sme,848690,2020,642,ROU,Romania,f,49238.0,0.000013,41
semiconductors_and_sme,848690,2020,724,ESP,Spain,f,46883.0,0.000012,42
semiconductors_and_sme,848690,2020,524,NPL,Nepal,f,38843.0,0.000010,43
semiconductors_and_sme,848690,2020,710,ZAF,South Africa,f,38474.0,0.000010,44
semiconductors_and_sme,848690,2020,643,RUS,Russian Federation,f,32571.0,0.000008,45
semiconductors_and_sme,848690,2020,470,MLT,Malta,f,32488.0,0.000008,46
semiconductors_and_sme,848690,2020,76,BRA,Brazil,f,30650.0,0.000008,47
semiconductors_and_sme,848690,2020,584,MHL,Marshall Isds,f,28885.0,0.000007,48
semiconductors_and_sme,848690,2020,792,TUR,Türkiye,f,26037.0,0.000007,49
semiconductors_and_sme,848690,2020,120,CMR,Cameroon,f,24165.0,0.000006,50
semiconductors_and_sme,848690,2020,404,KEN,Kenya,f,18166.0,0.000005,51
semiconductors_and_sme,848690,2020,116,KHM,Cambodia,f,14957.0,0.000004,52
semiconductors_and_sme,848690,2020,20,AND,Andorra,f,14358.0,0.000004,53
semiconductors_and_sme,848690,2020,352,ISL,Iceland,f,11755.0,0.000003,54
semiconductors_and_sme,848690,2020,152,CHL,Chile,f,11161.0,0.000003,55
semiconductors_and_sme,848690,2020,682,SAU,Saudi Arabia,f,8471.0,0.000002,56
semiconductors_and_sme,848690,2020,500,MSR,Montserrat,f,6516.0,0.000002,57
semiconductors_and_sme,848690,2020,32,ARG,Argentina,f,5624.0,0.000001,58
semiconductors_and_sme,848690,2020,728,SSD,South Sudan,f,5396.0,0.000001,59
semiconductors_and_sme,848690,2020,498,MDA,Rep. of Moldova,f,4501.0,0.000001,60
semiconductors_and_sme,848690,2020,654,SHN,Saint Helena,f,4314.0,0.000001,61
semiconductors_and_sme,848690,2021,392,JPN,Japan,f,1312962551.0,0.338854,1
semiconductors_and_sme,848690,2021,528,NLD,Netherlands,f,716362164.0,0.184881,2
semiconductors_and_sme,848690,2021,276,DEU,Germany,f,336906349.0,0.086950,3
semiconductors_and_sme,848690,2021,410,KOR,Rep. of Korea,f,322939217.0,0.083345,4
semiconductors_and_sme,848690,2021,156,CHN,China,f,304657706.0,0.078627,5
semiconductors_and_sme,848690,2021,702,SGP,Singapore,f,190297924.0,0.049113,6
semiconductors_and_sme,848690,2021,458,MYS,Malaysia,f,162939213.0,0.042052,7
semiconductors_and_sme,848690,2021,484,MEX,Mexico,f,127321515.0,0.032860,8
semiconductors_and_sme,848690,2021,490,TWN,Taiwan,f,78227509.0,0.020189,9
semiconductors_and_sme,848690,2021,554,NZL,New Zealand,f,64235160.0,0.016578,10
semiconductors_and_sme,848690,2021,40,AUT,Austria,f,52655781.0,0.013590,11
semiconductors_and_sme,848690,2021,757,CHE,Switzerland,f,36211225.0,0.009346,12
semiconductors_and_sme,848690,2021,826,GBR,United Kingdom,f,32556170.0,0.008402,13
semiconductors_and_sme,848690,2021,124,CAN,Canada,f,22186224.0,0.005726,14
semiconductors_and_sme,848690,2021,376,ISR,Israel,f,18992825.0,0.004902,15
semiconductors_and_sme,848690,2021,251,FRA,France,f,18333995.0,0.004732,16
semiconductors_and_sme,848690,2021,608,PHL,Philippines,f,15020707.0,0.003877,17
semiconductors_and_sme,848690,2021,699,IND,India,f,13382745.0,0.003454,18
semiconductors_and_sme,848690,2021,203,CZE,Czechia,f,10733402.0,0.002770,19
semiconductors_and_sme,848690,2021,56,BEL,Belgium,f,7300694.0,0.001884,20
semiconductors_and_sme,848690,2021,704,VNM,Viet Nam,f,7080431.0,0.001827,21
semiconductors_and_sme,848690,2021,170,COL,Colombia,f,3739855.0,0.000965,22
semiconductors_and_sme,848690,2021,208,DNK,Denmark,f,3167697.0,0.000818,23
semiconductors_and_sme,848690,2021,764,THA,Thailand,f,2999461.0,0.000774,24
semiconductors_and_sme,848690,2021,191,HRV,Croatia,f,2176046.0,0.000562,25
semiconductors_and_sme,848690,2021,380,ITA,Italy,f,1703567.0,0.000440,26
semiconductors_and_sme,848690,2021,372,IRL,Ireland,f,1528908.0,0.000395,27
semiconductors_and_sme,848690,2021,579,NOR,Norway,f,1182393.0,0.000305,28
semiconductors_and_sme,848690,2021,616,POL,Poland,f,1177821.0,0.000304,29
semiconductors_and_sme,848690,2021,246,FIN,Finland,f,1088086.0,0.000281,30
semiconductors_and_sme,848690,2021,144,LKA,Sri Lanka,f,861836.0,0.000222,31
semiconductors_and_sme,848690,2021,642,ROU,Romania,f,707027.0,0.000182,32
semiconductors_and_sme,848690,2021,752,SWE,Sweden,f,545633.0,0.000141,33
semiconductors_and_sme,848690,2021,703,SVK,Slovakia,f,541064.0,0.000140,34
semiconductors_and_sme,848690,2021,344,HKG,"China, Hong Kong SAR",f,485026.0,0.000125,35
semiconductors_and_sme,848690,2021,724,ESP,Spain,f,305457.0,0.000079,36
semiconductors_and_sme,848690,2021,100,BGR,Bulgaria,f,286957.0,0.000074,37
semiconductors_and_sme,848690,2021,36,AUS,Australia,f,190656.0,0.000049,38
semiconductors_and_sme,848690,2021,440,LTU,Lithuania,f,160363.0,0.000041,39
semiconductors_and_sme,848690,2021,360,IDN,Indonesia,f,90250.0,0.000023,40
semiconductors_and_sme,848690,2021,705,SVN,Slovenia,f,83872.0,0.000022,41
semiconductors_and_sme,848690,2021,404,KEN,Kenya,f,43771.0,0.000011,42
semiconductors_and_sme,848690,2021,348,HUN,Hungary,f,41629.0,0.000011,43
semiconductors_and_sme,848690,2021,112,BLR,Belarus,f,39254.0,0.000010,44
semiconductors_and_sme,848690,2021,792,TUR,Türkiye,f,34341.0,0.000009,45
semiconductors_and_sme,848690,2021,516,NAM,Namibia,f,32452.0,0.000008,46
semiconductors_and_sme,848690,2021,352,ISL,Iceland,f,22920.0,0.000006,47
semiconductors_and_sme,848690,2021,400,JOR,Jordan,f,20846.0,0.000005,48
semiconductors_and_sme,848690,2021,804,UKR,Ukraine,f,18733.0,0.000005,49
semiconductors_and_sme,848690,2021,748,SWZ,Eswatini,f,15375.0,0.000004,50
semiconductors_and_sme,848690,2021,214,DOM,Dominican Rep.,f,13976.0,0.000004,51
semiconductors_and_sme,848690,2021,643,RUS,Russian Federation,f,13586.0,0.000004,52
semiconductors_and_sme,848690,2021,688,SRB,Serbia,f,11678.0,0.000003,53
semiconductors_and_sme,848690,2021,152,CHL,Chile,f,10743.0,0.000003,54
semiconductors_and_sme,848690,2021,654,SHN,Saint Helena,f,9213.0,0.000002,55
semiconductors_and_sme,848690,2021,233,EST,Estonia,f,8965.0,0.000002,56
semiconductors_and_sme,848690,2021,882,WSM,Samoa,f,8591.0,0.000002,57
semiconductors_and_sme,848690,2021,258,PYF,French Polynesia,f,8133.0,0.000002,58
semiconductors_and_sme,848690,2021,558,NIC,Nicaragua,f,7021.0,0.000002,59
semiconductors_and_sme,848690,2021,90,SLB,Solomon Isds,f,6950.0,0.000002,60
semiconductors_and_sme,848690,2021,620,PRT,Portugal,f,4627.0,0.000001,61
semiconductors_and_sme,848690,2021,858,URY,Uruguay,f,4525.0,0.000001,62
semiconductors_and_sme,848690,2021,300,GRC,Greece,f,4434.0,0.000001,63
semiconductors_and_sme,848690,2021,504,MAR,Morocco,f,3397.0,0.000001,64
semiconductors_and_sme,848690,2021,470,MLT,Malta,f,2697.0,0.000001,65
semiconductors_and_sme,848690,2021,788,TUN,Tunisia,f,2639.0,0.000001,66
semiconductors_and_sme,848690,2021,446,MAC,"China, Macao SAR",f,2329.0,0.000001,67
semiconductors_and_sme,848690,2022,392,JPN,Japan,f,1313396439.0,0.315552,1
semiconductors_and_sme,848690,2022,528,NLD,Netherlands,f,733137590.0,0.176141,2
semiconductors_and_sme,848690,2022,156,CHN,China,f,382124830.0,0.091808,3
semiconductors_and_sme,848690,2022,410,KOR,Rep. of Korea,f,334527296.0,0.080372,4
semiconductors_and_sme,848690,2022,276,DEU,Germany,f,327537982.0,0.078693,5
semiconductors_and_sme,848690,2022,702,SGP,Singapore,f,248935997.0,0.059808,6
semiconductors_and_sme,848690,2022,458,MYS,Malaysia,f,194902953.0,0.046827,7
semiconductors_and_sme,848690,2022,484,MEX,Mexico,f,143389716.0,0.034450,8
semiconductors_and_sme,848690,2022,490,TWN,Taiwan,f,109677463.0,0.026351,9
semiconductors_and_sme,848690,2022,554,NZL,New Zealand,f,79532700.0,0.019108,10
semiconductors_and_sme,848690,2022,40,AUT,Austria,f,57976898.0,0.013929,11
semiconductors_and_sme,848690,2022,124,CAN,Canada,f,38075187.0,0.009148,12
semiconductors_and_sme,848690,2022,826,GBR,United Kingdom,f,32168874.0,0.007729,13
semiconductors_and_sme,848690,2022,757,CHE,Switzerland,f,26813814.0,0.006442,14
semiconductors_and_sme,848690,2022,203,CZE,Czechia,f,23634988.0,0.005678,15
semiconductors_and_sme,848690,2022,376,ISR,Israel,f,23179792.0,0.005569,16
semiconductors_and_sme,848690,2022,251,FRA,France,f,18253492.0,0.004386,17
semiconductors_and_sme,848690,2022,608,PHL,Philippines,f,12963742.0,0.003115,18
semiconductors_and_sme,848690,2022,699,IND,India,f,11604162.0,0.002788,19
semiconductors_and_sme,848690,2022,704,VNM,Viet Nam,f,9062579.0,0.002177,20
semiconductors_and_sme,848690,2022,56,BEL,Belgium,f,8396498.0,0.002017,21
semiconductors_and_sme,848690,2022,380,ITA,Italy,f,7288813.0,0.001751,22
semiconductors_and_sme,848690,2022,191,HRV,Croatia,f,3560587.0,0.000855,23
semiconductors_and_sme,848690,2022,764,THA,Thailand,f,3363211.0,0.000808,24
semiconductors_and_sme,848690,2022,208,DNK,Denmark,f,3317635.0,0.000797,25
semiconductors_and_sme,848690,2022,372,IRL,Ireland,f,2984980.0,0.000717,26
semiconductors_and_sme,848690,2022,360,IDN,Indonesia,f,2905189.0,0.000698,27
semiconductors_and_sme,848690,2022,752,SWE,Sweden,f,1811499.0,0.000435,28
semiconductors_and_sme,848690,2022,616,POL,Poland,f,1506765.0,0.000362,29
semiconductors_and_sme,848690,2022,246,FIN,Finland,f,1102471.0,0.000265,30
semiconductors_and_sme,848690,2022,170,COL,Colombia,f,1031683.0,0.000248,31
semiconductors_and_sme,848690,2022,344,HKG,"China, Hong Kong SAR",f,700543.0,0.000168,32
semiconductors_and_sme,848690,2022,144,LKA,Sri Lanka,f,694550.0,0.000167,33
semiconductors_and_sme,848690,2022,100,BGR,Bulgaria,f,462594.0,0.000111,34
semiconductors_and_sme,848690,2022,705,SVN,Slovenia,f,373246.0,0.000090,35
semiconductors_and_sme,848690,2022,724,ESP,Spain,f,233844.0,0.000056,36
semiconductors_and_sme,848690,2022,348,HUN,Hungary,f,224804.0,0.000054,37
semiconductors_and_sme,848690,2022,642,ROU,Romania,f,199210.0,0.000048,38
semiconductors_and_sme,848690,2022,440,LTU,Lithuania,f,170997.0,0.000041,39
semiconductors_and_sme,848690,2022,188,CRI,Costa Rica,f,162248.0,0.000039,40
semiconductors_and_sme,848690,2022,36,AUS,Australia,f,155066.0,0.000037,41
semiconductors_and_sme,848690,2022,703,SVK,Slovakia,f,143178.0,0.000034,42
semiconductors_and_sme,848690,2022,268,GEO,Georgia,f,65931.0,0.000016,43
semiconductors_and_sme,848690,2022,480,MUS,Mauritius,f,58220.0,0.000014,44
semiconductors_and_sme,848690,2022,352,ISL,Iceland,f,43384.0,0.000010,45
semiconductors_and_sme,848690,2022,792,TUR,Türkiye,f,36122.0,0.000009,46
semiconductors_and_sme,848690,2022,430,LBR,Liberia,f,34848.0,0.000008,47
semiconductors_and_sme,848690,2022,500,MSR,Montserrat,f,31735.0,0.000008,48
semiconductors_and_sme,848690,2022,76,BRA,Brazil,f,26922.0,0.000006,49
semiconductors_and_sme,848690,2022,516,NAM,Namibia,f,23998.0,0.000006,50
semiconductors_and_sme,848690,2022,682,SAU,Saudi Arabia,f,21820.0,0.000005,51
semiconductors_and_sme,848690,2022,678,STP,Sao Tome and Principe,f,21199.0,0.000005,52
semiconductors_and_sme,848690,2022,112,BLR,Belarus,f,20120.0,0.000005,53
semiconductors_and_sme,848690,2022,804,UKR,Ukraine,f,19053.0,0.000005,54
semiconductors_and_sme,848690,2022,579,NOR,Norway,f,18762.0,0.000005,55
semiconductors_and_sme,848690,2022,400,JOR,Jordan,f,16975.0,0.000004,56
semiconductors_and_sme,848690,2022,646,RWA,Rwanda,f,12637.0,0.000003,57
semiconductors_and_sme,848690,2022,466,MLI,Mali,f,12561.0,0.000003,58
semiconductors_and_sme,848690,2022,233,EST,Estonia,f,11526.0,0.000003,59
semiconductors_and_sme,848690,2022,688,SRB,Serbia,f,9216.0,0.000002,60
semiconductors_and_sme,848690,2022,694,SLE,Sierra Leone,f,7496.0,0.000002,61
semiconductors_and_sme,848690,2022,604,PER,Peru,f,7245.0,0.000002,62
semiconductors_and_sme,848690,2022,162,CXR,Christmas Isds,f,5722.0,0.000001,63
semiconductors_and_sme,848690,2022,586,PAK,Pakistan,f,5310.0,0.000001,64
semiconductors_and_sme,848690,2022,214,DOM,Dominican Rep.,f,5231.0,0.000001,65
semiconductors_and_sme,848690,2022,768,TGO,Togo,f,5142.0,0.000001,66
semiconductors_and_sme,848690,2022,620,PRT,Portugal,f,4412.0,0.000001,67
semiconductors_and_sme,848690,2022,51,ARM,Armenia,f,3850.0,0.000001,68
semiconductors_and_sme,848690,2022,222,SLV,El Salvador,f,3329.0,0.000001,69
semiconductors_and_sme,848690,2022,504,MAR,Morocco,f,2727.0,0.000001,70
semiconductors_and_sme,848690,2023,392,JPN,Japan,f,1269962452.0,0.339569,1
semiconductors_and_sme,848690,2023,528,NLD,Netherlands,f,517189596.0,0.138289,2
semiconductors_and_sme,848690,2023,276,DEU,Germany,f,409595345.0,0.109520,3
semiconductors_and_sme,848690,2023,156,CHN,China,f,327200936.0,0.087489,4
semiconductors_and_sme,848690,2023,410,KOR,Rep. of Korea,f,308349213.0,0.082448,5
semiconductors_and_sme,848690,2023,702,SGP,Singapore,f,191492348.0,0.051202,6
semiconductors_and_sme,848690,2023,458,MYS,Malaysia,f,152317889.0,0.040728,7
semiconductors_and_sme,848690,2023,490,TWN,Taiwan,f,122721522.0,0.032814,8
semiconductors_and_sme,848690,2023,484,MEX,Mexico,f,118953442.0,0.031806,9
semiconductors_and_sme,848690,2023,554,NZL,New Zealand,f,67913428.0,0.018159,10
semiconductors_and_sme,848690,2023,40,AUT,Austria,f,45947230.0,0.012286,11
semiconductors_and_sme,848690,2023,124,CAN,Canada,f,33295328.0,0.008903,12
semiconductors_and_sme,848690,2023,826,GBR,United Kingdom,f,30203301.0,0.008076,13
semiconductors_and_sme,848690,2023,757,CHE,Switzerland,f,28800129.0,0.007701,14
semiconductors_and_sme,848690,2023,251,FRA,France,f,18340756.0,0.004904,15
semiconductors_and_sme,848690,2023,56,BEL,Belgium,f,14523737.0,0.003883,16
semiconductors_and_sme,848690,2023,203,CZE,Czechia,f,13550899.0,0.003623,17
semiconductors_and_sme,848690,2023,376,ISR,Israel,f,13104668.0,0.003504,18
semiconductors_and_sme,848690,2023,704,VNM,Viet Nam,f,9949271.0,0.002660,19
semiconductors_and_sme,848690,2023,608,PHL,Philippines,f,8799793.0,0.002353,20
semiconductors_and_sme,848690,2023,699,IND,India,f,6695890.0,0.001790,21
semiconductors_and_sme,848690,2023,380,ITA,Italy,f,5348065.0,0.001430,22
semiconductors_and_sme,848690,2023,208,DNK,Denmark,f,4207577.0,0.001125,23
semiconductors_and_sme,848690,2023,191,HRV,Croatia,f,3510259.0,0.000939,24
semiconductors_and_sme,848690,2023,100,BGR,Bulgaria,f,3002167.0,0.000803,25
semiconductors_and_sme,848690,2023,764,THA,Thailand,f,2752206.0,0.000736,26
semiconductors_and_sme,848690,2023,246,FIN,Finland,f,2183243.0,0.000584,27
semiconductors_and_sme,848690,2023,372,IRL,Ireland,f,2077261.0,0.000555,28
semiconductors_and_sme,848690,2023,360,IDN,Indonesia,f,2076894.0,0.000555,29
semiconductors_and_sme,848690,2023,616,POL,Poland,f,1552248.0,0.000415,30
semiconductors_and_sme,848690,2023,703,SVK,Slovakia,f,1020384.0,0.000273,31
semiconductors_and_sme,848690,2023,344,HKG,"China, Hong Kong SAR",f,714490.0,0.000191,32
semiconductors_and_sme,848690,2023,642,ROU,Romania,f,386151.0,0.000103,33
semiconductors_and_sme,848690,2023,752,SWE,Sweden,f,381909.0,0.000102,34
semiconductors_and_sme,848690,2023,188,CRI,Costa Rica,f,349767.0,0.000094,35
semiconductors_and_sme,848690,2023,784,ARE,United Arab Emirates,f,276257.0,0.000074,36
semiconductors_and_sme,848690,2023,724,ESP,Spain,f,174539.0,0.000047,37
semiconductors_and_sme,848690,2023,440,LTU,Lithuania,f,151960.0,0.000041,38
semiconductors_and_sme,848690,2023,36,AUS,Australia,f,148730.0,0.000040,39
semiconductors_and_sme,848690,2023,144,LKA,Sri Lanka,f,115507.0,0.000031,40
semiconductors_and_sme,848690,2023,348,HUN,Hungary,f,88197.0,0.000024,41
semiconductors_and_sme,848690,2023,417,KGZ,Kyrgyzstan,f,67075.0,0.000018,42
semiconductors_and_sme,848690,2023,579,NOR,Norway,f,53536.0,0.000014,43
semiconductors_and_sme,848690,2023,352,ISL,Iceland,f,46001.0,0.000012,44
semiconductors_and_sme,848690,2023,710,ZAF,South Africa,f,39751.0,0.000011,45
semiconductors_and_sme,848690,2023,112,BLR,Belarus,f,38480.0,0.000010,46
semiconductors_and_sme,848690,2023,76,BRA,Brazil,f,29664.0,0.000008,47
semiconductors_and_sme,848690,2023,705,SVN,Slovenia,f,29539.0,0.000008,48
semiconductors_and_sme,848690,2023,336,VAT,Holy See (Vatican City State),f,24100.0,0.000006,49
semiconductors_and_sme,848690,2023,260,ATF,Fr. South Antarctic Terr.,f,22965.0,0.000006,50
semiconductors_and_sme,848690,2023,558,NIC,Nicaragua,f,22840.0,0.000006,51
semiconductors_and_sme,848690,2023,466,MLI,Mali,f,17150.0,0.000005,52
semiconductors_and_sme,848690,2023,860,UZB,Uzbekistan,f,16808.0,0.000004,53
semiconductors_and_sme,848690,2023,504,MAR,Morocco,f,16369.0,0.000004,54
semiconductors_and_sme,848690,2023,388,JAM,Jamaica,f,12105.0,0.000003,55
semiconductors_and_sme,848690,2023,654,SHN,Saint Helena,f,11610.0,0.000003,56
semiconductors_and_sme,848690,2023,268,GEO,Georgia,f,11463.0,0.000003,57
semiconductors_and_sme,848690,2023,804,UKR,Ukraine,f,10075.0,0.000003,58
semiconductors_and_sme,848690,2023,524,NPL,Nepal,f,8650.0,0.000002,59
semiconductors_and_sme,848690,2023,90,SLB,Solomon Isds,f,4500.0,0.000001,60
semiconductors_and_sme,848690,2023,214,DOM,Dominican Rep.,f,3719.0,0.000001,61
semiconductors_and_sme,848690,2023,792,TUR,Türkiye,f,3380.0,0.000001,62
semiconductors_and_sme,848690,2023,682,SAU,Saudi Arabia,f,3119.0,0.000001,63
semiconductors_and_sme,848690,2023,442,LUX,Luxembourg,f,2979.0,0.000001,64
semiconductors_and_sme,848690,2023,304,GRL,Greenland,f,2352.0,0.000001,65
semiconductors_and_sme,848690,2024,392,JPN,Japan,f,1469667131.0,0.331265,1
semiconductors_and_sme,848690,2024,528,NLD,Netherlands,f,586865231.0,0.132280,2
semiconductors_and_sme,848690,2024,276,DEU,Germany,f,520700933.0,0.117367,3
semiconductors_and_sme,848690,2024,410,KOR,Rep. of Korea,f,413120230.0,0.093118,4
semiconductors_and_sme,848690,2024,156,CHN,China,f,323150829.0,0.072839,5
semiconductors_and_sme,848690,2024,702,SGP,Singapore,f,225924574.0,0.050924,6
semiconductors_and_sme,848690,2024,458,MYS,Malaysia,f,210637611.0,0.047478,7
semiconductors_and_sme,848690,2024,490,TWN,Taiwan,f,159308649.0,0.035908,8
semiconductors_and_sme,848690,2024,484,MEX,Mexico,f,126097280.0,0.028423,9
semiconductors_and_sme,848690,2024,40,AUT,Austria,f,85153849.0,0.019194,10
semiconductors_and_sme,848690,2024,554,NZL,New Zealand,f,76075380.0,0.017148,11
semiconductors_and_sme,848690,2024,826,GBR,United Kingdom,f,46658066.0,0.010517,12
semiconductors_and_sme,848690,2024,124,CAN,Canada,f,40436976.0,0.009115,13
semiconductors_and_sme,848690,2024,757,CHE,Switzerland,f,28540474.0,0.006433,14
semiconductors_and_sme,848690,2024,56,BEL,Belgium,f,17733372.0,0.003997,15
semiconductors_and_sme,848690,2024,251,FRA,France,f,15764252.0,0.003553,16
semiconductors_and_sme,848690,2024,203,CZE,Czechia,f,15196399.0,0.003425,17
semiconductors_and_sme,848690,2024,704,VNM,Viet Nam,f,12173652.0,0.002744,18
semiconductors_and_sme,848690,2024,376,ISR,Israel,f,11549708.0,0.002603,19
semiconductors_and_sme,848690,2024,100,BGR,Bulgaria,f,9364595.0,0.002111,20
semiconductors_and_sme,848690,2024,699,IND,India,f,7808835.0,0.001760,21
semiconductors_and_sme,848690,2024,608,PHL,Philippines,f,7219364.0,0.001627,22
semiconductors_and_sme,848690,2024,380,ITA,Italy,f,5557535.0,0.001253,23
semiconductors_and_sme,848690,2024,208,DNK,Denmark,f,5125723.0,0.001155,24
semiconductors_and_sme,848690,2024,764,THA,Thailand,f,4850701.0,0.001093,25
semiconductors_and_sme,848690,2024,372,IRL,Ireland,f,3020826.0,0.000681,26
semiconductors_and_sme,848690,2024,191,HRV,Croatia,f,2925782.0,0.000659,27
semiconductors_and_sme,848690,2024,246,FIN,Finland,f,1207042.0,0.000272,28
semiconductors_and_sme,848690,2024,724,ESP,Spain,f,814013.0,0.000183,29
semiconductors_and_sme,848690,2024,616,POL,Poland,f,749082.0,0.000169,30
semiconductors_and_sme,848690,2024,752,SWE,Sweden,f,696635.0,0.000157,31
semiconductors_and_sme,848690,2024,344,HKG,"China, Hong Kong SAR",f,388692.0,0.000088,32
semiconductors_and_sme,848690,2024,360,IDN,Indonesia,f,279609.0,0.000063,33
semiconductors_and_sme,848690,2024,642,ROU,Romania,f,259740.0,0.000059,34
semiconductors_and_sme,848690,2024,703,SVK,Slovakia,f,234941.0,0.000053,35
semiconductors_and_sme,848690,2024,36,AUS,Australia,f,172290.0,0.000039,36
semiconductors_and_sme,848690,2024,180,COD,Dem. Rep. of the Congo,f,121862.0,0.000027,37
semiconductors_and_sme,848690,2024,440,LTU,Lithuania,f,90774.0,0.000020,38
semiconductors_and_sme,848690,2024,352,ISL,Iceland,f,87684.0,0.000020,39
semiconductors_and_sme,848690,2024,705,SVN,Slovenia,f,82902.0,0.000019,40
semiconductors_and_sme,848690,2024,348,HUN,Hungary,f,78471.0,0.000018,41
semiconductors_and_sme,848690,2024,748,SWZ,Eswatini,f,75244.0,0.000017,42
semiconductors_and_sme,848690,2024,540,NCL,New Caledonia,f,74662.0,0.000017,43
semiconductors_and_sme,848690,2024,384,CIV,Côte d'Ivoire,f,72432.0,0.000016,44
semiconductors_and_sme,848690,2024,417,KGZ,Kyrgyzstan,f,68555.0,0.000015,45
semiconductors_and_sme,848690,2024,792,TUR,Türkiye,f,42313.0,0.000010,46
semiconductors_and_sme,848690,2024,579,NOR,Norway,f,40087.0,0.000009,47
semiconductors_and_sme,848690,2024,116,KHM,Cambodia,f,32887.0,0.000007,48
semiconductors_and_sme,848690,2024,710,ZAF,South Africa,f,31962.0,0.000007,49
semiconductors_and_sme,848690,2024,152,CHL,Chile,f,25654.0,0.000006,50
semiconductors_and_sme,848690,2024,144,LKA,Sri Lanka,f,21164.0,0.000005,51
semiconductors_and_sme,848690,2024,688,SRB,Serbia,f,19466.0,0.000004,52
semiconductors_and_sme,848690,2024,188,CRI,Costa Rica,f,19167.0,0.000004,53
semiconductors_and_sme,848690,2024,400,JOR,Jordan,f,15560.0,0.000004,54
semiconductors_and_sme,848690,2024,268,GEO,Georgia,f,14453.0,0.000003,55
semiconductors_and_sme,848690,2024,76,BRA,Brazil,f,13286.0,0.000003,56
semiconductors_and_sme,848690,2024,320,GTM,Guatemala,f,11441.0,0.000003,57
semiconductors_and_sme,848690,2024,566,NGA,Nigeria,f,9494.0,0.000002,58
semiconductors_and_sme,848690,2024,854,BFA,Burkina Faso,f,7780.0,0.000002,59
semiconductors_and_sme,848690,2024,442,LUX,Luxembourg,f,5652.0,0.000001,60
semiconductors_and_sme,848690,2024,784,ARE,United Arab Emirates,f,5001.0,0.000001,61
semiconductors_and_sme,848690,2024,478,MRT,Mauritania,f,4805.0,0.000001,62
semiconductors_and_sme,848690,2024,604,PER,Peru,f,4748.0,0.000001,63
semiconductors_and_sme,848690,2024,780,TTO,Trinidad and Tobago,f,4073.0,0.000001,64
semiconductors_and_sme,848690,2024,788,TUN,Tunisia,f,4032.0,0.000001,65
semiconductors_and_sme,848690,2024,620,PRT,Portugal,f,2795.0,0.000001,66
semiconductors_and_sme,848690,2024,500,MSR,Montserrat,f,2459.0,0.000001,67
semiconductors_and_sme,848690,2024,304,GRL,Greenland,f,2408.0,0.000001,68
semiconductors_and_sme,848690,2024,470,MLT,Malta,f,2365.0,0.000001,69
semiconductors_and_sme,848690,2025,392,JPN,Japan,f,1214551099.0,0.295126,1
semiconductors_and_sme,848690,2025,528,NLD,Netherlands,f,756759490.0,0.183886,2
semiconductors_and_sme,848690,2025,410,KOR,Rep. of Korea,f,378008202.0,0.091853,3
semiconductors_and_sme,848690,2025,276,DEU,Germany,f,350008517.0,0.085049,4
semiconductors_and_sme,848690,2025,156,CHN,China,f,289320922.0,0.070303,5
semiconductors_and_sme,848690,2025,458,MYS,Malaysia,f,242015987.0,0.058808,6
semiconductors_and_sme,848690,2025,702,SGP,Singapore,f,231548889.0,0.056264,7
semiconductors_and_sme,848690,2025,490,TWN,Taiwan,f,152654504.0,0.037094,8
semiconductors_and_sme,848690,2025,484,MEX,Mexico,f,133005213.0,0.032319,9
semiconductors_and_sme,848690,2025,554,NZL,New Zealand,f,63508652.0,0.015432,10
semiconductors_and_sme,848690,2025,764,THA,Thailand,f,39793756.0,0.009670,11
semiconductors_and_sme,848690,2025,40,AUT,Austria,f,38904300.0,0.009453,12
semiconductors_and_sme,848690,2025,124,CAN,Canada,f,31367270.0,0.007622,13
semiconductors_and_sme,848690,2025,704,VNM,Viet Nam,f,30361757.0,0.007378,14
semiconductors_and_sme,848690,2025,826,GBR,United Kingdom,f,29850638.0,0.007253,15
semiconductors_and_sme,848690,2025,251,FRA,France,f,28246162.0,0.006864,16
semiconductors_and_sme,848690,2025,757,CHE,Switzerland,f,23668927.0,0.005751,17
semiconductors_and_sme,848690,2025,56,BEL,Belgium,f,13550918.0,0.003293,18
semiconductors_and_sme,848690,2025,203,CZE,Czechia,f,12103305.0,0.002941,19
semiconductors_and_sme,848690,2025,699,IND,India,f,9973355.0,0.002423,20
semiconductors_and_sme,848690,2025,376,ISR,Israel,f,9709740.0,0.002359,21
semiconductors_and_sme,848690,2025,608,PHL,Philippines,f,6975449.0,0.001695,22
semiconductors_and_sme,848690,2025,208,DNK,Denmark,f,5988168.0,0.001455,23
semiconductors_and_sme,848690,2025,616,POL,Poland,f,3983938.0,0.000968,24
semiconductors_and_sme,848690,2025,380,ITA,Italy,f,3565923.0,0.000866,25
semiconductors_and_sme,848690,2025,752,SWE,Sweden,f,3305742.0,0.000803,26
semiconductors_and_sme,848690,2025,100,BGR,Bulgaria,f,2759862.0,0.000671,27
semiconductors_and_sme,848690,2025,372,IRL,Ireland,f,1864109.0,0.000453,28
semiconductors_and_sme,848690,2025,246,FIN,Finland,f,1626058.0,0.000395,29
semiconductors_and_sme,848690,2025,348,HUN,Hungary,f,1212740.0,0.000295,30
semiconductors_and_sme,848690,2025,191,HRV,Croatia,f,1108542.0,0.000269,31
semiconductors_and_sme,848690,2025,724,ESP,Spain,f,989176.0,0.000240,32
semiconductors_and_sme,848690,2025,360,IDN,Indonesia,f,711606.0,0.000173,33
semiconductors_and_sme,848690,2025,36,AUS,Australia,f,480625.0,0.000117,34
semiconductors_and_sme,848690,2025,703,SVK,Slovakia,f,375321.0,0.000091,35
semiconductors_and_sme,848690,2025,642,ROU,Romania,f,280312.0,0.000068,36
semiconductors_and_sme,848690,2025,620,PRT,Portugal,f,239014.0,0.000058,37
semiconductors_and_sme,848690,2025,705,SVN,Slovenia,f,237543.0,0.000058,38
semiconductors_and_sme,848690,2025,579,NOR,Norway,f,158470.0,0.000039,39
semiconductors_and_sme,848690,2025,428,LVA,Latvia,f,82224.0,0.000020,40
semiconductors_and_sme,848690,2025,76,BRA,Brazil,f,80960.0,0.000020,41
semiconductors_and_sme,848690,2025,562,NER,Niger,f,69137.0,0.000017,42
semiconductors_and_sme,848690,2025,792,TUR,Türkiye,f,66064.0,0.000016,43
semiconductors_and_sme,848690,2025,344,HKG,"China, Hong Kong SAR",f,59940.0,0.000015,44
semiconductors_and_sme,848690,2025,710,ZAF,South Africa,f,59210.0,0.000014,45
semiconductors_and_sme,848690,2025,442,LUX,Luxembourg,f,56464.0,0.000014,46
semiconductors_and_sme,848690,2025,858,URY,Uruguay,f,24453.0,0.000006,47
semiconductors_and_sme,848690,2025,784,ARE,United Arab Emirates,f,20387.0,0.000005,48
semiconductors_and_sme,848690,2025,188,CRI,Costa Rica,f,12383.0,0.000003,49
semiconductors_and_sme,848690,2025,682,SAU,Saudi Arabia,f,10075.0,0.000002,50
semiconductors_and_sme,848690,2025,340,HND,Honduras,f,9904.0,0.000002,51
semiconductors_and_sme,848690,2025,508,MOZ,Mozambique,f,6482.0,0.000002,52
semiconductors_and_sme,848690,2025,418,LAO,Lao People's Dem. Rep.,f,6300.0,0.000002,53
semiconductors_and_sme,848690,2025,120,CMR,Cameroon,f,5353.0,0.000001,54
semiconductors_and_sme,848690,2025,748,SWZ,Eswatini,f,4984.0,0.000001,55
semiconductors_and_sme,848690,2025,70,BIH,Bosnia Herzegovina,f,4066.0,0.000001,56
semiconductors_and_sme,848690,2025,788,TUN,Tunisia,f,3844.0,0.000001,57
semiconductors_and_sme,848690,2025,352,ISL,Iceland,f,3163.0,0.000001,58
semiconductors_and_sme,848690,2025,144,LKA,Sri Lanka,f,2837.0,0.000001,59
semiconductors_and_sme,848690,2025,32,ARG,Argentina,f,2669.0,0.000001,60
semiconductors_and_sme,848690,2025,324,GIN,Guinea,f,2091.0,0.000001,61
semiconductors_and_sme,848690,2025,104,MMR,Myanmar,f,2066.0,0.000001,62
rare_earths_and_magnets,850511,2018,156,CHN,China,f,264505233.0,0.651066,1
rare_earths_and_magnets,850511,2018,392,JPN,Japan,f,51757959.0,0.127400,2
rare_earths_and_magnets,850511,2018,276,DEU,Germany,f,26548416.0,0.065348,3
rare_earths_and_magnets,850511,2018,608,PHL,Philippines,f,16008753.0,0.039405,4
rare_earths_and_magnets,850511,2018,458,MYS,Malaysia,f,10740482.0,0.026437,5
rare_earths_and_magnets,850511,2018,246,FIN,Finland,f,5033204.0,0.012389,6
rare_earths_and_magnets,850511,2018,528,NLD,Netherlands,f,3668798.0,0.009031,7
rare_earths_and_magnets,850511,2018,757,CHE,Switzerland,f,3476701.0,0.008558,8
rare_earths_and_magnets,850511,2018,490,TWN,Taiwan,f,2657502.0,0.006541,9
rare_earths_and_magnets,850511,2018,704,VNM,Viet Nam,f,2402499.0,0.005914,10
rare_earths_and_magnets,850511,2018,76,BRA,Brazil,f,2306591.0,0.005678,11
rare_earths_and_magnets,850511,2018,484,MEX,Mexico,f,1936901.0,0.004768,12
rare_earths_and_magnets,850511,2018,208,DNK,Denmark,f,1747380.0,0.004301,13
rare_earths_and_magnets,850511,2018,36,AUS,Australia,f,1585709.0,0.003903,14
rare_earths_and_magnets,850511,2018,826,GBR,United Kingdom,f,1514298.0,0.003727,15
rare_earths_and_magnets,850511,2018,699,IND,India,f,1319991.0,0.003249,16
rare_earths_and_magnets,850511,2018,380,ITA,Italy,f,1264392.0,0.003112,17
rare_earths_and_magnets,850511,2018,410,KOR,Rep. of Korea,f,1207809.0,0.002973,18
rare_earths_and_magnets,850511,2018,705,SVN,Slovenia,f,996680.0,0.002453,19
rare_earths_and_magnets,850511,2018,40,AUT,Austria,f,925065.0,0.002277,20
rare_earths_and_magnets,850511,2018,251,FRA,France,f,761929.0,0.001875,21
rare_earths_and_magnets,850511,2018,428,LVA,Latvia,f,709699.0,0.001747,22
rare_earths_and_magnets,850511,2018,124,CAN,Canada,f,540503.0,0.001330,23
rare_earths_and_magnets,850511,2018,344,HKG,"China, Hong Kong SAR",f,441880.0,0.001088,24
rare_earths_and_magnets,850511,2018,376,ISR,Israel,f,441044.0,0.001086,25
rare_earths_and_magnets,850511,2018,764,THA,Thailand,f,326119.0,0.000803,26
rare_earths_and_magnets,850511,2018,752,SWE,Sweden,f,283315.0,0.000697,27
rare_earths_and_magnets,850511,2018,56,BEL,Belgium,f,278206.0,0.000685,28
rare_earths_and_magnets,850511,2018,792,TUR,Türkiye,f,125123.0,0.000308,29
rare_earths_and_magnets,850511,2018,724,ESP,Spain,f,108436.0,0.000267,30
rare_earths_and_magnets,850511,2018,702,SGP,Singapore,f,87265.0,0.000215,31
rare_earths_and_magnets,850511,2018,642,ROU,Romania,f,82924.0,0.000204,32
rare_earths_and_magnets,850511,2018,616,POL,Poland,f,79169.0,0.000195,33
rare_earths_and_magnets,850511,2018,703,SVK,Slovakia,f,51958.0,0.000128,34
rare_earths_and_magnets,850511,2018,586,PAK,Pakistan,f,47351.0,0.000117,35
rare_earths_and_magnets,850511,2018,372,IRL,Ireland,f,46485.0,0.000114,36
rare_earths_and_magnets,850511,2018,554,NZL,New Zealand,f,33178.0,0.000082,37
rare_earths_and_magnets,850511,2018,643,RUS,Russian Federation,f,30630.0,0.000075,38
rare_earths_and_magnets,850511,2018,170,COL,Colombia,f,26187.0,0.000064,39
rare_earths_and_magnets,850511,2018,520,NRU,Naoero,f,25884.0,0.000064,40
rare_earths_and_magnets,850511,2018,120,CMR,Cameroon,f,20171.0,0.000050,41
rare_earths_and_magnets,850511,2018,579,NOR,Norway,f,19346.0,0.000048,42
rare_earths_and_magnets,850511,2018,203,CZE,Czechia,f,19305.0,0.000048,43
rare_earths_and_magnets,850511,2018,604,PER,Peru,f,15412.0,0.000038,44
rare_earths_and_magnets,850511,2018,710,ZAF,South Africa,f,13696.0,0.000034,45
rare_earths_and_magnets,850511,2018,440,LTU,Lithuania,f,11998.0,0.000030,46
rare_earths_and_magnets,850511,2018,804,UKR,Ukraine,f,8700.0,0.000021,47
rare_earths_and_magnets,850511,2018,360,IDN,Indonesia,f,5803.0,0.000014,48
rare_earths_and_magnets,850511,2018,659,KNA,Saint Kitts and Nevis,f,4750.0,0.000012,49
rare_earths_and_magnets,850511,2018,620,PRT,Portugal,f,3637.0,0.000009,50
rare_earths_and_magnets,850511,2018,234,FRO,Faroe Isds,f,3603.0,0.000009,51
rare_earths_and_magnets,850511,2018,784,ARE,United Arab Emirates,f,2612.0,0.000006,52
rare_earths_and_magnets,850511,2018,348,HUN,Hungary,f,2293.0,0.000006,53
rare_earths_and_magnets,850511,2018,100,BGR,Bulgaria,f,2029.0,0.000005,54
rare_earths_and_magnets,850511,2019,156,CHN,China,f,269471082.0,0.686498,1
rare_earths_and_magnets,850511,2019,392,JPN,Japan,f,40491450.0,0.103155,2
rare_earths_and_magnets,850511,2019,276,DEU,Germany,f,19492512.0,0.049659,3
rare_earths_and_magnets,850511,2019,608,PHL,Philippines,f,18169221.0,0.046287,4
rare_earths_and_magnets,850511,2019,458,MYS,Malaysia,f,7280371.0,0.018547,5
rare_earths_and_magnets,850511,2019,757,CHE,Switzerland,f,5838471.0,0.014874,6
rare_earths_and_magnets,850511,2019,490,TWN,Taiwan,f,3535065.0,0.009006,7
rare_earths_and_magnets,850511,2019,380,ITA,Italy,f,2983484.0,0.007601,8
rare_earths_and_magnets,850511,2019,246,FIN,Finland,f,2866720.0,0.007303,9
rare_earths_and_magnets,850511,2019,528,NLD,Netherlands,f,2734730.0,0.006967,10
rare_earths_and_magnets,850511,2019,410,KOR,Rep. of Korea,f,2563985.0,0.006532,11
rare_earths_and_magnets,850511,2019,484,MEX,Mexico,f,2298222.0,0.005855,12
rare_earths_and_magnets,850511,2019,826,GBR,United Kingdom,f,2145248.0,0.005465,13
rare_earths_and_magnets,850511,2019,76,BRA,Brazil,f,1895789.0,0.004830,14
rare_earths_and_magnets,850511,2019,251,FRA,France,f,1741718.0,0.004437,15
rare_earths_and_magnets,850511,2019,36,AUS,Australia,f,1376531.0,0.003507,16
rare_earths_and_magnets,850511,2019,699,IND,India,f,1109713.0,0.002827,17
rare_earths_and_magnets,850511,2019,40,AUT,Austria,f,968173.0,0.002466,18
rare_earths_and_magnets,850511,2019,208,DNK,Denmark,f,806165.0,0.002054,19
rare_earths_and_magnets,850511,2019,705,SVN,Slovenia,f,676821.0,0.001724,20
rare_earths_and_magnets,850511,2019,124,CAN,Canada,f,621762.0,0.001584,21
rare_earths_and_magnets,850511,2019,764,THA,Thailand,f,469879.0,0.001197,22
rare_earths_and_magnets,850511,2019,428,LVA,Latvia,f,447903.0,0.001141,23
rare_earths_and_magnets,850511,2019,704,VNM,Viet Nam,f,360941.0,0.000920,24
rare_earths_and_magnets,850511,2019,203,CZE,Czechia,f,330876.0,0.000843,25
rare_earths_and_magnets,850511,2019,376,ISR,Israel,f,288268.0,0.000734,26
rare_earths_and_magnets,850511,2019,344,HKG,"China, Hong Kong SAR",f,229422.0,0.000584,27
rare_earths_and_magnets,850511,2019,703,SVK,Slovakia,f,209148.0,0.000533,28
rare_earths_and_magnets,850511,2019,56,BEL,Belgium,f,177532.0,0.000452,29
rare_earths_and_magnets,850511,2019,752,SWE,Sweden,f,153892.0,0.000392,30
rare_earths_and_magnets,850511,2019,348,HUN,Hungary,f,130959.0,0.000334,31
rare_earths_and_magnets,850511,2019,724,ESP,Spain,f,126256.0,0.000322,32
rare_earths_and_magnets,850511,2019,702,SGP,Singapore,f,96779.0,0.000247,33
rare_earths_and_magnets,850511,2019,196,CYP,Cyprus,f,68916.0,0.000176,34
rare_earths_and_magnets,850511,2019,642,ROU,Romania,f,63453.0,0.000162,35
rare_earths_and_magnets,850511,2019,616,POL,Poland,f,50479.0,0.000129,36
rare_earths_and_magnets,850511,2019,554,NZL,New Zealand,f,37000.0,0.000094,37
rare_earths_and_magnets,850511,2019,604,PER,Peru,f,35929.0,0.000092,38
rare_earths_and_magnets,850511,2019,643,RUS,Russian Federation,f,34050.0,0.000087,39
rare_earths_and_magnets,850511,2019,234,FRO,Faroe Isds,f,25954.0,0.000066,40
rare_earths_and_magnets,850511,2019,170,COL,Colombia,f,18923.0,0.000048,41
rare_earths_and_magnets,850511,2019,579,NOR,Norway,f,18878.0,0.000048,42
rare_earths_and_magnets,850511,2019,586,PAK,Pakistan,f,17837.0,0.000045,43
rare_earths_and_magnets,850511,2019,792,TUR,Türkiye,f,15621.0,0.000040,44
rare_earths_and_magnets,850511,2019,360,IDN,Indonesia,f,10471.0,0.000027,45
rare_earths_and_magnets,850511,2019,710,ZAF,South Africa,f,10433.0,0.000027,46
rare_earths_and_magnets,850511,2019,694,SLE,Sierra Leone,f,8791.0,0.000022,47
rare_earths_and_magnets,850511,2019,446,MAC,"China, Macao SAR",f,7721.0,0.000020,48
rare_earths_and_magnets,850511,2019,132,CPV,Cabo Verde,f,6148.0,0.000016,49
rare_earths_and_magnets,850511,2019,748,SWZ,Eswatini,f,4757.0,0.000012,50
rare_earths_and_magnets,850511,2019,372,IRL,Ireland,f,3498.0,0.000009,51
rare_earths_and_magnets,850511,2019,440,LTU,Lithuania,f,2270.0,0.000006,52
rare_earths_and_magnets,850511,2020,156,CHN,China,f,231284967.0,0.698180,1
rare_earths_and_magnets,850511,2020,392,JPN,Japan,f,27570683.0,0.083228,2
rare_earths_and_magnets,850511,2020,276,DEU,Germany,f,13545088.0,0.040889,3
rare_earths_and_magnets,850511,2020,608,PHL,Philippines,f,12436436.0,0.037542,4
rare_earths_and_magnets,850511,2020,484,MEX,Mexico,f,5752087.0,0.017364,5
rare_earths_and_magnets,850511,2020,410,KOR,Rep. of Korea,f,4572362.0,0.013803,6
rare_earths_and_magnets,850511,2020,757,CHE,Switzerland,f,4468455.0,0.013489,7
rare_earths_and_magnets,850511,2020,490,TWN,Taiwan,f,3996536.0,0.012064,8
rare_earths_and_magnets,850511,2020,528,NLD,Netherlands,f,3660990.0,0.011051,9
rare_earths_and_magnets,850511,2020,246,FIN,Finland,f,3270857.0,0.009874,10
rare_earths_and_magnets,850511,2020,458,MYS,Malaysia,f,2475318.0,0.007472,11
rare_earths_and_magnets,850511,2020,36,AUS,Australia,f,2400253.0,0.007246,12
rare_earths_and_magnets,850511,2020,251,FRA,France,f,1895770.0,0.005723,13
rare_earths_and_magnets,850511,2020,124,CAN,Canada,f,1586195.0,0.004788,14
rare_earths_and_magnets,850511,2020,826,GBR,United Kingdom,f,1572561.0,0.004747,15
rare_earths_and_magnets,850511,2020,380,ITA,Italy,f,1514982.0,0.004573,16
rare_earths_and_magnets,850511,2020,428,LVA,Latvia,f,1475673.0,0.004455,17
rare_earths_and_magnets,850511,2020,703,SVK,Slovakia,f,1303677.0,0.003935,18
rare_earths_and_magnets,850511,2020,699,IND,India,f,1208282.0,0.003647,19
rare_earths_and_magnets,850511,2020,40,AUT,Austria,f,884232.0,0.002669,20
rare_earths_and_magnets,850511,2020,76,BRA,Brazil,f,863251.0,0.002606,21
rare_earths_and_magnets,850511,2020,705,SVN,Slovenia,f,750695.0,0.002266,22
rare_earths_and_magnets,850511,2020,208,DNK,Denmark,f,572143.0,0.001727,23
rare_earths_and_magnets,850511,2020,752,SWE,Sweden,f,342009.0,0.001032,24
rare_earths_and_magnets,850511,2020,344,HKG,"China, Hong Kong SAR",f,233405.0,0.000705,25
rare_earths_and_magnets,850511,2020,376,ISR,Israel,f,210610.0,0.000636,26
rare_earths_and_magnets,850511,2020,764,THA,Thailand,f,204388.0,0.000617,27
rare_earths_and_magnets,850511,2020,724,ESP,Spain,f,202802.0,0.000612,28
rare_earths_and_magnets,850511,2020,100,BGR,Bulgaria,f,149149.0,0.000450,29
rare_earths_and_magnets,850511,2020,348,HUN,Hungary,f,144496.0,0.000436,30
rare_earths_and_magnets,850511,2020,702,SGP,Singapore,f,138245.0,0.000417,31
rare_earths_and_magnets,850511,2020,704,VNM,Viet Nam,f,103109.0,0.000311,32
rare_earths_and_magnets,850511,2020,56,BEL,Belgium,f,87278.0,0.000263,33
rare_earths_and_magnets,850511,2020,234,FRO,Faroe Isds,f,65724.0,0.000198,34
rare_earths_and_magnets,850511,2020,642,ROU,Romania,f,52293.0,0.000158,35
rare_earths_and_magnets,850511,2020,554,NZL,New Zealand,f,37100.0,0.000112,36
rare_earths_and_magnets,850511,2020,203,CZE,Czechia,f,36699.0,0.000111,37
rare_earths_and_magnets,850511,2020,616,POL,Poland,f,30884.0,0.000093,38
rare_earths_and_magnets,850511,2020,579,NOR,Norway,f,30089.0,0.000091,39
rare_earths_and_magnets,850511,2020,360,IDN,Indonesia,f,25466.0,0.000077,40
rare_earths_and_magnets,850511,2020,188,CRI,Costa Rica,f,20813.0,0.000063,41
rare_earths_and_magnets,850511,2020,586,PAK,Pakistan,f,19462.0,0.000059,42
rare_earths_and_magnets,850511,2020,604,PER,Peru,f,16929.0,0.000051,43
rare_earths_and_magnets,850511,2020,643,RUS,Russian Federation,f,16350.0,0.000049,44
rare_earths_and_magnets,850511,2020,512,OMN,Oman,f,11362.0,0.000034,45
rare_earths_and_magnets,850511,2020,270,GMB,Gambia,f,7436.0,0.000022,46
rare_earths_and_magnets,850511,2020,170,COL,Colombia,f,6691.0,0.000020,47
rare_earths_and_magnets,850511,2020,659,KNA,Saint Kitts and Nevis,f,6179.0,0.000019,48
rare_earths_and_magnets,850511,2020,504,MAR,Morocco,f,3953.0,0.000012,49
rare_earths_and_magnets,850511,2020,694,SLE,Sierra Leone,f,3906.0,0.000012,50
rare_earths_and_magnets,850511,2021,156,CHN,China,f,374697651.0,0.737046,1
rare_earths_and_magnets,850511,2021,392,JPN,Japan,f,34466657.0,0.067797,2
rare_earths_and_magnets,850511,2021,608,PHL,Philippines,f,18139506.0,0.035681,3
rare_earths_and_magnets,850511,2021,276,DEU,Germany,f,16433341.0,0.032325,4
rare_earths_and_magnets,850511,2021,484,MEX,Mexico,f,9825121.0,0.019326,5
rare_earths_and_magnets,850511,2021,410,KOR,Rep. of Korea,f,7915673.0,0.015570,6
rare_earths_and_magnets,850511,2021,757,CHE,Switzerland,f,6490280.0,0.012767,7
rare_earths_and_magnets,850511,2021,490,TWN,Taiwan,f,6226989.0,0.012249,8
rare_earths_and_magnets,850511,2021,246,FIN,Finland,f,4998230.0,0.009832,9
rare_earths_and_magnets,850511,2021,528,NLD,Netherlands,f,4853982.0,0.009548,10
rare_earths_and_magnets,850511,2021,124,CAN,Canada,f,3154977.0,0.006206,11
rare_earths_and_magnets,850511,2021,36,AUS,Australia,f,2910895.0,0.005726,12
rare_earths_and_magnets,850511,2021,251,FRA,France,f,2443460.0,0.004806,13
rare_earths_and_magnets,850511,2021,826,GBR,United Kingdom,f,2253391.0,0.004433,14
rare_earths_and_magnets,850511,2021,380,ITA,Italy,f,1967645.0,0.003870,15
rare_earths_and_magnets,850511,2021,428,LVA,Latvia,f,1477030.0,0.002905,16
rare_earths_and_magnets,850511,2021,699,IND,India,f,1400286.0,0.002754,17
rare_earths_and_magnets,850511,2021,703,SVK,Slovakia,f,1311415.0,0.002580,18
rare_earths_and_magnets,850511,2021,40,AUT,Austria,f,1151942.0,0.002266,19
rare_earths_and_magnets,850511,2021,705,SVN,Slovenia,f,815061.0,0.001603,20
rare_earths_and_magnets,850511,2021,764,THA,Thailand,f,807087.0,0.001588,21
rare_earths_and_magnets,850511,2021,76,BRA,Brazil,f,736038.0,0.001448,22
rare_earths_and_magnets,850511,2021,203,CZE,Czechia,f,577174.0,0.001135,23
rare_earths_and_magnets,850511,2021,208,DNK,Denmark,f,460122.0,0.000905,24
rare_earths_and_magnets,850511,2021,56,BEL,Belgium,f,437546.0,0.000861,25
rare_earths_and_magnets,850511,2021,344,HKG,"China, Hong Kong SAR",f,375647.0,0.000739,26
rare_earths_and_magnets,850511,2021,752,SWE,Sweden,f,350240.0,0.000689,27
rare_earths_and_magnets,850511,2021,360,IDN,Indonesia,f,333123.0,0.000655,28
rare_earths_and_magnets,850511,2021,100,BGR,Bulgaria,f,247836.0,0.000488,29
rare_earths_and_magnets,850511,2021,704,VNM,Viet Nam,f,174046.0,0.000342,30
rare_earths_and_magnets,850511,2021,702,SGP,Singapore,f,117179.0,0.000230,31
rare_earths_and_magnets,850511,2021,116,KHM,Cambodia,f,101578.0,0.000200,32
rare_earths_and_magnets,850511,2021,579,NOR,Norway,f,95209.0,0.000187,33
rare_earths_and_magnets,850511,2021,642,ROU,Romania,f,88888.0,0.000175,34
rare_earths_and_magnets,850511,2021,710,ZAF,South Africa,f,85626.0,0.000168,35
rare_earths_and_magnets,850511,2021,458,MYS,Malaysia,f,64261.0,0.000126,36
rare_earths_and_magnets,850511,2021,643,RUS,Russian Federation,f,52425.0,0.000103,37
rare_earths_and_magnets,850511,2021,616,POL,Poland,f,51643.0,0.000102,38
rare_earths_and_magnets,850511,2021,348,HUN,Hungary,f,50325.0,0.000099,39
rare_earths_and_magnets,850511,2021,604,PER,Peru,f,42360.0,0.000083,40
rare_earths_and_magnets,850511,2021,724,ESP,Spain,f,40504.0,0.000080,41
rare_earths_and_magnets,850511,2021,554,NZL,New Zealand,f,40472.0,0.000080,42
rare_earths_and_magnets,850511,2021,376,ISR,Israel,f,22665.0,0.000045,43
rare_earths_and_magnets,850511,2021,688,SRB,Serbia,f,20728.0,0.000041,44
rare_earths_and_magnets,850511,2021,188,CRI,Costa Rica,f,19259.0,0.000038,45
rare_earths_and_magnets,850511,2021,170,COL,Colombia,f,18586.0,0.000037,46
rare_earths_and_magnets,850511,2021,792,TUR,Türkiye,f,13240.0,0.000026,47
rare_earths_and_magnets,850511,2021,440,LTU,Lithuania,f,12142.0,0.000024,48
rare_earths_and_magnets,850511,2021,120,CMR,Cameroon,f,3186.0,0.000006,49
rare_earths_and_magnets,850511,2021,586,PAK,Pakistan,f,2742.0,0.000005,50
rare_earths_and_magnets,850511,2021,470,MLT,Malta,f,2225.0,0.000004,51
rare_earths_and_magnets,850511,2022,156,CHN,China,f,523843114.0,0.789958,1
rare_earths_and_magnets,850511,2022,392,JPN,Japan,f,37036841.0,0.055852,2
rare_earths_and_magnets,850511,2022,276,DEU,Germany,f,18580767.0,0.028020,3
rare_earths_and_magnets,850511,2022,484,MEX,Mexico,f,10713844.0,0.016157,4
rare_earths_and_magnets,850511,2022,410,KOR,Rep. of Korea,f,10207073.0,0.015392,5
rare_earths_and_magnets,850511,2022,490,TWN,Taiwan,f,9916759.0,0.014955,6
rare_earths_and_magnets,850511,2022,608,PHL,Philippines,f,7304597.0,0.011015,7
rare_earths_and_magnets,850511,2022,246,FIN,Finland,f,6924356.0,0.010442,8
rare_earths_and_magnets,850511,2022,757,CHE,Switzerland,f,6068295.0,0.009151,9
rare_earths_and_magnets,850511,2022,360,IDN,Indonesia,f,5795186.0,0.008739,10
rare_earths_and_magnets,850511,2022,124,CAN,Canada,f,4233201.0,0.006384,11
rare_earths_and_magnets,850511,2022,251,FRA,France,f,2638564.0,0.003979,12
rare_earths_and_magnets,850511,2022,36,AUS,Australia,f,2140999.0,0.003229,13
rare_earths_and_magnets,850511,2022,826,GBR,United Kingdom,f,2037290.0,0.003072,14
rare_earths_and_magnets,850511,2022,699,IND,India,f,1730364.0,0.002609,15
rare_earths_and_magnets,850511,2022,528,NLD,Netherlands,f,1640222.0,0.002473,16
rare_earths_and_magnets,850511,2022,703,SVK,Slovakia,f,1493805.0,0.002253,17
rare_earths_and_magnets,850511,2022,203,CZE,Czechia,f,1182108.0,0.001783,18
rare_earths_and_magnets,850511,2022,428,LVA,Latvia,f,1173434.0,0.001770,19
rare_earths_and_magnets,850511,2022,458,MYS,Malaysia,f,994765.0,0.001500,20
rare_earths_and_magnets,850511,2022,380,ITA,Italy,f,974771.0,0.001470,21
rare_earths_and_magnets,850511,2022,40,AUT,Austria,f,877671.0,0.001324,22
rare_earths_and_magnets,850511,2022,705,SVN,Slovenia,f,866163.0,0.001306,23
rare_earths_and_magnets,850511,2022,764,THA,Thailand,f,688775.0,0.001039,24
rare_earths_and_magnets,850511,2022,208,DNK,Denmark,f,572821.0,0.000864,25
rare_earths_and_magnets,850511,2022,76,BRA,Brazil,f,536513.0,0.000809,26
rare_earths_and_magnets,850511,2022,704,VNM,Viet Nam,f,506191.0,0.000763,27
rare_earths_and_magnets,850511,2022,100,BGR,Bulgaria,f,371737.0,0.000561,28
rare_earths_and_magnets,850511,2022,752,SWE,Sweden,f,366284.0,0.000552,29
rare_earths_and_magnets,850511,2022,376,ISR,Israel,f,353980.0,0.000534,30
rare_earths_and_magnets,850511,2022,702,SGP,Singapore,f,344885.0,0.000520,31
rare_earths_and_magnets,850511,2022,344,HKG,"China, Hong Kong SAR",f,204330.0,0.000308,32
rare_earths_and_magnets,850511,2022,348,HUN,Hungary,f,138329.0,0.000209,33
rare_earths_and_magnets,850511,2022,56,BEL,Belgium,f,125511.0,0.000189,34
rare_earths_and_magnets,850511,2022,616,POL,Poland,f,94058.0,0.000142,35
rare_earths_and_magnets,850511,2022,50,BGD,Bangladesh,f,78404.0,0.000118,36
rare_earths_and_magnets,850511,2022,214,DOM,Dominican Rep.,f,64451.0,0.000097,37
rare_earths_and_magnets,850511,2022,792,TUR,Türkiye,f,49713.0,0.000075,38
rare_earths_and_magnets,850511,2022,724,ESP,Spain,f,43039.0,0.000065,39
rare_earths_and_magnets,850511,2022,586,PAK,Pakistan,f,40353.0,0.000061,40
rare_earths_and_magnets,850511,2022,643,RUS,Russian Federation,f,35800.0,0.000054,41
rare_earths_and_magnets,850511,2022,188,CRI,Costa Rica,f,22865.0,0.000034,42
rare_earths_and_magnets,850511,2022,170,COL,Colombia,f,18514.0,0.000028,43
rare_earths_and_magnets,850511,2022,604,PER,Peru,f,17028.0,0.000026,44
rare_earths_and_magnets,850511,2022,642,ROU,Romania,f,16011.0,0.000024,45
rare_earths_and_magnets,850511,2022,440,LTU,Lithuania,f,13772.0,0.000021,46
rare_earths_and_magnets,850511,2022,579,NOR,Norway,f,11835.0,0.000018,47
rare_earths_and_magnets,850511,2022,694,SLE,Sierra Leone,f,8574.0,0.000013,48
rare_earths_and_magnets,850511,2022,686,SEN,Senegal,f,7470.0,0.000011,49
rare_earths_and_magnets,850511,2022,300,GRC,Greece,f,6964.0,0.000011,50
rare_earths_and_magnets,850511,2022,688,SRB,Serbia,f,4937.0,0.000007,51
rare_earths_and_magnets,850511,2022,788,TUN,Tunisia,f,3678.0,0.000006,52
rare_earths_and_magnets,850511,2022,496,MNG,Mongolia,f,3637.0,0.000005,53
rare_earths_and_magnets,850511,2022,70,BIH,Bosnia Herzegovina,f,2827.0,0.000004,54
rare_earths_and_magnets,850511,2023,156,CHN,China,f,445485216.0,0.798063,1
rare_earths_and_magnets,850511,2023,392,JPN,Japan,f,28039279.0,0.050231,2
rare_earths_and_magnets,850511,2023,276,DEU,Germany,f,15949284.0,0.028572,3
rare_earths_and_magnets,850511,2023,490,TWN,Taiwan,f,7139515.0,0.012790,4
rare_earths_and_magnets,850511,2023,608,PHL,Philippines,f,7110328.0,0.012738,5
rare_earths_and_magnets,850511,2023,246,FIN,Finland,f,6465944.0,0.011583,6
rare_earths_and_magnets,850511,2023,360,IDN,Indonesia,f,5813089.0,0.010414,7
rare_earths_and_magnets,850511,2023,757,CHE,Switzerland,f,5671453.0,0.010160,8
rare_earths_and_magnets,850511,2023,484,MEX,Mexico,f,5021583.0,0.008996,9
rare_earths_and_magnets,850511,2023,410,KOR,Rep. of Korea,f,4842862.0,0.008676,10
rare_earths_and_magnets,850511,2023,124,CAN,Canada,f,4356417.0,0.007804,11
rare_earths_and_magnets,850511,2023,528,NLD,Netherlands,f,3282720.0,0.005881,12
rare_earths_and_magnets,850511,2023,380,ITA,Italy,f,2661558.0,0.004768,13
rare_earths_and_magnets,850511,2023,251,FRA,France,f,2365844.0,0.004238,14
rare_earths_and_magnets,850511,2023,826,GBR,United Kingdom,f,1757174.0,0.003148,15
rare_earths_and_magnets,850511,2023,36,AUS,Australia,f,1683644.0,0.003016,16
rare_earths_and_magnets,850511,2023,703,SVK,Slovakia,f,1559815.0,0.002794,17
rare_earths_and_magnets,850511,2023,699,IND,India,f,1359696.0,0.002436,18
rare_earths_and_magnets,850511,2023,428,LVA,Latvia,f,1108499.0,0.001986,19
rare_earths_and_magnets,850511,2023,40,AUT,Austria,f,1023557.0,0.001834,20
rare_earths_and_magnets,850511,2023,705,SVN,Slovenia,f,794099.0,0.001423,21
rare_earths_and_magnets,850511,2023,458,MYS,Malaysia,f,724434.0,0.001298,22
rare_earths_and_magnets,850511,2023,702,SGP,Singapore,f,672158.0,0.001204,23
rare_earths_and_magnets,850511,2023,100,BGR,Bulgaria,f,646208.0,0.001158,24
rare_earths_and_magnets,850511,2023,704,VNM,Viet Nam,f,616353.0,0.001104,25
rare_earths_and_magnets,850511,2023,208,DNK,Denmark,f,305842.0,0.000548,26
rare_earths_and_magnets,850511,2023,203,CZE,Czechia,f,296637.0,0.000531,27
rare_earths_and_magnets,850511,2023,764,THA,Thailand,f,260298.0,0.000466,28
rare_earths_and_magnets,850511,2023,348,HUN,Hungary,f,202859.0,0.000363,29
rare_earths_and_magnets,850511,2023,76,BRA,Brazil,f,167934.0,0.000301,30
rare_earths_and_magnets,850511,2023,50,BGD,Bangladesh,f,155084.0,0.000278,31
rare_earths_and_magnets,850511,2023,752,SWE,Sweden,f,149129.0,0.000267,32
rare_earths_and_magnets,850511,2023,616,POL,Poland,f,78954.0,0.000141,33
rare_earths_and_magnets,850511,2023,376,ISR,Israel,f,61512.0,0.000110,34
rare_earths_and_magnets,850511,2023,116,KHM,Cambodia,f,58090.0,0.000104,35
rare_earths_and_magnets,850511,2023,344,HKG,"China, Hong Kong SAR",f,47426.0,0.000085,36
rare_earths_and_magnets,850511,2023,724,ESP,Spain,f,40144.0,0.000072,37
rare_earths_and_magnets,850511,2023,32,ARG,Argentina,f,29631.0,0.000053,38
rare_earths_and_magnets,850511,2023,56,BEL,Belgium,f,28344.0,0.000051,39
rare_earths_and_magnets,850511,2023,620,PRT,Portugal,f,27514.0,0.000049,40
rare_earths_and_magnets,850511,2023,579,NOR,Norway,f,26325.0,0.000047,41
rare_earths_and_magnets,850511,2023,586,PAK,Pakistan,f,23937.0,0.000043,42
rare_earths_and_magnets,850511,2023,554,NZL,New Zealand,f,17407.0,0.000031,43
rare_earths_and_magnets,850511,2023,422,LBN,Lebanon,f,16983.0,0.000030,44
rare_earths_and_magnets,850511,2023,440,LTU,Lithuania,f,15674.0,0.000028,45
rare_earths_and_magnets,850511,2023,604,PER,Peru,f,8894.0,0.000016,46
rare_earths_and_magnets,850511,2023,170,COL,Colombia,f,8489.0,0.000015,47
rare_earths_and_magnets,850511,2023,191,HRV,Croatia,f,6515.0,0.000012,48
rare_earths_and_magnets,850511,2023,188,CRI,Costa Rica,f,5404.0,0.000010,49
rare_earths_and_magnets,850511,2023,520,NRU,Naoero,f,4195.0,0.000008,50
rare_earths_and_magnets,850511,2023,784,ARE,United Arab Emirates,f,3213.0,0.000006,51
rare_earths_and_magnets,850511,2023,372,IRL,Ireland,f,3201.0,0.000006,52
rare_earths_and_magnets,850511,2023,688,SRB,Serbia,f,2843.0,0.000005,53
rare_earths_and_magnets,850511,2023,792,TUR,Türkiye,f,2500.0,0.000004,54
rare_earths_and_magnets,850511,2023,504,MAR,Morocco,f,2172.0,0.000004,55
rare_earths_and_magnets,850511,2024,156,CHN,China,f,359791115.0,0.752504,1
rare_earths_and_magnets,850511,2024,392,JPN,Japan,f,20545084.0,0.042970,2
rare_earths_and_magnets,850511,2024,276,DEU,Germany,f,15379789.0,0.032167,3
rare_earths_and_magnets,850511,2024,410,KOR,Rep. of Korea,f,10257638.0,0.021454,4
rare_earths_and_magnets,850511,2024,608,PHL,Philippines,f,9128331.0,0.019092,5
rare_earths_and_magnets,850511,2024,490,TWN,Taiwan,f,7971020.0,0.016671,6
rare_earths_and_magnets,850511,2024,246,FIN,Finland,f,7211337.0,0.015083,7
rare_earths_and_magnets,850511,2024,360,IDN,Indonesia,f,6566269.0,0.013733,8
rare_earths_and_magnets,850511,2024,757,CHE,Switzerland,f,6528338.0,0.013654,9
rare_earths_and_magnets,850511,2024,528,NLD,Netherlands,f,5519245.0,0.011544,10
rare_earths_and_magnets,850511,2024,251,FRA,France,f,4526250.0,0.009467,11
rare_earths_and_magnets,850511,2024,124,CAN,Canada,f,3537829.0,0.007399,12
rare_earths_and_magnets,850511,2024,484,MEX,Mexico,f,2533159.0,0.005298,13
rare_earths_and_magnets,850511,2024,380,ITA,Italy,f,2444845.0,0.005113,14
rare_earths_and_magnets,850511,2024,702,SGP,Singapore,f,1764914.0,0.003691,15
rare_earths_and_magnets,850511,2024,458,MYS,Malaysia,f,1753853.0,0.003668,16
rare_earths_and_magnets,850511,2024,36,AUS,Australia,f,1678040.0,0.003510,17
rare_earths_and_magnets,850511,2024,699,IND,India,f,1649518.0,0.003450,18
rare_earths_and_magnets,850511,2024,826,GBR,United Kingdom,f,1243471.0,0.002601,19
rare_earths_and_magnets,850511,2024,40,AUT,Austria,f,1182831.0,0.002474,20
rare_earths_and_magnets,850511,2024,704,VNM,Viet Nam,f,1158202.0,0.002422,21
rare_earths_and_magnets,850511,2024,428,LVA,Latvia,f,1016425.0,0.002126,22
rare_earths_and_magnets,850511,2024,703,SVK,Slovakia,f,870282.0,0.001820,23
rare_earths_and_magnets,850511,2024,100,BGR,Bulgaria,f,654212.0,0.001368,24
rare_earths_and_magnets,850511,2024,705,SVN,Slovenia,f,569118.0,0.001190,25
rare_earths_and_magnets,850511,2024,203,CZE,Czechia,f,312612.0,0.000654,26
rare_earths_and_magnets,850511,2024,208,DNK,Denmark,f,295975.0,0.000619,27
rare_earths_and_magnets,850511,2024,764,THA,Thailand,f,281755.0,0.000589,28
rare_earths_and_magnets,850511,2024,50,BGD,Bangladesh,f,278987.0,0.000584,29
rare_earths_and_magnets,850511,2024,116,KHM,Cambodia,f,238678.0,0.000499,30
rare_earths_and_magnets,850511,2024,616,POL,Poland,f,194005.0,0.000406,31
rare_earths_and_magnets,850511,2024,752,SWE,Sweden,f,167889.0,0.000351,32
rare_earths_and_magnets,850511,2024,348,HUN,Hungary,f,151768.0,0.000317,33
rare_earths_and_magnets,850511,2024,56,BEL,Belgium,f,99810.0,0.000209,34
rare_earths_and_magnets,850511,2024,376,ISR,Israel,f,84450.0,0.000177,35
rare_earths_and_magnets,850511,2024,344,HKG,"China, Hong Kong SAR",f,80759.0,0.000169,36
rare_earths_and_magnets,850511,2024,214,DOM,Dominican Rep.,f,56201.0,0.000118,37
rare_earths_and_magnets,850511,2024,440,LTU,Lithuania,f,53727.0,0.000112,38
rare_earths_and_magnets,850511,2024,792,TUR,Türkiye,f,53641.0,0.000112,39
rare_earths_and_magnets,850511,2024,579,NOR,Norway,f,47753.0,0.000100,40
rare_earths_and_magnets,850511,2024,372,IRL,Ireland,f,40931.0,0.000086,41
rare_earths_and_magnets,850511,2024,76,BRA,Brazil,f,39519.0,0.000083,42
rare_earths_and_magnets,850511,2024,724,ESP,Spain,f,32949.0,0.000069,43
rare_earths_and_magnets,850511,2024,620,PRT,Portugal,f,24651.0,0.000052,44
rare_earths_and_magnets,850511,2024,554,NZL,New Zealand,f,20187.0,0.000042,45
rare_earths_and_magnets,850511,2024,586,PAK,Pakistan,f,15764.0,0.000033,46
rare_earths_and_magnets,850511,2024,784,ARE,United Arab Emirates,f,12203.0,0.000026,47
rare_earths_and_magnets,850511,2024,604,PER,Peru,f,12118.0,0.000025,48
rare_earths_and_magnets,850511,2024,233,EST,Estonia,f,10212.0,0.000021,49
rare_earths_and_magnets,850511,2024,352,ISL,Iceland,f,9919.0,0.000021,50
rare_earths_and_magnets,850511,2024,170,COL,Colombia,f,9711.0,0.000020,51
rare_earths_and_magnets,850511,2024,688,SRB,Serbia,f,7375.0,0.000015,52
rare_earths_and_magnets,850511,2024,442,LUX,Luxembourg,f,5125.0,0.000011,53
rare_earths_and_magnets,850511,2024,191,HRV,Croatia,f,3038.0,0.000006,54
rare_earths_and_magnets,850511,2024,188,CRI,Costa Rica,f,2518.0,0.000005,55
rare_earths_and_magnets,850511,2025,156,CHN,China,f,296548288.0,0.727399,1
rare_earths_and_magnets,850511,2025,392,JPN,Japan,f,24766704.0,0.060750,2
rare_earths_and_magnets,850511,2025,276,DEU,Germany,f,16840511.0,0.041308,3
rare_earths_and_magnets,850511,2025,246,FIN,Finland,f,8403516.0,0.020613,4
rare_earths_and_magnets,850511,2025,490,TWN,Taiwan,f,8066105.0,0.019785,5
rare_earths_and_magnets,850511,2025,360,IDN,Indonesia,f,6084082.0,0.014924,6
rare_earths_and_magnets,850511,2025,608,PHL,Philippines,f,5365938.0,0.013162,7
rare_earths_and_magnets,850511,2025,528,NLD,Netherlands,f,4175723.0,0.010243,8
rare_earths_and_magnets,850511,2025,757,CHE,Switzerland,f,4148957.0,0.010177,9
rare_earths_and_magnets,850511,2025,484,MEX,Mexico,f,4039071.0,0.009907,10
rare_earths_and_magnets,850511,2025,410,KOR,Rep. of Korea,f,3917352.0,0.009609,11
rare_earths_and_magnets,850511,2025,124,CAN,Canada,f,3402624.0,0.008346,12
rare_earths_and_magnets,850511,2025,699,IND,India,f,3298569.0,0.008091,13
rare_earths_and_magnets,850511,2025,704,VNM,Viet Nam,f,2627389.0,0.006445,14
rare_earths_and_magnets,850511,2025,380,ITA,Italy,f,2189667.0,0.005371,15
rare_earths_and_magnets,850511,2025,40,AUT,Austria,f,1495678.0,0.003669,16
rare_earths_and_magnets,850511,2025,826,GBR,United Kingdom,f,1301617.0,0.003193,17
rare_earths_and_magnets,850511,2025,36,AUS,Australia,f,1300514.0,0.003190,18
rare_earths_and_magnets,850511,2025,458,MYS,Malaysia,f,1251772.0,0.003070,19
rare_earths_and_magnets,850511,2025,764,THA,Thailand,f,938742.0,0.002303,20
rare_earths_and_magnets,850511,2025,251,FRA,France,f,924499.0,0.002268,21
rare_earths_and_magnets,850511,2025,100,BGR,Bulgaria,f,779326.0,0.001912,22
rare_earths_and_magnets,850511,2025,705,SVN,Slovenia,f,664042.0,0.001629,23
rare_earths_and_magnets,850511,2025,116,KHM,Cambodia,f,585074.0,0.001435,24
rare_earths_and_magnets,850511,2025,703,SVK,Slovakia,f,557716.0,0.001368,25
rare_earths_and_magnets,850511,2025,428,LVA,Latvia,f,524879.0,0.001287,26
rare_earths_and_magnets,850511,2025,702,SGP,Singapore,f,492387.0,0.001208,27
rare_earths_and_magnets,850511,2025,208,DNK,Denmark,f,468669.0,0.001150,28
rare_earths_and_magnets,850511,2025,76,BRA,Brazil,f,338813.0,0.000831,29
rare_earths_and_magnets,850511,2025,752,SWE,Sweden,f,284428.0,0.000698,30
rare_earths_and_magnets,850511,2025,50,BGD,Bangladesh,f,274657.0,0.000674,31
rare_earths_and_magnets,850511,2025,616,POL,Poland,f,242670.0,0.000595,32
rare_earths_and_magnets,850511,2025,203,CZE,Czechia,f,220654.0,0.000541,33
rare_earths_and_magnets,850511,2025,376,ISR,Israel,f,175110.0,0.000430,34
rare_earths_and_magnets,850511,2025,56,BEL,Belgium,f,148740.0,0.000365,35
rare_earths_and_magnets,850511,2025,792,TUR,Türkiye,f,143614.0,0.000352,36
rare_earths_and_magnets,850511,2025,348,HUN,Hungary,f,110272.0,0.000270,37
rare_earths_and_magnets,850511,2025,724,ESP,Spain,f,101969.0,0.000250,38
rare_earths_and_magnets,850511,2025,620,PRT,Portugal,f,98600.0,0.000242,39
rare_earths_and_magnets,850511,2025,188,CRI,Costa Rica,f,56232.0,0.000138,40
rare_earths_and_magnets,850511,2025,152,CHL,Chile,f,47266.0,0.000116,41
rare_earths_and_magnets,850511,2025,196,CYP,Cyprus,f,47256.0,0.000116,42
rare_earths_and_magnets,850511,2025,579,NOR,Norway,f,46855.0,0.000115,43
rare_earths_and_magnets,850511,2025,710,ZAF,South Africa,f,45947.0,0.000113,44
rare_earths_and_magnets,850511,2025,440,LTU,Lithuania,f,45441.0,0.000111,45
rare_earths_and_magnets,850511,2025,372,IRL,Ireland,f,40291.0,0.000099,46
rare_earths_and_magnets,850511,2025,642,ROU,Romania,f,20020.0,0.000049,47
rare_earths_and_magnets,850511,2025,344,HKG,"China, Hong Kong SAR",f,10837.0,0.000027,48
rare_earths_and_magnets,850511,2025,604,PER,Peru,f,8274.0,0.000020,49
rare_earths_and_magnets,850511,2025,214,DOM,Dominican Rep.,f,5204.0,0.000013,50
rare_earths_and_magnets,850511,2025,504,MAR,Morocco,f,4391.0,0.000011,51
rare_earths_and_magnets,850511,2025,120,CMR,Cameroon,f,4006.0,0.000010,52
rare_earths_and_magnets,850511,2025,784,ARE,United Arab Emirates,f,2105.0,0.000005,53
semiconductors_and_sme,854110,2018,156,CHN,China,f,303102854.0,0.441942,1
semiconductors_and_sme,854110,2018,392,JPN,Japan,f,79938666.0,0.116555,2
semiconductors_and_sme,854110,2018,490,TWN,Taiwan,f,78223907.0,0.114055,3
semiconductors_and_sme,854110,2018,458,MYS,Malaysia,f,61957904.0,0.090338,4
semiconductors_and_sme,854110,2018,764,THA,Thailand,f,35437971.0,0.051671,5
semiconductors_and_sme,854110,2018,608,PHL,Philippines,f,25271053.0,0.036847,6
semiconductors_and_sme,854110,2018,410,KOR,Rep. of Korea,f,15347836.0,0.022378,7
semiconductors_and_sme,854110,2018,276,DEU,Germany,f,11121598.0,0.016216,8
semiconductors_and_sme,854110,2018,380,ITA,Italy,f,8606087.0,0.012548,9
semiconductors_and_sme,854110,2018,344,HKG,"China, Hong Kong SAR",f,8563661.0,0.012486,10
semiconductors_and_sme,854110,2018,826,GBR,United Kingdom,f,7749867.0,0.011300,11
semiconductors_and_sme,854110,2018,348,HUN,Hungary,f,7689942.0,0.011212,12
semiconductors_and_sme,854110,2018,704,VNM,Viet Nam,f,7559195.0,0.011022,13
semiconductors_and_sme,854110,2018,699,IND,India,f,7480039.0,0.010906,14
semiconductors_and_sme,854110,2018,484,MEX,Mexico,f,4390020.0,0.006401,15
semiconductors_and_sme,854110,2018,504,MAR,Morocco,f,4243021.0,0.006187,16
semiconductors_and_sme,854110,2018,36,AUS,Australia,f,2948732.0,0.004299,17
semiconductors_and_sme,854110,2018,124,CAN,Canada,f,2718001.0,0.003963,18
semiconductors_and_sme,854110,2018,702,SGP,Singapore,f,2343325.0,0.003417,19
semiconductors_and_sme,854110,2018,616,POL,Poland,f,1458839.0,0.002127,20
semiconductors_and_sme,854110,2018,214,DOM,Dominican Rep.,f,1388762.0,0.002025,21
semiconductors_and_sme,854110,2018,251,FRA,France,f,1267478.0,0.001848,22
semiconductors_and_sme,854110,2018,440,LTU,Lithuania,f,1210649.0,0.001765,23
semiconductors_and_sme,854110,2018,203,CZE,Czechia,f,982255.0,0.001432,24
semiconductors_and_sme,854110,2018,703,SVK,Slovakia,f,635568.0,0.000927,25
semiconductors_and_sme,854110,2018,620,PRT,Portugal,f,616854.0,0.000899,26
semiconductors_and_sme,854110,2018,757,CHE,Switzerland,f,547001.0,0.000798,27
semiconductors_and_sme,854110,2018,643,RUS,Russian Federation,f,498708.0,0.000727,28
semiconductors_and_sme,854110,2018,76,BRA,Brazil,f,424926.0,0.000620,29
semiconductors_and_sme,854110,2018,528,NLD,Netherlands,f,391598.0,0.000571,30
semiconductors_and_sme,854110,2018,40,AUT,Austria,f,264709.0,0.000386,31
semiconductors_and_sme,854110,2018,56,BEL,Belgium,f,253221.0,0.000369,32
semiconductors_and_sme,854110,2018,376,ISR,Israel,f,176616.0,0.000258,33
semiconductors_and_sme,854110,2018,360,IDN,Indonesia,f,110421.0,0.000161,34
semiconductors_and_sme,854110,2018,372,IRL,Ireland,f,102491.0,0.000149,35
semiconductors_and_sme,854110,2018,231,ETH,Ethiopia,f,100488.0,0.000147,36
semiconductors_and_sme,854110,2018,100,BGR,Bulgaria,f,94609.0,0.000138,37
semiconductors_and_sme,854110,2018,724,ESP,Spain,f,93114.0,0.000136,38
semiconductors_and_sme,854110,2018,300,GRC,Greece,f,80280.0,0.000117,39
semiconductors_and_sme,854110,2018,752,SWE,Sweden,f,78175.0,0.000114,40
semiconductors_and_sme,854110,2018,188,CRI,Costa Rica,f,59587.0,0.000087,41
semiconductors_and_sme,854110,2018,136,CYM,Cayman Isds,f,57450.0,0.000084,42
semiconductors_and_sme,854110,2018,208,DNK,Denmark,f,35381.0,0.000052,43
semiconductors_and_sme,854110,2018,470,MLT,Malta,f,33841.0,0.000049,44
semiconductors_and_sme,854110,2018,554,NZL,New Zealand,f,28644.0,0.000042,45
semiconductors_and_sme,854110,2018,686,SEN,Senegal,f,20200.0,0.000029,46
semiconductors_and_sme,854110,2018,642,ROU,Romania,f,19281.0,0.000028,47
semiconductors_and_sme,854110,2018,108,BDI,Burundi,f,16748.0,0.000024,48
semiconductors_and_sme,854110,2018,788,TUN,Tunisia,f,13934.0,0.000020,49
semiconductors_and_sme,854110,2018,499,MNE,Montenegro,f,11576.0,0.000017,50
semiconductors_and_sme,854110,2018,710,ZAF,South Africa,f,11500.0,0.000017,51
semiconductors_and_sme,854110,2018,705,SVN,Slovenia,f,10895.0,0.000016,52
semiconductors_and_sme,854110,2018,191,HRV,Croatia,f,9765.0,0.000014,53
semiconductors_and_sme,854110,2018,446,MAC,"China, Macao SAR",f,7825.0,0.000011,54
semiconductors_and_sme,854110,2018,804,UKR,Ukraine,f,7051.0,0.000010,55
semiconductors_and_sme,854110,2018,562,NER,Niger,f,6839.0,0.000010,56
semiconductors_and_sme,854110,2018,246,FIN,Finland,f,5150.0,0.000008,57
semiconductors_and_sme,854110,2018,792,TUR,Türkiye,f,3870.0,0.000006,58
semiconductors_and_sme,854110,2018,694,SLE,Sierra Leone,f,3442.0,0.000005,59
semiconductors_and_sme,854110,2018,148,TCD,Chad,f,2851.0,0.000004,60
semiconductors_and_sme,854110,2018,404,KEN,Kenya,f,2634.0,0.000004,61
semiconductors_and_sme,854110,2018,120,CMR,Cameroon,f,2112.0,0.000003,62
semiconductors_and_sme,854110,2018,858,URY,Uruguay,f,2005.0,0.000003,63
semiconductors_and_sme,854110,2019,156,CHN,China,f,158865018.0,0.310292,1
semiconductors_and_sme,854110,2019,392,JPN,Japan,f,76778613.0,0.149962,2
semiconductors_and_sme,854110,2019,490,TWN,Taiwan,f,66796386.0,0.130465,3
semiconductors_and_sme,854110,2019,458,MYS,Malaysia,f,51775868.0,0.101128,4
semiconductors_and_sme,854110,2019,764,THA,Thailand,f,31843069.0,0.062195,5
semiconductors_and_sme,854110,2019,608,PHL,Philippines,f,25867967.0,0.050525,6
semiconductors_and_sme,854110,2019,276,DEU,Germany,f,13519944.0,0.026407,7
semiconductors_and_sme,854110,2019,410,KOR,Rep. of Korea,f,12524015.0,0.024462,8
semiconductors_and_sme,854110,2019,348,HUN,Hungary,f,7567626.0,0.014781,9
semiconductors_and_sme,854110,2019,826,GBR,United Kingdom,f,6991176.0,0.013655,10
semiconductors_and_sme,854110,2019,704,VNM,Viet Nam,f,6626695.0,0.012943,11
semiconductors_and_sme,854110,2019,699,IND,India,f,6367094.0,0.012436,12
semiconductors_and_sme,854110,2019,344,HKG,"China, Hong Kong SAR",f,6309041.0,0.012323,13
semiconductors_and_sme,854110,2019,124,CAN,Canada,f,5988213.0,0.011696,14
semiconductors_and_sme,854110,2019,380,ITA,Italy,f,5687781.0,0.011109,15
semiconductors_and_sme,854110,2019,484,MEX,Mexico,f,4432342.0,0.008657,16
semiconductors_and_sme,854110,2019,36,AUS,Australia,f,3784082.0,0.007391,17
semiconductors_and_sme,854110,2019,504,MAR,Morocco,f,2866742.0,0.005599,18
semiconductors_and_sme,854110,2019,372,IRL,Ireland,f,2336724.0,0.004564,19
semiconductors_and_sme,854110,2019,214,DOM,Dominican Rep.,f,1926432.0,0.003763,20
semiconductors_and_sme,854110,2019,616,POL,Poland,f,1660463.0,0.003243,21
semiconductors_and_sme,854110,2019,702,SGP,Singapore,f,1643113.0,0.003209,22
semiconductors_and_sme,854110,2019,203,CZE,Czechia,f,1561969.0,0.003051,23
semiconductors_and_sme,854110,2019,440,LTU,Lithuania,f,1538160.0,0.003004,24
semiconductors_and_sme,854110,2019,251,FRA,France,f,1529257.0,0.002987,25
semiconductors_and_sme,854110,2019,757,CHE,Switzerland,f,1149850.0,0.002246,26
semiconductors_and_sme,854110,2019,703,SVK,Slovakia,f,752877.0,0.001471,27
semiconductors_and_sme,854110,2019,40,AUT,Austria,f,716265.0,0.001399,28
semiconductors_and_sme,854110,2019,620,PRT,Portugal,f,368290.0,0.000719,29
semiconductors_and_sme,854110,2019,76,BRA,Brazil,f,353360.0,0.000690,30
semiconductors_and_sme,854110,2019,643,RUS,Russian Federation,f,305137.0,0.000596,31
semiconductors_and_sme,854110,2019,376,ISR,Israel,f,298747.0,0.000584,32
semiconductors_and_sme,854110,2019,528,NLD,Netherlands,f,176414.0,0.000345,33
semiconductors_and_sme,854110,2019,446,MAC,"China, Macao SAR",f,125762.0,0.000246,34
semiconductors_and_sme,854110,2019,231,ETH,Ethiopia,f,123711.0,0.000242,35
semiconductors_and_sme,854110,2019,404,KEN,Kenya,f,105886.0,0.000207,36
semiconductors_and_sme,854110,2019,188,CRI,Costa Rica,f,98541.0,0.000192,37
semiconductors_and_sme,854110,2019,258,PYF,French Polynesia,f,89131.0,0.000174,38
semiconductors_and_sme,854110,2019,300,GRC,Greece,f,85636.0,0.000167,39
semiconductors_and_sme,854110,2019,360,IDN,Indonesia,f,83955.0,0.000164,40
semiconductors_and_sme,854110,2019,56,BEL,Belgium,f,80582.0,0.000157,41
semiconductors_and_sme,854110,2019,724,ESP,Spain,f,65787.0,0.000128,42
semiconductors_and_sme,854110,2019,752,SWE,Sweden,f,43278.0,0.000085,43
semiconductors_and_sme,854110,2019,208,DNK,Denmark,f,39659.0,0.000077,44
semiconductors_and_sme,854110,2019,710,ZAF,South Africa,f,30886.0,0.000060,45
semiconductors_and_sme,854110,2019,705,SVN,Slovenia,f,16586.0,0.000032,46
semiconductors_and_sme,854110,2019,246,FIN,Finland,f,15151.0,0.000030,47
semiconductors_and_sme,854110,2019,642,ROU,Romania,f,11573.0,0.000023,48
semiconductors_and_sme,854110,2019,792,TUR,Türkiye,f,9758.0,0.000019,49
semiconductors_and_sme,854110,2019,780,TTO,Trinidad and Tobago,f,8850.0,0.000017,50
semiconductors_and_sme,854110,2019,212,DMA,Dominica,f,5449.0,0.000011,51
semiconductors_and_sme,854110,2019,100,BGR,Bulgaria,f,5437.0,0.000011,52
semiconductors_and_sme,854110,2019,694,SLE,Sierra Leone,f,5046.0,0.000010,53
semiconductors_and_sme,854110,2019,20,AND,Andorra,f,5014.0,0.000010,54
semiconductors_and_sme,854110,2019,68,BOL,Bolivia (Plurinational State of),f,4357.0,0.000009,55
semiconductors_and_sme,854110,2019,116,KHM,Cambodia,f,3876.0,0.000008,56
semiconductors_and_sme,854110,2019,470,MLT,Malta,f,3601.0,0.000007,57
semiconductors_and_sme,854110,2019,120,CMR,Cameroon,f,3474.0,0.000007,58
semiconductors_and_sme,854110,2019,858,URY,Uruguay,f,3251.0,0.000006,59
semiconductors_and_sme,854110,2019,32,ARG,Argentina,f,2856.0,0.000006,60
semiconductors_and_sme,854110,2020,156,CHN,China,f,138336097.0,0.325678,1
semiconductors_and_sme,854110,2020,490,TWN,Taiwan,f,55508604.0,0.130681,2
semiconductors_and_sme,854110,2020,392,JPN,Japan,f,48737476.0,0.114740,3
semiconductors_and_sme,854110,2020,458,MYS,Malaysia,f,46300400.0,0.109003,4
semiconductors_and_sme,854110,2020,764,THA,Thailand,f,29000411.0,0.068274,5
semiconductors_and_sme,854110,2020,608,PHL,Philippines,f,22693747.0,0.053427,6
semiconductors_and_sme,854110,2020,276,DEU,Germany,f,13813548.0,0.032521,7
semiconductors_and_sme,854110,2020,410,KOR,Rep. of Korea,f,12413648.0,0.029225,8
semiconductors_and_sme,854110,2020,826,GBR,United Kingdom,f,6201862.0,0.014601,9
semiconductors_and_sme,854110,2020,380,ITA,Italy,f,5992312.0,0.014107,10
semiconductors_and_sme,854110,2020,704,VNM,Viet Nam,f,5828070.0,0.013721,11
semiconductors_and_sme,854110,2020,348,HUN,Hungary,f,5618440.0,0.013227,12
semiconductors_and_sme,854110,2020,36,AUS,Australia,f,5084488.0,0.011970,13
semiconductors_and_sme,854110,2020,124,CAN,Canada,f,3927950.0,0.009247,14
semiconductors_and_sme,854110,2020,699,IND,India,f,3913499.0,0.009213,15
semiconductors_and_sme,854110,2020,484,MEX,Mexico,f,3553624.0,0.008366,16
semiconductors_and_sme,854110,2020,344,HKG,"China, Hong Kong SAR",f,3388749.0,0.007978,17
semiconductors_and_sme,854110,2020,702,SGP,Singapore,f,2995226.0,0.007052,18
semiconductors_and_sme,854110,2020,251,FRA,France,f,1410231.0,0.003320,19
semiconductors_and_sme,854110,2020,203,CZE,Czechia,f,1336013.0,0.003145,20
semiconductors_and_sme,854110,2020,757,CHE,Switzerland,f,1278300.0,0.003009,21
semiconductors_and_sme,854110,2020,504,MAR,Morocco,f,1259858.0,0.002966,22
semiconductors_and_sme,854110,2020,440,LTU,Lithuania,f,1047402.0,0.002466,23
semiconductors_and_sme,854110,2020,214,DOM,Dominican Rep.,f,931650.0,0.002193,24
semiconductors_and_sme,854110,2020,703,SVK,Slovakia,f,780949.0,0.001839,25
semiconductors_and_sme,854110,2020,76,BRA,Brazil,f,537589.0,0.001266,26
semiconductors_and_sme,854110,2020,616,POL,Poland,f,528241.0,0.001244,27
semiconductors_and_sme,854110,2020,620,PRT,Portugal,f,488600.0,0.001150,28
semiconductors_and_sme,854110,2020,40,AUT,Austria,f,388256.0,0.000914,29
semiconductors_and_sme,854110,2020,376,ISR,Israel,f,369205.0,0.000869,30
semiconductors_and_sme,854110,2020,643,RUS,Russian Federation,f,324995.0,0.000765,31
semiconductors_and_sme,854110,2020,528,NLD,Netherlands,f,146712.0,0.000345,32
semiconductors_and_sme,854110,2020,56,BEL,Belgium,f,104536.0,0.000246,33
semiconductors_and_sme,854110,2020,246,FIN,Finland,f,81304.0,0.000191,34
semiconductors_and_sme,854110,2020,724,ESP,Spain,f,78352.0,0.000184,35
semiconductors_and_sme,854110,2020,188,CRI,Costa Rica,f,64903.0,0.000153,36
semiconductors_and_sme,854110,2020,372,IRL,Ireland,f,41357.0,0.000097,37
semiconductors_and_sme,854110,2020,579,NOR,Norway,f,25500.0,0.000060,38
semiconductors_and_sme,854110,2020,642,ROU,Romania,f,23889.0,0.000056,39
semiconductors_and_sme,854110,2020,659,KNA,Saint Kitts and Nevis,f,23272.0,0.000055,40
semiconductors_and_sme,854110,2020,360,IDN,Indonesia,f,21041.0,0.000050,41
semiconductors_and_sme,854110,2020,796,TCA,Turks and Caicos Isds,f,18178.0,0.000043,42
semiconductors_and_sme,854110,2020,446,MAC,"China, Macao SAR",f,16514.0,0.000039,43
semiconductors_and_sme,854110,2020,752,SWE,Sweden,f,15218.0,0.000036,44
semiconductors_and_sme,854110,2020,208,DNK,Denmark,f,13807.0,0.000033,45
semiconductors_and_sme,854110,2020,784,ARE,United Arab Emirates,f,13604.0,0.000032,46
semiconductors_and_sme,854110,2020,233,EST,Estonia,f,10602.0,0.000025,47
semiconductors_and_sme,854110,2020,112,BLR,Belarus,f,9190.0,0.000022,48
semiconductors_and_sme,854110,2020,705,SVN,Slovenia,f,9183.0,0.000022,49
semiconductors_and_sme,854110,2020,554,NZL,New Zealand,f,7402.0,0.000017,50
semiconductors_and_sme,854110,2020,100,BGR,Bulgaria,f,7077.0,0.000017,51
semiconductors_and_sme,854110,2020,466,MLI,Mali,f,6570.0,0.000015,52
semiconductors_and_sme,854110,2020,788,TUN,Tunisia,f,5256.0,0.000012,53
semiconductors_and_sme,854110,2020,231,ETH,Ethiopia,f,5224.0,0.000012,54
semiconductors_and_sme,854110,2020,804,UKR,Ukraine,f,4731.0,0.000011,55
semiconductors_and_sme,854110,2020,604,PER,Peru,f,3593.0,0.000008,56
semiconductors_and_sme,854110,2020,120,CMR,Cameroon,f,3318.0,0.000008,57
semiconductors_and_sme,854110,2020,792,TUR,Türkiye,f,3287.0,0.000008,58
semiconductors_and_sme,854110,2020,170,COL,Colombia,f,3085.0,0.000007,59
semiconductors_and_sme,854110,2020,626,TLS,Timor-Leste,f,2935.0,0.000007,60
semiconductors_and_sme,854110,2020,591,PAN,Panama,f,2654.0,0.000006,61
semiconductors_and_sme,854110,2020,68,BOL,Bolivia (Plurinational State of),f,2169.0,0.000005,62
semiconductors_and_sme,854110,2021,156,CHN,China,f,194845379.0,0.352596,1
semiconductors_and_sme,854110,2021,490,TWN,Taiwan,f,68914760.0,0.124710,2
semiconductors_and_sme,854110,2021,458,MYS,Malaysia,f,61020745.0,0.110424,3
semiconductors_and_sme,854110,2021,392,JPN,Japan,f,60275912.0,0.109077,4
semiconductors_and_sme,854110,2021,764,THA,Thailand,f,39122656.0,0.070797,5
semiconductors_and_sme,854110,2021,608,PHL,Philippines,f,28421869.0,0.051433,6
semiconductors_and_sme,854110,2021,276,DEU,Germany,f,15281166.0,0.027653,7
semiconductors_and_sme,854110,2021,410,KOR,Rep. of Korea,f,12273111.0,0.022210,8
semiconductors_and_sme,854110,2021,704,VNM,Viet Nam,f,10500569.0,0.019002,9
semiconductors_and_sme,854110,2021,124,CAN,Canada,f,8569522.0,0.015508,10
semiconductors_and_sme,854110,2021,699,IND,India,f,8026737.0,0.014525,11
semiconductors_and_sme,854110,2021,826,GBR,United Kingdom,f,7336556.0,0.013276,12
semiconductors_and_sme,854110,2021,380,ITA,Italy,f,6435051.0,0.011645,13
semiconductors_and_sme,854110,2021,36,AUS,Australia,f,5481416.0,0.009919,14
semiconductors_and_sme,854110,2021,348,HUN,Hungary,f,3832167.0,0.006935,15
semiconductors_and_sme,854110,2021,484,MEX,Mexico,f,3605422.0,0.006524,16
semiconductors_and_sme,854110,2021,40,AUT,Austria,f,2468516.0,0.004467,17
semiconductors_and_sme,854110,2021,76,BRA,Brazil,f,2270609.0,0.004109,18
semiconductors_and_sme,854110,2021,702,SGP,Singapore,f,1824028.0,0.003301,19
semiconductors_and_sme,854110,2021,203,CZE,Czechia,f,1568725.0,0.002839,20
semiconductors_and_sme,854110,2021,757,CHE,Switzerland,f,1476032.0,0.002671,21
semiconductors_and_sme,854110,2021,440,LTU,Lithuania,f,1192464.0,0.002158,22
semiconductors_and_sme,854110,2021,251,FRA,France,f,1109110.0,0.002007,23
semiconductors_and_sme,854110,2021,703,SVK,Slovakia,f,1101693.0,0.001994,24
semiconductors_and_sme,854110,2021,344,HKG,"China, Hong Kong SAR",f,1098444.0,0.001988,25
semiconductors_and_sme,854110,2021,504,MAR,Morocco,f,1075651.0,0.001947,26
semiconductors_and_sme,854110,2021,620,PRT,Portugal,f,639713.0,0.001158,27
semiconductors_and_sme,854110,2021,214,DOM,Dominican Rep.,f,597111.0,0.001081,28
semiconductors_and_sme,854110,2021,372,IRL,Ireland,f,432815.0,0.000783,29
semiconductors_and_sme,854110,2021,616,POL,Poland,f,427836.0,0.000774,30
semiconductors_and_sme,854110,2021,376,ISR,Israel,f,265110.0,0.000480,31
semiconductors_and_sme,854110,2021,56,BEL,Belgium,f,259829.0,0.000470,32
semiconductors_and_sme,854110,2021,643,RUS,Russian Federation,f,211820.0,0.000383,33
semiconductors_and_sme,854110,2021,528,NLD,Netherlands,f,134047.0,0.000243,34
semiconductors_and_sme,854110,2021,724,ESP,Spain,f,133844.0,0.000242,35
semiconductors_and_sme,854110,2021,579,NOR,Norway,f,40687.0,0.000074,36
semiconductors_and_sme,854110,2021,404,KEN,Kenya,f,34338.0,0.000062,37
semiconductors_and_sme,854110,2021,705,SVN,Slovenia,f,30622.0,0.000055,38
semiconductors_and_sme,854110,2021,752,SWE,Sweden,f,28699.0,0.000052,39
semiconductors_and_sme,854110,2021,208,DNK,Denmark,f,20561.0,0.000037,40
semiconductors_and_sme,854110,2021,231,ETH,Ethiopia,f,20107.0,0.000036,41
semiconductors_and_sme,854110,2021,792,TUR,Türkiye,f,18689.0,0.000034,42
semiconductors_and_sme,854110,2021,116,KHM,Cambodia,f,18674.0,0.000034,43
semiconductors_and_sme,854110,2021,246,FIN,Finland,f,16368.0,0.000030,44
semiconductors_and_sme,854110,2021,68,BOL,Bolivia (Plurinational State of),f,14006.0,0.000025,45
semiconductors_and_sme,854110,2021,642,ROU,Romania,f,13857.0,0.000025,46
semiconductors_and_sme,854110,2021,360,IDN,Indonesia,f,13283.0,0.000024,47
semiconductors_and_sme,854110,2021,120,CMR,Cameroon,f,13201.0,0.000024,48
semiconductors_and_sme,854110,2021,428,LVA,Latvia,f,11316.0,0.000020,49
semiconductors_and_sme,854110,2021,233,EST,Estonia,f,10661.0,0.000019,50
semiconductors_and_sme,854110,2021,300,GRC,Greece,f,9755.0,0.000018,51
semiconductors_and_sme,854110,2021,446,MAC,"China, Macao SAR",f,8683.0,0.000016,52
semiconductors_and_sme,854110,2021,188,CRI,Costa Rica,f,8532.0,0.000015,53
semiconductors_and_sme,854110,2021,112,BLR,Belarus,f,7248.0,0.000013,54
semiconductors_and_sme,854110,2021,694,SLE,Sierra Leone,f,5779.0,0.000010,55
semiconductors_and_sme,854110,2021,706,SOM,Somalia,f,5149.0,0.000009,56
semiconductors_and_sme,854110,2021,32,ARG,Argentina,f,4964.0,0.000009,57
semiconductors_and_sme,854110,2021,104,MMR,Myanmar,f,4139.0,0.000007,58
semiconductors_and_sme,854110,2021,499,MNE,Montenegro,f,3848.0,0.000007,59
semiconductors_and_sme,854110,2021,222,SLV,El Salvador,f,3546.0,0.000006,60
semiconductors_and_sme,854110,2021,788,TUN,Tunisia,f,2928.0,0.000005,61
semiconductors_and_sme,854110,2021,100,BGR,Bulgaria,f,2053.0,0.000004,62
semiconductors_and_sme,854110,2022,156,CHN,China,f,306190695.0,0.391846,1
semiconductors_and_sme,854110,2022,490,TWN,Taiwan,f,99908091.0,0.127857,2
semiconductors_and_sme,854110,2022,392,JPN,Japan,f,91842182.0,0.117535,3
semiconductors_and_sme,854110,2022,458,MYS,Malaysia,f,76833274.0,0.098327,4
semiconductors_and_sme,854110,2022,608,PHL,Philippines,f,44755824.0,0.057276,5
semiconductors_and_sme,854110,2022,764,THA,Thailand,f,36145705.0,0.046257,6
semiconductors_and_sme,854110,2022,276,DEU,Germany,f,19458289.0,0.024902,7
semiconductors_and_sme,854110,2022,40,AUT,Austria,f,13753415.0,0.017601,8
semiconductors_and_sme,854110,2022,410,KOR,Rep. of Korea,f,12866744.0,0.016466,9
semiconductors_and_sme,854110,2022,704,VNM,Viet Nam,f,12414746.0,0.015888,10
semiconductors_and_sme,854110,2022,826,GBR,United Kingdom,f,10073969.0,0.012892,11
semiconductors_and_sme,854110,2022,699,IND,India,f,8810216.0,0.011275,12
semiconductors_and_sme,854110,2022,348,HUN,Hungary,f,6543300.0,0.008374,13
semiconductors_and_sme,854110,2022,380,ITA,Italy,f,6245190.0,0.007992,14
semiconductors_and_sme,854110,2022,124,CAN,Canada,f,6088294.0,0.007791,15
semiconductors_and_sme,854110,2022,36,AUS,Australia,f,5358313.0,0.006857,16
semiconductors_and_sme,854110,2022,484,MEX,Mexico,f,4003587.0,0.005124,17
semiconductors_and_sme,854110,2022,251,FRA,France,f,2294915.0,0.002937,18
semiconductors_and_sme,854110,2022,76,BRA,Brazil,f,2104581.0,0.002693,19
semiconductors_and_sme,854110,2022,203,CZE,Czechia,f,2037486.0,0.002607,20
semiconductors_and_sme,854110,2022,504,MAR,Morocco,f,1719627.0,0.002201,21
semiconductors_and_sme,854110,2022,703,SVK,Slovakia,f,1681684.0,0.002152,22
semiconductors_and_sme,854110,2022,440,LTU,Lithuania,f,1590880.0,0.002036,23
semiconductors_and_sme,854110,2022,214,DOM,Dominican Rep.,f,1264289.0,0.001618,24
semiconductors_and_sme,854110,2022,702,SGP,Singapore,f,1206921.0,0.001545,25
semiconductors_and_sme,854110,2022,344,HKG,"China, Hong Kong SAR",f,1187519.0,0.001520,26
semiconductors_and_sme,854110,2022,724,ESP,Spain,f,1099762.0,0.001407,27
semiconductors_and_sme,854110,2022,372,IRL,Ireland,f,757344.0,0.000969,28
semiconductors_and_sme,854110,2022,616,POL,Poland,f,626995.0,0.000802,29
semiconductors_and_sme,854110,2022,528,NLD,Netherlands,f,408743.0,0.000523,30
semiconductors_and_sme,854110,2022,376,ISR,Israel,f,389708.0,0.000499,31
semiconductors_and_sme,854110,2022,620,PRT,Portugal,f,323052.0,0.000413,32
semiconductors_and_sme,854110,2022,757,CHE,Switzerland,f,240143.0,0.000307,33
semiconductors_and_sme,854110,2022,752,SWE,Sweden,f,201436.0,0.000258,34
semiconductors_and_sme,854110,2022,705,SVN,Slovenia,f,144438.0,0.000185,35
semiconductors_and_sme,854110,2022,642,ROU,Romania,f,128045.0,0.000164,36
semiconductors_and_sme,854110,2022,246,FIN,Finland,f,106392.0,0.000136,37
semiconductors_and_sme,854110,2022,208,DNK,Denmark,f,100476.0,0.000129,38
semiconductors_and_sme,854110,2022,643,RUS,Russian Federation,f,81776.0,0.000105,39
semiconductors_and_sme,854110,2022,56,BEL,Belgium,f,74031.0,0.000095,40
semiconductors_and_sme,854110,2022,792,TUR,Türkiye,f,62287.0,0.000080,41
semiconductors_and_sme,854110,2022,231,ETH,Ethiopia,f,61484.0,0.000079,42
semiconductors_and_sme,854110,2022,360,IDN,Indonesia,f,55824.0,0.000071,43
semiconductors_and_sme,854110,2022,554,NZL,New Zealand,f,28100.0,0.000036,44
semiconductors_and_sme,854110,2022,784,ARE,United Arab Emirates,f,22042.0,0.000028,45
semiconductors_and_sme,854110,2022,860,UZB,Uzbekistan,f,19661.0,0.000025,46
semiconductors_and_sme,854110,2022,191,HRV,Croatia,f,16774.0,0.000021,47
semiconductors_and_sme,854110,2022,694,SLE,Sierra Leone,f,11095.0,0.000014,48
semiconductors_and_sme,854110,2022,300,GRC,Greece,f,10583.0,0.000014,49
semiconductors_and_sme,854110,2022,112,BLR,Belarus,f,8466.0,0.000011,50
semiconductors_and_sme,854110,2022,466,MLI,Mali,f,7616.0,0.000010,51
semiconductors_and_sme,854110,2022,340,HND,Honduras,f,6050.0,0.000008,52
semiconductors_and_sme,854110,2022,100,BGR,Bulgaria,f,5650.0,0.000007,53
semiconductors_and_sme,854110,2022,762,TJK,Tajikistan,f,4631.0,0.000006,54
semiconductors_and_sme,854110,2022,152,CHL,Chile,f,4361.0,0.000006,55
semiconductors_and_sme,854110,2022,12,DZA,Algeria,f,3740.0,0.000005,56
semiconductors_and_sme,854110,2022,788,TUN,Tunisia,f,3703.0,0.000005,57
semiconductors_and_sme,854110,2022,579,NOR,Norway,f,3542.0,0.000005,58
semiconductors_and_sme,854110,2022,266,GAB,Gabon,f,2664.0,0.000003,59
semiconductors_and_sme,854110,2022,116,KHM,Cambodia,f,2575.0,0.000003,60
semiconductors_and_sme,854110,2022,442,LUX,Luxembourg,f,2430.0,0.000003,61
semiconductors_and_sme,854110,2023,156,CHN,China,f,170773417.0,0.311357,1
semiconductors_and_sme,854110,2023,490,TWN,Taiwan,f,79802363.0,0.145497,2
semiconductors_and_sme,854110,2023,458,MYS,Malaysia,f,67738277.0,0.123502,3
semiconductors_and_sme,854110,2023,392,JPN,Japan,f,50190841.0,0.091509,4
semiconductors_and_sme,854110,2023,608,PHL,Philippines,f,33097214.0,0.060343,5
semiconductors_and_sme,854110,2023,764,THA,Thailand,f,27987500.0,0.051027,6
semiconductors_and_sme,854110,2023,276,DEU,Germany,f,19783200.0,0.036069,7
semiconductors_and_sme,854110,2023,410,KOR,Rep. of Korea,f,18646372.0,0.033996,8
semiconductors_and_sme,854110,2023,826,GBR,United Kingdom,f,12377204.0,0.022566,9
semiconductors_and_sme,854110,2023,40,AUT,Austria,f,10598944.0,0.019324,10
semiconductors_and_sme,854110,2023,704,VNM,Viet Nam,f,7574914.0,0.013811,11
semiconductors_and_sme,854110,2023,699,IND,India,f,7388863.0,0.013471,12
semiconductors_and_sme,854110,2023,36,AUS,Australia,f,6015802.0,0.010968,13
semiconductors_and_sme,854110,2023,380,ITA,Italy,f,5040069.0,0.009189,14
semiconductors_and_sme,854110,2023,124,CAN,Canada,f,4865450.0,0.008871,15
semiconductors_and_sme,854110,2023,348,HUN,Hungary,f,3841937.0,0.007005,16
semiconductors_and_sme,854110,2023,203,CZE,Czechia,f,3554330.0,0.006480,17
semiconductors_and_sme,854110,2023,484,MEX,Mexico,f,3091800.0,0.005637,18
semiconductors_and_sme,854110,2023,504,MAR,Morocco,f,2974962.0,0.005424,19
semiconductors_and_sme,854110,2023,251,FRA,France,f,2041818.0,0.003723,20
semiconductors_and_sme,854110,2023,376,ISR,Israel,f,1616068.0,0.002946,21
semiconductors_and_sme,854110,2023,703,SVK,Slovakia,f,1547454.0,0.002821,22
semiconductors_and_sme,854110,2023,214,DOM,Dominican Rep.,f,1417006.0,0.002584,23
semiconductors_and_sme,854110,2023,702,SGP,Singapore,f,871052.0,0.001588,24
semiconductors_and_sme,854110,2023,616,POL,Poland,f,702829.0,0.001281,25
semiconductors_and_sme,854110,2023,757,CHE,Switzerland,f,693337.0,0.001264,26
semiconductors_and_sme,854110,2023,372,IRL,Ireland,f,672563.0,0.001226,27
semiconductors_and_sme,854110,2023,440,LTU,Lithuania,f,639583.0,0.001166,28
semiconductors_and_sme,854110,2023,344,HKG,"China, Hong Kong SAR",f,630054.0,0.001149,29
semiconductors_and_sme,854110,2023,528,NLD,Netherlands,f,527325.0,0.000961,30
semiconductors_and_sme,854110,2023,76,BRA,Brazil,f,465284.0,0.000848,31
semiconductors_and_sme,854110,2023,724,ESP,Spain,f,343136.0,0.000626,32
semiconductors_and_sme,854110,2023,56,BEL,Belgium,f,170329.0,0.000311,33
semiconductors_and_sme,854110,2023,752,SWE,Sweden,f,152324.0,0.000278,34
semiconductors_and_sme,854110,2023,360,IDN,Indonesia,f,106621.0,0.000194,35
semiconductors_and_sme,854110,2023,184,COK,Cook Isds,f,102024.0,0.000186,36
semiconductors_and_sme,854110,2023,579,NOR,Norway,f,71804.0,0.000131,37
semiconductors_and_sme,854110,2023,705,SVN,Slovenia,f,63054.0,0.000115,38
semiconductors_and_sme,854110,2023,642,ROU,Romania,f,62230.0,0.000113,39
semiconductors_and_sme,854110,2023,208,DNK,Denmark,f,60582.0,0.000110,40
semiconductors_and_sme,854110,2023,231,ETH,Ethiopia,f,58798.0,0.000107,41
semiconductors_and_sme,854110,2023,710,ZAF,South Africa,f,34557.0,0.000063,42
semiconductors_and_sme,854110,2023,620,PRT,Portugal,f,18556.0,0.000034,43
semiconductors_and_sme,854110,2023,682,SAU,Saudi Arabia,f,18492.0,0.000034,44
semiconductors_and_sme,854110,2023,188,CRI,Costa Rica,f,10895.0,0.000020,45
semiconductors_and_sme,854110,2023,792,TUR,Türkiye,f,7579.0,0.000014,46
semiconductors_and_sme,854110,2023,643,RUS,Russian Federation,f,7322.0,0.000013,47
semiconductors_and_sme,854110,2023,300,GRC,Greece,f,6475.0,0.000012,48
semiconductors_and_sme,854110,2023,470,MLT,Malta,f,4752.0,0.000009,49
semiconductors_and_sme,854110,2023,554,NZL,New Zealand,f,4055.0,0.000007,50
semiconductors_and_sme,854110,2023,100,BGR,Bulgaria,f,3618.0,0.000007,51
semiconductors_and_sme,854110,2023,694,SLE,Sierra Leone,f,3486.0,0.000006,52
semiconductors_and_sme,854110,2023,152,CHL,Chile,f,2842.0,0.000005,53
semiconductors_and_sme,854110,2024,156,CHN,China,f,133864224.0,0.272404,1
semiconductors_and_sme,854110,2024,490,TWN,Taiwan,f,64195674.0,0.130634,2
semiconductors_and_sme,854110,2024,458,MYS,Malaysia,f,58828167.0,0.119711,3
semiconductors_and_sme,854110,2024,392,JPN,Japan,f,47691381.0,0.097049,4
semiconductors_and_sme,854110,2024,699,IND,India,f,34490682.0,0.070186,5
semiconductors_and_sme,854110,2024,608,PHL,Philippines,f,30095322.0,0.061242,6
semiconductors_and_sme,854110,2024,764,THA,Thailand,f,22313534.0,0.045406,7
semiconductors_and_sme,854110,2024,826,GBR,United Kingdom,f,18684397.0,0.038021,8
semiconductors_and_sme,854110,2024,276,DEU,Germany,f,18214422.0,0.037065,9
semiconductors_and_sme,854110,2024,410,KOR,Rep. of Korea,f,9620389.0,0.019577,10
semiconductors_and_sme,854110,2024,484,MEX,Mexico,f,6220915.0,0.012659,11
semiconductors_and_sme,854110,2024,704,VNM,Viet Nam,f,6008459.0,0.012227,12
semiconductors_and_sme,854110,2024,40,AUT,Austria,f,5685531.0,0.011570,13
semiconductors_and_sme,854110,2024,124,CAN,Canada,f,4380985.0,0.008915,14
semiconductors_and_sme,854110,2024,380,ITA,Italy,f,4374804.0,0.008902,15
semiconductors_and_sme,854110,2024,251,FRA,France,f,4211150.0,0.008569,16
semiconductors_and_sme,854110,2024,348,HUN,Hungary,f,3506222.0,0.007135,17
semiconductors_and_sme,854110,2024,36,AUS,Australia,f,3234677.0,0.006582,18
semiconductors_and_sme,854110,2024,702,SGP,Singapore,f,2765356.0,0.005627,19
semiconductors_and_sme,854110,2024,504,MAR,Morocco,f,2649190.0,0.005391,20
semiconductors_and_sme,854110,2024,203,CZE,Czechia,f,2101560.0,0.004277,21
semiconductors_and_sme,854110,2024,703,SVK,Slovakia,f,1259848.0,0.002564,22
semiconductors_and_sme,854110,2024,440,LTU,Lithuania,f,1205044.0,0.002452,23
semiconductors_and_sme,854110,2024,214,DOM,Dominican Rep.,f,984922.0,0.002004,24
semiconductors_and_sme,854110,2024,616,POL,Poland,f,812833.0,0.001654,25
semiconductors_and_sme,854110,2024,528,NLD,Netherlands,f,657413.0,0.001338,26
semiconductors_and_sme,854110,2024,757,CHE,Switzerland,f,637921.0,0.001298,27
semiconductors_and_sme,854110,2024,376,ISR,Israel,f,607421.0,0.001236,28
semiconductors_and_sme,854110,2024,372,IRL,Ireland,f,363101.0,0.000739,29
semiconductors_and_sme,854110,2024,76,BRA,Brazil,f,334527.0,0.000681,30
semiconductors_and_sme,854110,2024,724,ESP,Spain,f,278705.0,0.000567,31
semiconductors_and_sme,854110,2024,246,FIN,Finland,f,260259.0,0.000530,32
semiconductors_and_sme,854110,2024,56,BEL,Belgium,f,136976.0,0.000279,33
semiconductors_and_sme,854110,2024,579,NOR,Norway,f,128499.0,0.000261,34
semiconductors_and_sme,854110,2024,642,ROU,Romania,f,112732.0,0.000229,35
semiconductors_and_sme,854110,2024,752,SWE,Sweden,f,90207.0,0.000184,36
semiconductors_and_sme,854110,2024,344,HKG,"China, Hong Kong SAR",f,78747.0,0.000160,37
semiconductors_and_sme,854110,2024,470,MLT,Malta,f,45696.0,0.000093,38
semiconductors_and_sme,854110,2024,788,TUN,Tunisia,f,44286.0,0.000090,39
semiconductors_and_sme,854110,2024,705,SVN,Slovenia,f,30063.0,0.000061,40
semiconductors_and_sme,854110,2024,554,NZL,New Zealand,f,29154.0,0.000059,41
semiconductors_and_sme,854110,2024,100,BGR,Bulgaria,f,28744.0,0.000058,42
semiconductors_and_sme,854110,2024,860,UZB,Uzbekistan,f,24230.0,0.000049,43
semiconductors_and_sme,854110,2024,466,MLI,Mali,f,16178.0,0.000033,44
semiconductors_and_sme,854110,2024,620,PRT,Portugal,f,15176.0,0.000031,45
semiconductors_and_sme,854110,2024,360,IDN,Indonesia,f,14269.0,0.000029,46
semiconductors_and_sme,854110,2024,231,ETH,Ethiopia,f,13034.0,0.000027,47
semiconductors_and_sme,854110,2024,710,ZAF,South Africa,f,11451.0,0.000023,48
semiconductors_and_sme,854110,2024,188,CRI,Costa Rica,f,11145.0,0.000023,49
semiconductors_and_sme,854110,2024,792,TUR,Türkiye,f,9894.0,0.000020,50
semiconductors_and_sme,854110,2024,694,SLE,Sierra Leone,f,9864.0,0.000020,51
semiconductors_and_sme,854110,2024,688,SRB,Serbia,f,8804.0,0.000018,52
semiconductors_and_sme,854110,2024,208,DNK,Denmark,f,7614.0,0.000015,53
semiconductors_and_sme,854110,2024,604,PER,Peru,f,4600.0,0.000009,54
semiconductors_and_sme,854110,2024,352,ISL,Iceland,f,2417.0,0.000005,55
semiconductors_and_sme,854110,2024,233,EST,Estonia,f,2337.0,0.000005,56
semiconductors_and_sme,854110,2024,152,CHL,Chile,f,2258.0,0.000005,57
semiconductors_and_sme,854110,2025,156,CHN,China,f,106066225.0,0.230146,1
semiconductors_and_sme,854110,2025,490,TWN,Taiwan,f,72302507.0,0.156884,2
semiconductors_and_sme,854110,2025,458,MYS,Malaysia,f,65340346.0,0.141778,3
semiconductors_and_sme,854110,2025,392,JPN,Japan,f,50179483.0,0.108881,4
semiconductors_and_sme,854110,2025,764,THA,Thailand,f,29081389.0,0.063102,5
semiconductors_and_sme,854110,2025,608,PHL,Philippines,f,24678141.0,0.053547,6
semiconductors_and_sme,854110,2025,276,DEU,Germany,f,18763466.0,0.040714,7
semiconductors_and_sme,854110,2025,410,KOR,Rep. of Korea,f,13732461.0,0.029797,8
semiconductors_and_sme,854110,2025,826,GBR,United Kingdom,f,12514685.0,0.027155,9
semiconductors_and_sme,854110,2025,40,AUT,Austria,f,10359152.0,0.022478,10
semiconductors_and_sme,854110,2025,251,FRA,France,f,9156682.0,0.019868,11
semiconductors_and_sme,854110,2025,348,HUN,Hungary,f,6591407.0,0.014302,12
semiconductors_and_sme,854110,2025,699,IND,India,f,6221046.0,0.013499,13
semiconductors_and_sme,854110,2025,704,VNM,Viet Nam,f,5410337.0,0.011740,14
semiconductors_and_sme,854110,2025,380,ITA,Italy,f,4891508.0,0.010614,15
semiconductors_and_sme,854110,2025,124,CAN,Canada,f,4521702.0,0.009811,16
semiconductors_and_sme,854110,2025,702,SGP,Singapore,f,3696587.0,0.008021,17
semiconductors_and_sme,854110,2025,484,MEX,Mexico,f,3600674.0,0.007813,18
semiconductors_and_sme,854110,2025,203,CZE,Czechia,f,2907869.0,0.006310,19
semiconductors_and_sme,854110,2025,703,SVK,Slovakia,f,1890307.0,0.004102,20
semiconductors_and_sme,854110,2025,214,DOM,Dominican Rep.,f,1233092.0,0.002676,21
semiconductors_and_sme,854110,2025,372,IRL,Ireland,f,865064.0,0.001877,22
semiconductors_and_sme,854110,2025,36,AUS,Australia,f,796307.0,0.001728,23
semiconductors_and_sme,854110,2025,528,NLD,Netherlands,f,775331.0,0.001682,24
semiconductors_and_sme,854110,2025,504,MAR,Morocco,f,742503.0,0.001611,25
semiconductors_and_sme,854110,2025,440,LTU,Lithuania,f,639210.0,0.001387,26
semiconductors_and_sme,854110,2025,376,ISR,Israel,f,606424.0,0.001316,27
semiconductors_and_sme,854110,2025,344,HKG,"China, Hong Kong SAR",f,550714.0,0.001195,28
semiconductors_and_sme,854110,2025,757,CHE,Switzerland,f,486382.0,0.001055,29
semiconductors_and_sme,854110,2025,752,SWE,Sweden,f,355125.0,0.000771,30
semiconductors_and_sme,854110,2025,76,BRA,Brazil,f,337287.0,0.000732,31
semiconductors_and_sme,854110,2025,616,POL,Poland,f,187934.0,0.000408,32
semiconductors_and_sme,854110,2025,642,ROU,Romania,f,162404.0,0.000352,33
semiconductors_and_sme,854110,2025,246,FIN,Finland,f,160823.0,0.000349,34
semiconductors_and_sme,854110,2025,724,ESP,Spain,f,150821.0,0.000327,35
semiconductors_and_sme,854110,2025,56,BEL,Belgium,f,140020.0,0.000304,36
semiconductors_and_sme,854110,2025,300,GRC,Greece,f,110596.0,0.000240,37
semiconductors_and_sme,854110,2025,554,NZL,New Zealand,f,109632.0,0.000238,38
semiconductors_and_sme,854110,2025,788,TUN,Tunisia,f,105067.0,0.000228,39
semiconductors_and_sme,854110,2025,208,DNK,Denmark,f,94014.0,0.000204,40
semiconductors_and_sme,854110,2025,705,SVN,Slovenia,f,75743.0,0.000164,41
semiconductors_and_sme,854110,2025,233,EST,Estonia,f,61605.0,0.000134,42
semiconductors_and_sme,854110,2025,231,ETH,Ethiopia,f,42676.0,0.000093,43
semiconductors_and_sme,854110,2025,620,PRT,Portugal,f,26492.0,0.000057,44
semiconductors_and_sme,854110,2025,579,NOR,Norway,f,23171.0,0.000050,45
semiconductors_and_sme,854110,2025,104,MMR,Myanmar,f,22017.0,0.000048,46
semiconductors_and_sme,854110,2025,796,TCA,Turks and Caicos Isds,f,21220.0,0.000046,47
semiconductors_and_sme,854110,2025,792,TUR,Türkiye,f,21068.0,0.000046,48
semiconductors_and_sme,854110,2025,360,IDN,Indonesia,f,20110.0,0.000044,49
semiconductors_and_sme,854110,2025,188,CRI,Costa Rica,f,12626.0,0.000027,50
semiconductors_and_sme,854110,2025,120,CMR,Cameroon,f,7788.0,0.000017,51
semiconductors_and_sme,854110,2025,352,ISL,Iceland,f,5075.0,0.000011,52
semiconductors_and_sme,854110,2025,694,SLE,Sierra Leone,f,3080.0,0.000007,53
semiconductors_and_sme,854110,2025,340,HND,Honduras,f,2891.0,0.000006,54
semiconductors_and_sme,854110,2025,604,PER,Peru,f,2400.0,0.000005,55
semiconductors_and_sme,854110,2025,100,BGR,Bulgaria,f,2113.0,0.000005,56
semiconductors_and_sme,854121,2018,156,CHN,China,f,59203548.0,0.332729,1
semiconductors_and_sme,854121,2018,392,JPN,Japan,f,38145940.0,0.214383,2
semiconductors_and_sme,854121,2018,458,MYS,Malaysia,f,23250476.0,0.130670,3
semiconductors_and_sme,854121,2018,276,DEU,Germany,f,16946484.0,0.095241,4
semiconductors_and_sme,854121,2018,764,THA,Thailand,f,11554207.0,0.064936,5
semiconductors_and_sme,854121,2018,490,TWN,Taiwan,f,8235263.0,0.046283,6
semiconductors_and_sme,854121,2018,608,PHL,Philippines,f,6014676.0,0.033803,7
semiconductors_and_sme,854121,2018,344,HKG,"China, Hong Kong SAR",f,3812391.0,0.021426,8
semiconductors_and_sme,854121,2018,380,ITA,Italy,f,3703935.0,0.020816,9
semiconductors_and_sme,854121,2018,702,SGP,Singapore,f,2613827.0,0.014690,10
semiconductors_and_sme,854121,2018,826,GBR,United Kingdom,f,1450005.0,0.008149,11
semiconductors_and_sme,854121,2018,410,KOR,Rep. of Korea,f,1194320.0,0.006712,12
semiconductors_and_sme,854121,2018,484,MEX,Mexico,f,674910.0,0.003793,13
semiconductors_and_sme,854121,2018,643,RUS,Russian Federation,f,158834.0,0.000893,14
semiconductors_and_sme,854121,2018,56,BEL,Belgium,f,157534.0,0.000885,15
semiconductors_and_sme,854121,2018,620,PRT,Portugal,f,146532.0,0.000824,16
semiconductors_and_sme,854121,2018,699,IND,India,f,116119.0,0.000653,17
semiconductors_and_sme,854121,2018,757,CHE,Switzerland,f,110733.0,0.000622,18
semiconductors_and_sme,854121,2018,40,AUT,Austria,f,101913.0,0.000573,19
semiconductors_and_sme,854121,2018,251,FRA,France,f,68221.0,0.000383,20
semiconductors_and_sme,854121,2018,376,ISR,Israel,f,48885.0,0.000275,21
semiconductors_and_sme,854121,2018,724,ESP,Spain,f,37943.0,0.000213,22
semiconductors_and_sme,854121,2018,616,POL,Poland,f,22399.0,0.000126,23
semiconductors_and_sme,854121,2018,704,VNM,Viet Nam,f,22219.0,0.000125,24
semiconductors_and_sme,854121,2018,504,MAR,Morocco,f,21833.0,0.000123,25
semiconductors_and_sme,854121,2018,348,HUN,Hungary,f,20261.0,0.000114,26
semiconductors_and_sme,854121,2018,528,NLD,Netherlands,f,19213.0,0.000108,27
semiconductors_and_sme,854121,2018,246,FIN,Finland,f,12222.0,0.000069,28
semiconductors_and_sme,854121,2018,203,CZE,Czechia,f,11590.0,0.000065,29
semiconductors_and_sme,854121,2018,76,BRA,Brazil,f,11188.0,0.000063,30
semiconductors_and_sme,854121,2018,233,EST,Estonia,f,9676.0,0.000054,31
semiconductors_and_sme,854121,2018,208,DNK,Denmark,f,9049.0,0.000051,32
semiconductors_and_sme,854121,2018,440,LTU,Lithuania,f,8525.0,0.000048,33
semiconductors_and_sme,854121,2018,792,TUR,Türkiye,f,7659.0,0.000043,34
semiconductors_and_sme,854121,2018,124,CAN,Canada,f,4681.0,0.000026,35
semiconductors_and_sme,854121,2018,372,IRL,Ireland,f,3340.0,0.000019,36
semiconductors_and_sme,854121,2018,499,MNE,Montenegro,f,2730.0,0.000015,37
semiconductors_and_sme,854121,2019,156,CHN,China,f,37622657.0,0.298889,1
semiconductors_and_sme,854121,2019,392,JPN,Japan,f,23598216.0,0.187474,2
semiconductors_and_sme,854121,2019,458,MYS,Malaysia,f,22929296.0,0.182159,3
semiconductors_and_sme,854121,2019,276,DEU,Germany,f,10844656.0,0.086154,4
semiconductors_and_sme,854121,2019,764,THA,Thailand,f,7499477.0,0.059579,5
semiconductors_and_sme,854121,2019,702,SGP,Singapore,f,6457481.0,0.051301,6
semiconductors_and_sme,854121,2019,608,PHL,Philippines,f,4861426.0,0.038621,7
semiconductors_and_sme,854121,2019,490,TWN,Taiwan,f,4660694.0,0.037026,8
semiconductors_and_sme,854121,2019,380,ITA,Italy,f,2051483.0,0.016298,9
semiconductors_and_sme,854121,2019,410,KOR,Rep. of Korea,f,1235105.0,0.009812,10
semiconductors_and_sme,854121,2019,826,GBR,United Kingdom,f,1165664.0,0.009260,11
semiconductors_and_sme,854121,2019,344,HKG,"China, Hong Kong SAR",f,905865.0,0.007197,12
semiconductors_and_sme,854121,2019,372,IRL,Ireland,f,488076.0,0.003877,13
semiconductors_and_sme,854121,2019,251,FRA,France,f,473612.0,0.003763,14
semiconductors_and_sme,854121,2019,56,BEL,Belgium,f,228087.0,0.001812,15
semiconductors_and_sme,854121,2019,348,HUN,Hungary,f,142604.0,0.001133,16
semiconductors_and_sme,854121,2019,699,IND,India,f,103219.0,0.000820,17
semiconductors_and_sme,854121,2019,484,MEX,Mexico,f,83043.0,0.000660,18
semiconductors_and_sme,854121,2019,76,BRA,Brazil,f,72848.0,0.000579,19
semiconductors_and_sme,854121,2019,376,ISR,Israel,f,67288.0,0.000535,20
semiconductors_and_sme,854121,2019,643,RUS,Russian Federation,f,63135.0,0.000502,21
semiconductors_and_sme,854121,2019,757,CHE,Switzerland,f,62931.0,0.000500,22
semiconductors_and_sme,854121,2019,40,AUT,Austria,f,61427.0,0.000488,23
semiconductors_and_sme,854121,2019,246,FIN,Finland,f,45836.0,0.000364,24
semiconductors_and_sme,854121,2019,124,CAN,Canada,f,32810.0,0.000261,25
semiconductors_and_sme,854121,2019,704,VNM,Viet Nam,f,31630.0,0.000251,26
semiconductors_and_sme,854121,2019,233,EST,Estonia,f,20011.0,0.000159,27
semiconductors_and_sme,854121,2019,620,PRT,Portugal,f,17597.0,0.000140,28
semiconductors_and_sme,854121,2019,616,POL,Poland,f,15120.0,0.000120,29
semiconductors_and_sme,854121,2019,724,ESP,Spain,f,11107.0,0.000088,30
semiconductors_and_sme,854121,2019,626,TLS,Timor-Leste,f,8148.0,0.000065,31
semiconductors_and_sme,854121,2019,528,NLD,Netherlands,f,4123.0,0.000033,32
semiconductors_and_sme,854121,2019,446,MAC,"China, Macao SAR",f,3647.0,0.000029,33
semiconductors_and_sme,854121,2019,20,AND,Andorra,f,3569.0,0.000028,34
semiconductors_and_sme,854121,2019,554,NZL,New Zealand,f,2997.0,0.000024,35
semiconductors_and_sme,854121,2020,156,CHN,China,f,31659885.0,0.305406,1
semiconductors_and_sme,854121,2020,392,JPN,Japan,f,24218100.0,0.233619,2
semiconductors_and_sme,854121,2020,458,MYS,Malaysia,f,16004845.0,0.154390,3
semiconductors_and_sme,854121,2020,764,THA,Thailand,f,8860812.0,0.085475,4
semiconductors_and_sme,854121,2020,276,DEU,Germany,f,7980096.0,0.076980,5
semiconductors_and_sme,854121,2020,608,PHL,Philippines,f,4200938.0,0.040524,6
semiconductors_and_sme,854121,2020,490,TWN,Taiwan,f,3447038.0,0.033252,7
semiconductors_and_sme,854121,2020,702,SGP,Singapore,f,1963544.0,0.018941,8
semiconductors_and_sme,854121,2020,380,ITA,Italy,f,1952038.0,0.018830,9
semiconductors_and_sme,854121,2020,410,KOR,Rep. of Korea,f,1366636.0,0.013183,10
semiconductors_and_sme,854121,2020,251,FRA,France,f,681225.0,0.006571,11
semiconductors_and_sme,854121,2020,826,GBR,United Kingdom,f,249604.0,0.002408,12
semiconductors_and_sme,854121,2020,703,SVK,Slovakia,f,220372.0,0.002126,13
semiconductors_and_sme,854121,2020,757,CHE,Switzerland,f,165528.0,0.001597,14
semiconductors_and_sme,854121,2020,484,MEX,Mexico,f,130010.0,0.001254,15
semiconductors_and_sme,854121,2020,699,IND,India,f,91423.0,0.000882,16
semiconductors_and_sme,854121,2020,40,AUT,Austria,f,83888.0,0.000809,17
semiconductors_and_sme,854121,2020,344,HKG,"China, Hong Kong SAR",f,66650.0,0.000643,18
semiconductors_and_sme,854121,2020,208,DNK,Denmark,f,57147.0,0.000551,19
semiconductors_and_sme,854121,2020,348,HUN,Hungary,f,46904.0,0.000452,20
semiconductors_and_sme,854121,2020,124,CAN,Canada,f,42447.0,0.000409,21
semiconductors_and_sme,854121,2020,704,VNM,Viet Nam,f,37649.0,0.000363,22
semiconductors_and_sme,854121,2020,56,BEL,Belgium,f,35431.0,0.000342,23
semiconductors_and_sme,854121,2020,203,CZE,Czechia,f,19706.0,0.000190,24
semiconductors_and_sme,854121,2020,246,FIN,Finland,f,18183.0,0.000175,25
semiconductors_and_sme,854121,2020,724,ESP,Spain,f,12956.0,0.000125,26
semiconductors_and_sme,854121,2020,620,PRT,Portugal,f,11122.0,0.000107,27
semiconductors_and_sme,854121,2020,376,ISR,Israel,f,10074.0,0.000097,28
semiconductors_and_sme,854121,2020,616,POL,Poland,f,7452.0,0.000072,29
semiconductors_and_sme,854121,2020,466,MLI,Mali,f,5456.0,0.000053,30
semiconductors_and_sme,854121,2020,360,IDN,Indonesia,f,5287.0,0.000051,31
semiconductors_and_sme,854121,2020,752,SWE,Sweden,f,5287.0,0.000051,32
semiconductors_and_sme,854121,2020,528,NLD,Netherlands,f,4522.0,0.000044,33
semiconductors_and_sme,854121,2020,76,BRA,Brazil,f,2729.0,0.000026,34
semiconductors_and_sme,854121,2021,156,CHN,China,f,46267375.0,0.340130,1
semiconductors_and_sme,854121,2021,458,MYS,Malaysia,f,24237066.0,0.178176,2
semiconductors_and_sme,854121,2021,392,JPN,Japan,f,19808662.0,0.145621,3
semiconductors_and_sme,854121,2021,764,THA,Thailand,f,13995348.0,0.102885,4
semiconductors_and_sme,854121,2021,608,PHL,Philippines,f,9797556.0,0.072026,5
semiconductors_and_sme,854121,2021,490,TWN,Taiwan,f,6777538.0,0.049824,6
semiconductors_and_sme,854121,2021,276,DEU,Germany,f,3420393.0,0.025145,7
semiconductors_and_sme,854121,2021,410,KOR,Rep. of Korea,f,2894766.0,0.021281,8
semiconductors_and_sme,854121,2021,702,SGP,Singapore,f,2716348.0,0.019969,9
semiconductors_and_sme,854121,2021,826,GBR,United Kingdom,f,1950260.0,0.014337,10
semiconductors_and_sme,854121,2021,40,AUT,Austria,f,1515288.0,0.011139,11
semiconductors_and_sme,854121,2021,484,MEX,Mexico,f,566178.0,0.004162,12
semiconductors_and_sme,854121,2021,344,HKG,"China, Hong Kong SAR",f,433543.0,0.003187,13
semiconductors_and_sme,854121,2021,699,IND,India,f,346465.0,0.002547,14
semiconductors_and_sme,854121,2021,757,CHE,Switzerland,f,333621.0,0.002453,15
semiconductors_and_sme,854121,2021,251,FRA,France,f,171827.0,0.001263,16
semiconductors_and_sme,854121,2021,704,VNM,Viet Nam,f,145643.0,0.001071,17
semiconductors_and_sme,854121,2021,376,ISR,Israel,f,113750.0,0.000836,18
semiconductors_and_sme,854121,2021,348,HUN,Hungary,f,96053.0,0.000706,19
semiconductors_and_sme,854121,2021,203,CZE,Czechia,f,76007.0,0.000559,20
semiconductors_and_sme,854121,2021,76,BRA,Brazil,f,65583.0,0.000482,21
semiconductors_and_sme,854121,2021,246,FIN,Finland,f,51018.0,0.000375,22
semiconductors_and_sme,854121,2021,643,RUS,Russian Federation,f,49840.0,0.000366,23
semiconductors_and_sme,854121,2021,372,IRL,Ireland,f,47311.0,0.000348,24
semiconductors_and_sme,854121,2021,528,NLD,Netherlands,f,20417.0,0.000150,25
semiconductors_and_sme,854121,2021,56,BEL,Belgium,f,19262.0,0.000142,26
semiconductors_and_sme,854121,2021,470,MLT,Malta,f,19221.0,0.000141,27
semiconductors_and_sme,854121,2021,620,PRT,Portugal,f,17311.0,0.000127,28
semiconductors_and_sme,854121,2021,616,POL,Poland,f,14768.0,0.000109,29
semiconductors_and_sme,854121,2021,380,ITA,Italy,f,14708.0,0.000108,30
semiconductors_and_sme,854121,2021,124,CAN,Canada,f,14518.0,0.000107,31
semiconductors_and_sme,854121,2021,504,MAR,Morocco,f,9341.0,0.000069,32
semiconductors_and_sme,854121,2021,442,LUX,Luxembourg,f,5410.0,0.000040,33
semiconductors_and_sme,854121,2021,752,SWE,Sweden,f,5084.0,0.000037,34
semiconductors_and_sme,854121,2021,104,MMR,Myanmar,f,3291.0,0.000024,35
semiconductors_and_sme,854121,2021,188,CRI,Costa Rica,f,3231.0,0.000024,36
semiconductors_and_sme,854121,2021,724,ESP,Spain,f,2592.0,0.000019,37
semiconductors_and_sme,854121,2021,208,DNK,Denmark,f,2085.0,0.000015,38
semiconductors_and_sme,854121,2022,156,CHN,China,f,65065489.0,0.361591,1
semiconductors_and_sme,854121,2022,458,MYS,Malaysia,f,36430636.0,0.202457,2
semiconductors_and_sme,854121,2022,608,PHL,Philippines,f,20551961.0,0.114214,3
semiconductors_and_sme,854121,2022,392,JPN,Japan,f,18171431.0,0.100985,4
semiconductors_and_sme,854121,2022,764,THA,Thailand,f,13319031.0,0.074018,5
semiconductors_and_sme,854121,2022,490,TWN,Taiwan,f,8765336.0,0.048712,6
semiconductors_and_sme,854121,2022,276,DEU,Germany,f,4362744.0,0.024245,7
semiconductors_and_sme,854121,2022,40,AUT,Austria,f,3566152.0,0.019818,8
semiconductors_and_sme,854121,2022,410,KOR,Rep. of Korea,f,2771649.0,0.015403,9
semiconductors_and_sme,854121,2022,702,SGP,Singapore,f,1641644.0,0.009123,10
semiconductors_and_sme,854121,2022,344,HKG,"China, Hong Kong SAR",f,1324360.0,0.007360,11
semiconductors_and_sme,854121,2022,826,GBR,United Kingdom,f,1120272.0,0.006226,12
semiconductors_and_sme,854121,2022,699,IND,India,f,758302.0,0.004214,13
semiconductors_and_sme,854121,2022,484,MEX,Mexico,f,364671.0,0.002027,14
semiconductors_and_sme,854121,2022,704,VNM,Viet Nam,f,259387.0,0.001442,15
semiconductors_and_sme,854121,2022,376,ISR,Israel,f,188777.0,0.001049,16
semiconductors_and_sme,854121,2022,757,CHE,Switzerland,f,170913.0,0.000950,17
semiconductors_and_sme,854121,2022,251,FRA,France,f,163694.0,0.000910,18
semiconductors_and_sme,854121,2022,752,SWE,Sweden,f,162900.0,0.000905,19
semiconductors_and_sme,854121,2022,348,HUN,Hungary,f,130486.0,0.000725,20
semiconductors_and_sme,854121,2022,124,CAN,Canada,f,119819.0,0.000666,21
semiconductors_and_sme,854121,2022,380,ITA,Italy,f,75854.0,0.000422,22
semiconductors_and_sme,854121,2022,620,PRT,Portugal,f,61851.0,0.000344,23
semiconductors_and_sme,854121,2022,203,CZE,Czechia,f,52245.0,0.000290,24
semiconductors_and_sme,854121,2022,554,NZL,New Zealand,f,42918.0,0.000239,25
semiconductors_and_sme,854121,2022,372,IRL,Ireland,f,34432.0,0.000191,26
semiconductors_and_sme,854121,2022,76,BRA,Brazil,f,30591.0,0.000170,27
semiconductors_and_sme,854121,2022,792,TUR,Türkiye,f,29780.0,0.000165,28
semiconductors_and_sme,854121,2022,703,SVK,Slovakia,f,27034.0,0.000150,29
semiconductors_and_sme,854121,2022,504,MAR,Morocco,f,26869.0,0.000149,30
semiconductors_and_sme,854121,2022,724,ESP,Spain,f,18938.0,0.000105,31
semiconductors_and_sme,854121,2022,246,FIN,Finland,f,18892.0,0.000105,32
semiconductors_and_sme,854121,2022,56,BEL,Belgium,f,18136.0,0.000101,33
semiconductors_and_sme,854121,2022,360,IDN,Indonesia,f,15621.0,0.000087,34
semiconductors_and_sme,854121,2022,616,POL,Poland,f,15496.0,0.000086,35
semiconductors_and_sme,854121,2022,208,DNK,Denmark,f,11077.0,0.000062,36
semiconductors_and_sme,854121,2022,152,CHL,Chile,f,10950.0,0.000061,37
semiconductors_and_sme,854121,2022,579,NOR,Norway,f,10348.0,0.000058,38
semiconductors_and_sme,854121,2022,586,PAK,Pakistan,f,10162.0,0.000056,39
semiconductors_and_sme,854121,2022,499,MNE,Montenegro,f,4751.0,0.000026,40
semiconductors_and_sme,854121,2022,528,NLD,Netherlands,f,3877.0,0.000022,41
semiconductors_and_sme,854121,2022,104,MMR,Myanmar,f,3089.0,0.000017,42
semiconductors_and_sme,854121,2022,454,MWI,Malawi,f,2854.0,0.000016,43
semiconductors_and_sme,854121,2022,690,SYC,Seychelles,f,2400.0,0.000013,44
semiconductors_and_sme,854121,2022,100,BGR,Bulgaria,f,2296.0,0.000013,45
semiconductors_and_sme,854121,2022,688,SRB,Serbia,f,2178.0,0.000012,46
semiconductors_and_sme,854121,2023,156,CHN,China,f,39552824.0,0.293719,1
semiconductors_and_sme,854121,2023,392,JPN,Japan,f,21969686.0,0.163147,2
semiconductors_and_sme,854121,2023,458,MYS,Malaysia,f,20610035.0,0.153050,3
semiconductors_and_sme,854121,2023,40,AUT,Austria,f,15726167.0,0.116782,4
semiconductors_and_sme,854121,2023,764,THA,Thailand,f,10525569.0,0.078163,5
semiconductors_and_sme,854121,2023,490,TWN,Taiwan,f,9098208.0,0.067563,6
semiconductors_and_sme,854121,2023,608,PHL,Philippines,f,8394123.0,0.062335,7
semiconductors_and_sme,854121,2023,276,DEU,Germany,f,2518792.0,0.018705,8
semiconductors_and_sme,854121,2023,410,KOR,Rep. of Korea,f,1733788.0,0.012875,9
semiconductors_and_sme,854121,2023,699,IND,India,f,1104124.0,0.008199,10
semiconductors_and_sme,854121,2023,826,GBR,United Kingdom,f,946546.0,0.007029,11
semiconductors_and_sme,854121,2023,484,MEX,Mexico,f,501038.0,0.003721,12
semiconductors_and_sme,854121,2023,704,VNM,Viet Nam,f,443641.0,0.003294,13
semiconductors_and_sme,854121,2023,702,SGP,Singapore,f,286164.0,0.002125,14
semiconductors_and_sme,854121,2023,757,CHE,Switzerland,f,211851.0,0.001573,15
semiconductors_and_sme,854121,2023,124,CAN,Canada,f,189661.0,0.001408,16
semiconductors_and_sme,854121,2023,344,HKG,"China, Hong Kong SAR",f,132781.0,0.000986,17
semiconductors_and_sme,854121,2023,554,NZL,New Zealand,f,113778.0,0.000845,18
semiconductors_and_sme,854121,2023,251,FRA,France,f,107654.0,0.000799,19
semiconductors_and_sme,854121,2023,380,ITA,Italy,f,59546.0,0.000442,20
semiconductors_and_sme,854121,2023,376,ISR,Israel,f,59051.0,0.000439,21
semiconductors_and_sme,854121,2023,372,IRL,Ireland,f,58033.0,0.000431,22
semiconductors_and_sme,854121,2023,348,HUN,Hungary,f,51702.0,0.000384,23
semiconductors_and_sme,854121,2023,504,MAR,Morocco,f,40530.0,0.000301,24
semiconductors_and_sme,854121,2023,56,BEL,Belgium,f,36185.0,0.000269,25
semiconductors_and_sme,854121,2023,246,FIN,Finland,f,34072.0,0.000253,26
semiconductors_and_sme,854121,2023,203,CZE,Czechia,f,29736.0,0.000221,27
semiconductors_and_sme,854121,2023,528,NLD,Netherlands,f,28214.0,0.000210,28
semiconductors_and_sme,854121,2023,703,SVK,Slovakia,f,21014.0,0.000156,29
semiconductors_and_sme,854121,2023,76,BRA,Brazil,f,14875.0,0.000110,30
semiconductors_and_sme,854121,2023,748,SWZ,Eswatini,f,12960.0,0.000096,31
semiconductors_and_sme,854121,2023,724,ESP,Spain,f,10886.0,0.000081,32
semiconductors_and_sme,854121,2023,360,IDN,Indonesia,f,10799.0,0.000080,33
semiconductors_and_sme,854121,2023,796,TCA,Turks and Caicos Isds,f,7107.0,0.000053,34
semiconductors_and_sme,854121,2023,616,POL,Poland,f,6987.0,0.000052,35
semiconductors_and_sme,854121,2023,208,DNK,Denmark,f,6391.0,0.000047,36
semiconductors_and_sme,854121,2023,100,BGR,Bulgaria,f,4027.0,0.000030,37
semiconductors_and_sme,854121,2023,36,AUS,Australia,f,3624.0,0.000027,38
semiconductors_and_sme,854121,2024,392,JPN,Japan,f,68475775.0,0.486789,1
semiconductors_and_sme,854121,2024,156,CHN,China,f,31082173.0,0.220961,2
semiconductors_and_sme,854121,2024,458,MYS,Malaysia,f,15107247.0,0.107396,3
semiconductors_and_sme,854121,2024,608,PHL,Philippines,f,6763720.0,0.048083,4
semiconductors_and_sme,854121,2024,764,THA,Thailand,f,5699468.0,0.040517,5
semiconductors_and_sme,854121,2024,490,TWN,Taiwan,f,4198711.0,0.029848,6
semiconductors_and_sme,854121,2024,826,GBR,United Kingdom,f,1757597.0,0.012495,7
semiconductors_and_sme,854121,2024,40,AUT,Austria,f,1734263.0,0.012329,8
semiconductors_and_sme,854121,2024,276,DEU,Germany,f,1686987.0,0.011993,9
semiconductors_and_sme,854121,2024,484,MEX,Mexico,f,1060452.0,0.007539,10
semiconductors_and_sme,854121,2024,410,KOR,Rep. of Korea,f,1053082.0,0.007486,11
semiconductors_and_sme,854121,2024,251,FRA,France,f,499065.0,0.003548,12
semiconductors_and_sme,854121,2024,757,CHE,Switzerland,f,326873.0,0.002324,13
semiconductors_and_sme,854121,2024,699,IND,India,f,257302.0,0.001829,14
semiconductors_and_sme,854121,2024,528,NLD,Netherlands,f,179348.0,0.001275,15
semiconductors_and_sme,854121,2024,124,CAN,Canada,f,111093.0,0.000790,16
semiconductors_and_sme,854121,2024,100,BGR,Bulgaria,f,106567.0,0.000758,17
semiconductors_and_sme,854121,2024,702,SGP,Singapore,f,100264.0,0.000713,18
semiconductors_and_sme,854121,2024,348,HUN,Hungary,f,93591.0,0.000665,19
semiconductors_and_sme,854121,2024,704,VNM,Viet Nam,f,82064.0,0.000583,20
semiconductors_and_sme,854121,2024,372,IRL,Ireland,f,75531.0,0.000537,21
semiconductors_and_sme,854121,2024,360,IDN,Indonesia,f,53167.0,0.000378,22
semiconductors_and_sme,854121,2024,246,FIN,Finland,f,40123.0,0.000285,23
semiconductors_and_sme,854121,2024,724,ESP,Spain,f,31036.0,0.000221,24
semiconductors_and_sme,854121,2024,616,POL,Poland,f,26164.0,0.000186,25
semiconductors_and_sme,854121,2024,56,BEL,Belgium,f,14628.0,0.000104,26
semiconductors_and_sme,854121,2024,36,AUS,Australia,f,13484.0,0.000096,27
semiconductors_and_sme,854121,2024,376,ISR,Israel,f,11981.0,0.000085,28
semiconductors_and_sme,854121,2024,380,ITA,Italy,f,5609.0,0.000040,29
semiconductors_and_sme,854121,2024,504,MAR,Morocco,f,5602.0,0.000040,30
semiconductors_and_sme,854121,2024,554,NZL,New Zealand,f,4446.0,0.000032,31
semiconductors_and_sme,854121,2024,344,HKG,"China, Hong Kong SAR",f,3939.0,0.000028,32
semiconductors_and_sme,854121,2024,233,EST,Estonia,f,3519.0,0.000025,33
semiconductors_and_sme,854121,2024,792,TUR,Türkiye,f,3462.0,0.000025,34
semiconductors_and_sme,854121,2025,392,JPN,Japan,f,82504173.0,0.467501,1
semiconductors_and_sme,854121,2025,156,CHN,China,f,24799085.0,0.140521,2
semiconductors_and_sme,854121,2025,458,MYS,Malaysia,f,16685050.0,0.094544,3
semiconductors_and_sme,854121,2025,276,DEU,Germany,f,12004527.0,0.068022,4
semiconductors_and_sme,854121,2025,764,THA,Thailand,f,6673703.0,0.037816,5
semiconductors_and_sme,854121,2025,608,PHL,Philippines,f,5944997.0,0.033687,6
semiconductors_and_sme,854121,2025,490,TWN,Taiwan,f,5551249.0,0.031456,7
semiconductors_and_sme,854121,2025,376,ISR,Israel,f,3663283.0,0.020758,8
semiconductors_and_sme,854121,2025,410,KOR,Rep. of Korea,f,2758061.0,0.015628,9
semiconductors_and_sme,854121,2025,826,GBR,United Kingdom,f,2652141.0,0.015028,10
semiconductors_and_sme,854121,2025,484,MEX,Mexico,f,2612020.0,0.014801,11
semiconductors_and_sme,854121,2025,348,HUN,Hungary,f,2477619.0,0.014039,12
semiconductors_and_sme,854121,2025,40,AUT,Austria,f,2338293.0,0.013250,13
semiconductors_and_sme,854121,2025,699,IND,India,f,2046072.0,0.011594,14
semiconductors_and_sme,854121,2025,203,CZE,Czechia,f,1382249.0,0.007832,15
semiconductors_and_sme,854121,2025,757,CHE,Switzerland,f,577290.0,0.003271,16
semiconductors_and_sme,854121,2025,528,NLD,Netherlands,f,425323.0,0.002410,17
semiconductors_and_sme,854121,2025,704,VNM,Viet Nam,f,373098.0,0.002114,18
semiconductors_and_sme,854121,2025,702,SGP,Singapore,f,362199.0,0.002052,19
semiconductors_and_sme,854121,2025,380,ITA,Italy,f,184984.0,0.001048,20
semiconductors_and_sme,854121,2025,251,FRA,France,f,112863.0,0.000640,21
semiconductors_and_sme,854121,2025,372,IRL,Ireland,f,89038.0,0.000505,22
semiconductors_and_sme,854121,2025,703,SVK,Slovakia,f,73745.0,0.000418,23
semiconductors_and_sme,854121,2025,124,CAN,Canada,f,67219.0,0.000381,24
semiconductors_and_sme,854121,2025,233,EST,Estonia,f,58815.0,0.000333,25
semiconductors_and_sme,854121,2025,724,ESP,Spain,f,16054.0,0.000091,26
semiconductors_and_sme,854121,2025,188,CRI,Costa Rica,f,8315.0,0.000047,27
semiconductors_and_sme,854121,2025,752,SWE,Sweden,f,8108.0,0.000046,28
semiconductors_and_sme,854121,2025,620,PRT,Portugal,f,8003.0,0.000045,29
semiconductors_and_sme,854121,2025,56,BEL,Belgium,f,7590.0,0.000043,30
semiconductors_and_sme,854121,2025,344,HKG,"China, Hong Kong SAR",f,5784.0,0.000033,31
semiconductors_and_sme,854121,2025,266,GAB,Gabon,f,3509.0,0.000020,32
semiconductors_and_sme,854121,2025,246,FIN,Finland,f,2611.0,0.000015,33
semiconductors_and_sme,854121,2025,616,POL,Poland,f,2240.0,0.000013,34
semiconductors_and_sme,854129,2018,484,MEX,Mexico,f,352611566.0,0.270380,1
semiconductors_and_sme,854129,2018,156,CHN,China,f,273027286.0,0.209355,2
semiconductors_and_sme,854129,2018,458,MYS,Malaysia,f,228729612.0,0.175388,3
semiconductors_and_sme,854129,2018,392,JPN,Japan,f,120755361.0,0.092594,4
semiconductors_and_sme,854129,2018,608,PHL,Philippines,f,68689412.0,0.052671,5
semiconductors_and_sme,854129,2018,276,DEU,Germany,f,67132665.0,0.051477,6
semiconductors_and_sme,854129,2018,764,THA,Thailand,f,52146083.0,0.039985,7
semiconductors_and_sme,854129,2018,348,HUN,Hungary,f,33319095.0,0.025549,8
semiconductors_and_sme,854129,2018,490,TWN,Taiwan,f,21147944.0,0.016216,9
semiconductors_and_sme,854129,2018,410,KOR,Rep. of Korea,f,14173306.0,0.010868,10
semiconductors_and_sme,854129,2018,702,SGP,Singapore,f,14010119.0,0.010743,11
semiconductors_and_sme,854129,2018,504,MAR,Morocco,f,10208994.0,0.007828,12
semiconductors_and_sme,854129,2018,826,GBR,United Kingdom,f,8875694.0,0.006806,13
semiconductors_and_sme,854129,2018,360,IDN,Indonesia,f,8756780.0,0.006715,14
semiconductors_and_sme,854129,2018,40,AUT,Austria,f,5208465.0,0.003994,15
semiconductors_and_sme,854129,2018,704,VNM,Viet Nam,f,4179484.0,0.003205,16
semiconductors_and_sme,854129,2018,344,HKG,"China, Hong Kong SAR",f,3856042.0,0.002957,17
semiconductors_and_sme,854129,2018,246,FIN,Finland,f,3750925.0,0.002876,18
semiconductors_and_sme,854129,2018,380,ITA,Italy,f,2644895.0,0.002028,19
semiconductors_and_sme,854129,2018,203,CZE,Czechia,f,1870151.0,0.001434,20
semiconductors_and_sme,854129,2018,251,FRA,France,f,1733044.0,0.001329,21
semiconductors_and_sme,854129,2018,757,CHE,Switzerland,f,1709576.0,0.001311,22
semiconductors_and_sme,854129,2018,76,BRA,Brazil,f,1131507.0,0.000868,23
semiconductors_and_sme,854129,2018,233,EST,Estonia,f,924602.0,0.000709,24
semiconductors_and_sme,854129,2018,703,SVK,Slovakia,f,758922.0,0.000582,25
semiconductors_and_sme,854129,2018,699,IND,India,f,554669.0,0.000425,26
semiconductors_and_sme,854129,2018,376,ISR,Israel,f,472308.0,0.000362,27
semiconductors_and_sme,854129,2018,528,NLD,Netherlands,f,402889.0,0.000309,28
semiconductors_and_sme,854129,2018,620,PRT,Portugal,f,400940.0,0.000307,29
semiconductors_and_sme,854129,2018,752,SWE,Sweden,f,228222.0,0.000175,30
semiconductors_and_sme,854129,2018,56,BEL,Belgium,f,180403.0,0.000138,31
semiconductors_and_sme,854129,2018,724,ESP,Spain,f,115993.0,0.000089,32
semiconductors_and_sme,854129,2018,124,CAN,Canada,f,94167.0,0.000072,33
semiconductors_and_sme,854129,2018,643,RUS,Russian Federation,f,65770.0,0.000050,34
semiconductors_and_sme,854129,2018,446,MAC,"China, Macao SAR",f,36861.0,0.000028,35
semiconductors_and_sme,854129,2018,616,POL,Poland,f,31760.0,0.000024,36
semiconductors_and_sme,854129,2018,100,BGR,Bulgaria,f,26663.0,0.000020,37
semiconductors_and_sme,854129,2018,208,DNK,Denmark,f,26436.0,0.000020,38
semiconductors_and_sme,854129,2018,36,AUS,Australia,f,20047.0,0.000015,39
semiconductors_and_sme,854129,2018,454,MWI,Malawi,f,18920.0,0.000015,40
semiconductors_and_sme,854129,2018,440,LTU,Lithuania,f,16677.0,0.000013,41
semiconductors_and_sme,854129,2018,372,IRL,Ireland,f,14158.0,0.000011,42
semiconductors_and_sme,854129,2018,499,MNE,Montenegro,f,12451.0,0.000010,43
semiconductors_and_sme,854129,2018,450,MDG,Madagascar,f,10369.0,0.000008,44
semiconductors_and_sme,854129,2018,540,NCL,New Caledonia,f,9071.0,0.000007,45
semiconductors_and_sme,854129,2018,662,LCA,Saint Lucia,f,8770.0,0.000007,46
semiconductors_and_sme,854129,2018,792,TUR,Türkiye,f,5333.0,0.000004,47
semiconductors_and_sme,854129,2018,710,ZAF,South Africa,f,5069.0,0.000004,48
semiconductors_and_sme,854129,2018,586,PAK,Pakistan,f,4792.0,0.000004,49
semiconductors_and_sme,854129,2018,784,ARE,United Arab Emirates,f,4770.0,0.000004,50
semiconductors_and_sme,854129,2018,642,ROU,Romania,f,4675.0,0.000004,51
semiconductors_and_sme,854129,2018,480,MUS,Mauritius,f,3810.0,0.000003,52
semiconductors_and_sme,854129,2018,583,FSM,FS Micronesia,f,3150.0,0.000002,53
semiconductors_and_sme,854129,2018,108,BDI,Burundi,f,2284.0,0.000002,54
semiconductors_and_sme,854129,2019,484,MEX,Mexico,f,303995737.0,0.250896,1
semiconductors_and_sme,854129,2019,156,CHN,China,f,227283992.0,0.187584,2
semiconductors_and_sme,854129,2019,458,MYS,Malaysia,f,216631936.0,0.178792,3
semiconductors_and_sme,854129,2019,392,JPN,Japan,f,140078565.0,0.115611,4
semiconductors_and_sme,854129,2019,276,DEU,Germany,f,79599203.0,0.065695,5
semiconductors_and_sme,854129,2019,608,PHL,Philippines,f,75442777.0,0.062265,6
semiconductors_and_sme,854129,2019,764,THA,Thailand,f,46996652.0,0.038788,7
semiconductors_and_sme,854129,2019,348,HUN,Hungary,f,42461325.0,0.035045,8
semiconductors_and_sme,854129,2019,490,TWN,Taiwan,f,20342603.0,0.016789,9
semiconductors_and_sme,854129,2019,410,KOR,Rep. of Korea,f,13546040.0,0.011180,10
semiconductors_and_sme,854129,2019,826,GBR,United Kingdom,f,8072274.0,0.006662,11
semiconductors_and_sme,854129,2019,360,IDN,Indonesia,f,4968640.0,0.004101,12
semiconductors_and_sme,854129,2019,504,MAR,Morocco,f,4964114.0,0.004097,13
semiconductors_and_sme,854129,2019,704,VNM,Viet Nam,f,4185063.0,0.003454,14
semiconductors_and_sme,854129,2019,40,AUT,Austria,f,3239686.0,0.002674,15
semiconductors_and_sme,854129,2019,246,FIN,Finland,f,2593353.0,0.002140,16
semiconductors_and_sme,854129,2019,380,ITA,Italy,f,2502298.0,0.002065,17
semiconductors_and_sme,854129,2019,251,FRA,France,f,2253101.0,0.001860,18
semiconductors_and_sme,854129,2019,757,CHE,Switzerland,f,2230354.0,0.001841,19
semiconductors_and_sme,854129,2019,702,SGP,Singapore,f,2049900.0,0.001692,20
semiconductors_and_sme,854129,2019,344,HKG,"China, Hong Kong SAR",f,1363785.0,0.001126,21
semiconductors_and_sme,854129,2019,203,CZE,Czechia,f,1217469.0,0.001005,22
semiconductors_and_sme,854129,2019,376,ISR,Israel,f,878676.0,0.000725,23
semiconductors_and_sme,854129,2019,699,IND,India,f,851737.0,0.000703,24
semiconductors_and_sme,854129,2019,703,SVK,Slovakia,f,679010.0,0.000560,25
semiconductors_and_sme,854129,2019,752,SWE,Sweden,f,564457.0,0.000466,26
semiconductors_and_sme,854129,2019,620,PRT,Portugal,f,517714.0,0.000427,27
semiconductors_and_sme,854129,2019,56,BEL,Belgium,f,499215.0,0.000412,28
semiconductors_and_sme,854129,2019,124,CAN,Canada,f,490567.0,0.000405,29
semiconductors_and_sme,854129,2019,233,EST,Estonia,f,337435.0,0.000278,30
semiconductors_and_sme,854129,2019,528,NLD,Netherlands,f,200982.0,0.000166,31
semiconductors_and_sme,854129,2019,76,BRA,Brazil,f,185063.0,0.000153,32
semiconductors_and_sme,854129,2019,372,IRL,Ireland,f,95770.0,0.000079,33
semiconductors_and_sme,854129,2019,586,PAK,Pakistan,f,86225.0,0.000071,34
semiconductors_and_sme,854129,2019,480,MUS,Mauritius,f,52950.0,0.000044,35
semiconductors_and_sme,854129,2019,724,ESP,Spain,f,36656.0,0.000030,36
semiconductors_and_sme,854129,2019,136,CYM,Cayman Isds,f,31404.0,0.000026,37
semiconductors_and_sme,854129,2019,643,RUS,Russian Federation,f,29200.0,0.000024,38
semiconductors_and_sme,854129,2019,100,BGR,Bulgaria,f,23070.0,0.000019,39
semiconductors_and_sme,854129,2019,454,MWI,Malawi,f,13042.0,0.000011,40
semiconductors_and_sme,854129,2019,792,TUR,Türkiye,f,10170.0,0.000008,41
semiconductors_and_sme,854129,2019,36,AUS,Australia,f,6851.0,0.000006,42
semiconductors_and_sme,854129,2019,148,TCD,Chad,f,6587.0,0.000005,43
semiconductors_and_sme,854129,2019,616,POL,Poland,f,5968.0,0.000005,44
semiconductors_and_sme,854129,2019,598,PNG,Papua New Guinea,f,3487.0,0.000003,45
semiconductors_and_sme,854129,2019,446,MAC,"China, Macao SAR",f,3227.0,0.000003,46
semiconductors_and_sme,854129,2019,188,CRI,Costa Rica,f,3201.0,0.000003,47
semiconductors_and_sme,854129,2019,112,BLR,Belarus,f,3050.0,0.000003,48
semiconductors_and_sme,854129,2019,554,NZL,New Zealand,f,2916.0,0.000002,49
semiconductors_and_sme,854129,2019,340,HND,Honduras,f,2223.0,0.000002,50
semiconductors_and_sme,854129,2020,484,MEX,Mexico,f,292958073.0,0.266141,1
semiconductors_and_sme,854129,2020,156,CHN,China,f,195881594.0,0.177951,2
semiconductors_and_sme,854129,2020,458,MYS,Malaysia,f,171671590.0,0.155957,3
semiconductors_and_sme,854129,2020,392,JPN,Japan,f,153868343.0,0.139783,4
semiconductors_and_sme,854129,2020,276,DEU,Germany,f,59377122.0,0.053942,5
semiconductors_and_sme,854129,2020,608,PHL,Philippines,f,57701529.0,0.052420,6
semiconductors_and_sme,854129,2020,764,THA,Thailand,f,35465163.0,0.032219,7
semiconductors_and_sme,854129,2020,348,HUN,Hungary,f,30532086.0,0.027737,8
semiconductors_and_sme,854129,2020,380,ITA,Italy,f,24519751.0,0.022275,9
semiconductors_and_sme,854129,2020,490,TWN,Taiwan,f,18425365.0,0.016739,10
semiconductors_and_sme,854129,2020,410,KOR,Rep. of Korea,f,12001233.0,0.010903,11
semiconductors_and_sme,854129,2020,826,GBR,United Kingdom,f,10224053.0,0.009288,12
semiconductors_and_sme,854129,2020,504,MAR,Morocco,f,8357579.0,0.007593,13
semiconductors_and_sme,854129,2020,251,FRA,France,f,5589397.0,0.005078,14
semiconductors_and_sme,854129,2020,704,VNM,Viet Nam,f,4810088.0,0.004370,15
semiconductors_and_sme,854129,2020,40,AUT,Austria,f,4807301.0,0.004367,16
semiconductors_and_sme,854129,2020,757,CHE,Switzerland,f,3397286.0,0.003086,17
semiconductors_and_sme,854129,2020,360,IDN,Indonesia,f,2209468.0,0.002007,18
semiconductors_and_sme,854129,2020,246,FIN,Finland,f,1739533.0,0.001580,19
semiconductors_and_sme,854129,2020,203,CZE,Czechia,f,1300616.0,0.001182,20
semiconductors_and_sme,854129,2020,376,ISR,Israel,f,966000.0,0.000878,21
semiconductors_and_sme,854129,2020,703,SVK,Slovakia,f,945379.0,0.000859,22
semiconductors_and_sme,854129,2020,702,SGP,Singapore,f,664793.0,0.000604,23
semiconductors_and_sme,854129,2020,699,IND,India,f,651914.0,0.000592,24
semiconductors_and_sme,854129,2020,528,NLD,Netherlands,f,587205.0,0.000533,25
semiconductors_and_sme,854129,2020,124,CAN,Canada,f,530967.0,0.000482,26
semiconductors_and_sme,854129,2020,188,CRI,Costa Rica,f,312531.0,0.000284,27
semiconductors_and_sme,854129,2020,344,HKG,"China, Hong Kong SAR",f,250046.0,0.000227,28
semiconductors_and_sme,854129,2020,620,PRT,Portugal,f,214500.0,0.000195,29
semiconductors_and_sme,854129,2020,56,BEL,Belgium,f,177191.0,0.000161,30
semiconductors_and_sme,854129,2020,178,COG,Congo,f,150175.0,0.000136,31
semiconductors_and_sme,854129,2020,724,ESP,Spain,f,122612.0,0.000111,32
semiconductors_and_sme,854129,2020,76,BRA,Brazil,f,84420.0,0.000077,33
semiconductors_and_sme,854129,2020,616,POL,Poland,f,56521.0,0.000051,34
semiconductors_and_sme,854129,2020,748,SWZ,Eswatini,f,35805.0,0.000033,35
semiconductors_and_sme,854129,2020,752,SWE,Sweden,f,33967.0,0.000031,36
semiconductors_and_sme,854129,2020,268,GEO,Georgia,f,29852.0,0.000027,37
semiconductors_and_sme,854129,2020,446,MAC,"China, Macao SAR",f,22396.0,0.000020,38
semiconductors_and_sme,854129,2020,466,MLI,Mali,f,19116.0,0.000017,39
semiconductors_and_sme,854129,2020,643,RUS,Russian Federation,f,16890.0,0.000015,40
semiconductors_and_sme,854129,2020,208,DNK,Denmark,f,16886.0,0.000015,41
semiconductors_and_sme,854129,2020,233,EST,Estonia,f,9839.0,0.000009,42
semiconductors_and_sme,854129,2020,788,TUN,Tunisia,f,7237.0,0.000007,43
semiconductors_and_sme,854129,2020,222,SLV,El Salvador,f,6210.0,0.000006,44
semiconductors_and_sme,854129,2020,792,TUR,Türkiye,f,5450.0,0.000005,45
semiconductors_and_sme,854129,2020,372,IRL,Ireland,f,4132.0,0.000004,46
semiconductors_and_sme,854129,2020,694,SLE,Sierra Leone,f,2337.0,0.000002,47
semiconductors_and_sme,854129,2020,642,ROU,Romania,f,2308.0,0.000002,48
semiconductors_and_sme,854129,2021,484,MEX,Mexico,f,288058355.0,0.186647,1
semiconductors_and_sme,854129,2021,392,JPN,Japan,f,246508788.0,0.159725,2
semiconductors_and_sme,854129,2021,458,MYS,Malaysia,f,192699389.0,0.124859,3
semiconductors_and_sme,854129,2021,156,CHN,China,f,148433874.0,0.096178,4
semiconductors_and_sme,854129,2021,504,MAR,Morocco,f,106153711.0,0.068782,5
semiconductors_and_sme,854129,2021,608,PHL,Philippines,f,80440570.0,0.052121,6
semiconductors_and_sme,854129,2021,380,ITA,Italy,f,78991598.0,0.051183,7
semiconductors_and_sme,854129,2021,490,TWN,Taiwan,f,78205523.0,0.050673,8
semiconductors_and_sme,854129,2021,826,GBR,United Kingdom,f,66741160.0,0.043245,9
semiconductors_and_sme,854129,2021,276,DEU,Germany,f,65045648.0,0.042146,10
semiconductors_and_sme,854129,2021,40,AUT,Austria,f,63716748.0,0.041285,11
semiconductors_and_sme,854129,2021,764,THA,Thailand,f,39850366.0,0.025821,12
semiconductors_and_sme,854129,2021,348,HUN,Hungary,f,22341679.0,0.014476,13
semiconductors_and_sme,854129,2021,702,SGP,Singapore,f,19351356.0,0.012539,14
semiconductors_and_sme,854129,2021,410,KOR,Rep. of Korea,f,14564958.0,0.009437,15
semiconductors_and_sme,854129,2021,376,ISR,Israel,f,11686322.0,0.007572,16
semiconductors_and_sme,854129,2021,704,VNM,Viet Nam,f,4198594.0,0.002720,17
semiconductors_and_sme,854129,2021,703,SVK,Slovakia,f,3182573.0,0.002062,18
semiconductors_and_sme,854129,2021,757,CHE,Switzerland,f,1824721.0,0.001182,19
semiconductors_and_sme,854129,2021,251,FRA,France,f,1636135.0,0.001060,20
semiconductors_and_sme,854129,2021,246,FIN,Finland,f,1575476.0,0.001021,21
semiconductors_and_sme,854129,2021,203,CZE,Czechia,f,1373606.0,0.000890,22
semiconductors_and_sme,854129,2021,528,NLD,Netherlands,f,1291634.0,0.000837,23
semiconductors_and_sme,854129,2021,699,IND,India,f,911403.0,0.000591,24
semiconductors_and_sme,854129,2021,344,HKG,"China, Hong Kong SAR",f,819647.0,0.000531,25
semiconductors_and_sme,854129,2021,124,CAN,Canada,f,652588.0,0.000423,26
semiconductors_and_sme,854129,2021,360,IDN,Indonesia,f,633803.0,0.000411,27
semiconductors_and_sme,854129,2021,642,ROU,Romania,f,474450.0,0.000307,28
semiconductors_and_sme,854129,2021,76,BRA,Brazil,f,446701.0,0.000289,29
semiconductors_and_sme,854129,2021,724,ESP,Spain,f,288321.0,0.000187,30
semiconductors_and_sme,854129,2021,752,SWE,Sweden,f,220232.0,0.000143,31
semiconductors_and_sme,854129,2021,208,DNK,Denmark,f,142934.0,0.000093,32
semiconductors_and_sme,854129,2021,440,LTU,Lithuania,f,136105.0,0.000088,33
semiconductors_and_sme,854129,2021,233,EST,Estonia,f,134153.0,0.000087,34
semiconductors_and_sme,854129,2021,56,BEL,Belgium,f,129185.0,0.000084,35
semiconductors_and_sme,854129,2021,620,PRT,Portugal,f,126689.0,0.000082,36
semiconductors_and_sme,854129,2021,470,MLT,Malta,f,65851.0,0.000043,37
semiconductors_and_sme,854129,2021,100,BGR,Bulgaria,f,59227.0,0.000038,38
semiconductors_and_sme,854129,2021,616,POL,Poland,f,46127.0,0.000030,39
semiconductors_and_sme,854129,2021,643,RUS,Russian Federation,f,43965.0,0.000028,40
semiconductors_and_sme,854129,2021,36,AUS,Australia,f,19797.0,0.000013,41
semiconductors_and_sme,854129,2021,562,NER,Niger,f,18547.0,0.000012,42
semiconductors_and_sme,854129,2021,404,KEN,Kenya,f,17188.0,0.000011,43
semiconductors_and_sme,854129,2021,792,TUR,Türkiye,f,16047.0,0.000010,44
semiconductors_and_sme,854129,2021,478,MRT,Mauritania,f,9949.0,0.000006,45
semiconductors_and_sme,854129,2021,222,SLV,El Salvador,f,9094.0,0.000006,46
semiconductors_and_sme,854129,2021,466,MLI,Mali,f,9072.0,0.000006,47
semiconductors_and_sme,854129,2021,579,NOR,Norway,f,7690.0,0.000005,48
semiconductors_and_sme,854129,2021,694,SLE,Sierra Leone,f,4847.0,0.000003,49
semiconductors_and_sme,854129,2021,144,LKA,Sri Lanka,f,4349.0,0.000003,50
semiconductors_and_sme,854129,2021,170,COL,Colombia,f,3875.0,0.000003,51
semiconductors_and_sme,854129,2021,116,KHM,Cambodia,f,3676.0,0.000002,52
semiconductors_and_sme,854129,2021,554,NZL,New Zealand,f,3204.0,0.000002,53
semiconductors_and_sme,854129,2022,392,JPN,Japan,f,292817277.0,0.148341,1
semiconductors_and_sme,854129,2022,458,MYS,Malaysia,f,248058102.0,0.125666,2
semiconductors_and_sme,854129,2022,156,CHN,China,f,238265037.0,0.120705,3
semiconductors_and_sme,854129,2022,490,TWN,Taiwan,f,193236483.0,0.097893,4
semiconductors_and_sme,854129,2022,504,MAR,Morocco,f,167302154.0,0.084755,5
semiconductors_and_sme,854129,2022,40,AUT,Austria,f,150523995.0,0.076255,6
semiconductors_and_sme,854129,2022,826,GBR,United Kingdom,f,147890776.0,0.074921,7
semiconductors_and_sme,854129,2022,276,DEU,Germany,f,113538602.0,0.057519,8
semiconductors_and_sme,854129,2022,608,PHL,Philippines,f,112115146.0,0.056797,9
semiconductors_and_sme,854129,2022,484,MEX,Mexico,f,87396028.0,0.044275,10
semiconductors_and_sme,854129,2022,380,ITA,Italy,f,58312744.0,0.029541,11
semiconductors_and_sme,854129,2022,702,SGP,Singapore,f,49289395.0,0.024970,12
semiconductors_and_sme,854129,2022,764,THA,Thailand,f,47963963.0,0.024298,13
semiconductors_and_sme,854129,2022,410,KOR,Rep. of Korea,f,25369583.0,0.012852,14
semiconductors_and_sme,854129,2022,376,ISR,Israel,f,12665576.0,0.006416,15
semiconductors_and_sme,854129,2022,348,HUN,Hungary,f,6256485.0,0.003170,16
semiconductors_and_sme,854129,2022,704,VNM,Viet Nam,f,5653148.0,0.002864,17
semiconductors_and_sme,854129,2022,703,SVK,Slovakia,f,3605926.0,0.001827,18
semiconductors_and_sme,854129,2022,124,CAN,Canada,f,2414966.0,0.001223,19
semiconductors_and_sme,854129,2022,251,FRA,France,f,2413913.0,0.001223,20
semiconductors_and_sme,854129,2022,344,HKG,"China, Hong Kong SAR",f,2069873.0,0.001049,21
semiconductors_and_sme,854129,2022,642,ROU,Romania,f,1016447.0,0.000515,22
semiconductors_and_sme,854129,2022,757,CHE,Switzerland,f,920828.0,0.000466,23
semiconductors_and_sme,854129,2022,699,IND,India,f,864659.0,0.000438,24
semiconductors_and_sme,854129,2022,246,FIN,Finland,f,863231.0,0.000437,25
semiconductors_and_sme,854129,2022,528,NLD,Netherlands,f,846925.0,0.000429,26
semiconductors_and_sme,854129,2022,724,ESP,Spain,f,370993.0,0.000188,27
semiconductors_and_sme,854129,2022,56,BEL,Belgium,f,233354.0,0.000118,28
semiconductors_and_sme,854129,2022,440,LTU,Lithuania,f,192302.0,0.000097,29
semiconductors_and_sme,854129,2022,233,EST,Estonia,f,182333.0,0.000092,30
semiconductors_and_sme,854129,2022,203,CZE,Czechia,f,165097.0,0.000084,31
semiconductors_and_sme,854129,2022,360,IDN,Indonesia,f,149962.0,0.000076,32
semiconductors_and_sme,854129,2022,36,AUS,Australia,f,113008.0,0.000057,33
semiconductors_and_sme,854129,2022,792,TUR,Türkiye,f,111247.0,0.000056,34
semiconductors_and_sme,854129,2022,620,PRT,Portugal,f,108189.0,0.000055,35
semiconductors_and_sme,854129,2022,76,BRA,Brazil,f,102895.0,0.000052,36
semiconductors_and_sme,854129,2022,400,JOR,Jordan,f,98839.0,0.000050,37
semiconductors_and_sme,854129,2022,752,SWE,Sweden,f,92479.0,0.000047,38
semiconductors_and_sme,854129,2022,100,BGR,Bulgaria,f,73263.0,0.000037,39
semiconductors_and_sme,854129,2022,616,POL,Poland,f,64137.0,0.000032,40
semiconductors_and_sme,854129,2022,144,LKA,Sri Lanka,f,40153.0,0.000020,41
semiconductors_and_sme,854129,2022,340,HND,Honduras,f,28708.0,0.000015,42
semiconductors_and_sme,854129,2022,120,CMR,Cameroon,f,27527.0,0.000014,43
semiconductors_and_sme,854129,2022,643,RUS,Russian Federation,f,18443.0,0.000009,44
semiconductors_and_sme,854129,2022,372,IRL,Ireland,f,16697.0,0.000008,45
semiconductors_and_sme,854129,2022,446,MAC,"China, Macao SAR",f,14668.0,0.000007,46
semiconductors_and_sme,854129,2022,705,SVN,Slovenia,f,11635.0,0.000006,47
semiconductors_and_sme,854129,2022,470,MLT,Malta,f,10861.0,0.000006,48
semiconductors_and_sme,854129,2022,208,DNK,Denmark,f,8596.0,0.000004,49
semiconductors_and_sme,854129,2022,170,COL,Colombia,f,7847.0,0.000004,50
semiconductors_and_sme,854129,2022,554,NZL,New Zealand,f,7820.0,0.000004,51
semiconductors_and_sme,854129,2022,320,GTM,Guatemala,f,7548.0,0.000004,52
semiconductors_and_sme,854129,2022,694,SLE,Sierra Leone,f,6259.0,0.000003,53
semiconductors_and_sme,854129,2022,682,SAU,Saudi Arabia,f,5673.0,0.000003,54
semiconductors_and_sme,854129,2022,579,NOR,Norway,f,2537.0,0.000001,55
semiconductors_and_sme,854129,2022,862,VEN,Venezuela,f,2310.0,0.000001,56
semiconductors_and_sme,854129,2022,191,HRV,Croatia,f,2266.0,0.000001,57
semiconductors_and_sme,854129,2023,392,JPN,Japan,f,294939557.0,0.139665,1
semiconductors_and_sme,854129,2023,40,AUT,Austria,f,250431997.0,0.118589,2
semiconductors_and_sme,854129,2023,458,MYS,Malaysia,f,247003980.0,0.116966,3
semiconductors_and_sme,854129,2023,504,MAR,Morocco,f,219156209.0,0.103779,4
semiconductors_and_sme,854129,2023,156,CHN,China,f,211565390.0,0.100184,5
semiconductors_and_sme,854129,2023,276,DEU,Germany,f,186251362.0,0.088197,6
semiconductors_and_sme,854129,2023,490,TWN,Taiwan,f,185884696.0,0.088023,7
semiconductors_and_sme,854129,2023,826,GBR,United Kingdom,f,118235280.0,0.055989,8
semiconductors_and_sme,854129,2023,608,PHL,Philippines,f,111304902.0,0.052707,9
semiconductors_and_sme,854129,2023,410,KOR,Rep. of Korea,f,74411906.0,0.035237,10
semiconductors_and_sme,854129,2023,702,SGP,Singapore,f,51983665.0,0.024616,11
semiconductors_and_sme,854129,2023,484,MEX,Mexico,f,48051306.0,0.022754,12
semiconductors_and_sme,854129,2023,764,THA,Thailand,f,38803196.0,0.018375,13
semiconductors_and_sme,854129,2023,380,ITA,Italy,f,29769910.0,0.014097,14
semiconductors_and_sme,854129,2023,348,HUN,Hungary,f,10447152.0,0.004947,15
semiconductors_and_sme,854129,2023,704,VNM,Viet Nam,f,7893248.0,0.003738,16
semiconductors_and_sme,854129,2023,376,ISR,Israel,f,4901114.0,0.002321,17
semiconductors_and_sme,854129,2023,703,SVK,Slovakia,f,4808838.0,0.002277,18
semiconductors_and_sme,854129,2023,124,CAN,Canada,f,2459110.0,0.001164,19
semiconductors_and_sme,854129,2023,251,FRA,France,f,2230275.0,0.001056,20
semiconductors_and_sme,854129,2023,752,SWE,Sweden,f,1629953.0,0.000772,21
semiconductors_and_sme,854129,2023,699,IND,India,f,1539532.0,0.000729,22
semiconductors_and_sme,854129,2023,440,LTU,Lithuania,f,1265618.0,0.000599,23
semiconductors_and_sme,854129,2023,246,FIN,Finland,f,1087033.0,0.000515,24
semiconductors_and_sme,854129,2023,724,ESP,Spain,f,915216.0,0.000433,25
semiconductors_and_sme,854129,2023,36,AUS,Australia,f,911613.0,0.000432,26
semiconductors_and_sme,854129,2023,528,NLD,Netherlands,f,861759.0,0.000408,27
semiconductors_and_sme,854129,2023,757,CHE,Switzerland,f,766223.0,0.000363,28
semiconductors_and_sme,854129,2023,344,HKG,"China, Hong Kong SAR",f,681598.0,0.000323,29
semiconductors_and_sme,854129,2023,56,BEL,Belgium,f,479151.0,0.000227,30
semiconductors_and_sme,854129,2023,616,POL,Poland,f,208837.0,0.000099,31
semiconductors_and_sme,854129,2023,233,EST,Estonia,f,159025.0,0.000075,32
semiconductors_and_sme,854129,2023,792,TUR,Türkiye,f,96666.0,0.000046,33
semiconductors_and_sme,854129,2023,203,CZE,Czechia,f,95789.0,0.000045,34
semiconductors_and_sme,854129,2023,360,IDN,Indonesia,f,79762.0,0.000038,35
semiconductors_and_sme,854129,2023,654,SHN,Saint Helena,f,68547.0,0.000032,36
semiconductors_and_sme,854129,2023,104,MMR,Myanmar,f,65190.0,0.000031,37
semiconductors_and_sme,854129,2023,620,PRT,Portugal,f,64072.0,0.000030,38
semiconductors_and_sme,854129,2023,208,DNK,Denmark,f,56629.0,0.000027,39
semiconductors_and_sme,854129,2023,694,SLE,Sierra Leone,f,45599.0,0.000022,40
semiconductors_and_sme,854129,2023,76,BRA,Brazil,f,36969.0,0.000018,41
semiconductors_and_sme,854129,2023,372,IRL,Ireland,f,32086.0,0.000015,42
semiconductors_and_sme,854129,2023,300,GRC,Greece,f,19978.0,0.000009,43
semiconductors_and_sme,854129,2023,598,PNG,Papua New Guinea,f,13080.0,0.000006,44
semiconductors_and_sme,854129,2023,324,GIN,Guinea,f,9401.0,0.000004,45
semiconductors_and_sme,854129,2023,705,SVN,Slovenia,f,8807.0,0.000004,46
semiconductors_and_sme,854129,2023,352,ISL,Iceland,f,8414.0,0.000004,47
semiconductors_and_sme,854129,2023,32,ARG,Argentina,f,8220.0,0.000004,48
semiconductors_and_sme,854129,2023,626,TLS,Timor-Leste,f,6709.0,0.000003,49
semiconductors_and_sme,854129,2023,430,LBR,Liberia,f,5600.0,0.000003,50
semiconductors_and_sme,854129,2023,446,MAC,"China, Macao SAR",f,2891.0,0.000001,51
semiconductors_and_sme,854129,2024,392,JPN,Japan,f,258483203.0,0.151387,1
semiconductors_and_sme,854129,2024,458,MYS,Malaysia,f,218737304.0,0.128109,2
semiconductors_and_sme,854129,2024,40,AUT,Austria,f,207969268.0,0.121802,3
semiconductors_and_sme,854129,2024,504,MAR,Morocco,f,200970854.0,0.117703,4
semiconductors_and_sme,854129,2024,156,CHN,China,f,163141958.0,0.095548,5
semiconductors_and_sme,854129,2024,276,DEU,Germany,f,117298008.0,0.068698,6
semiconductors_and_sme,854129,2024,490,TWN,Taiwan,f,99697560.0,0.058390,7
semiconductors_and_sme,854129,2024,608,PHL,Philippines,f,98567912.0,0.057729,8
semiconductors_and_sme,854129,2024,380,ITA,Italy,f,75623000.0,0.044290,9
semiconductors_and_sme,854129,2024,484,MEX,Mexico,f,54411819.0,0.031868,10
semiconductors_and_sme,854129,2024,410,KOR,Rep. of Korea,f,49241315.0,0.028839,11
semiconductors_and_sme,854129,2024,826,GBR,United Kingdom,f,41698205.0,0.024422,12
semiconductors_and_sme,854129,2024,752,SWE,Sweden,f,35576575.0,0.020836,13
semiconductors_and_sme,854129,2024,702,SGP,Singapore,f,26876563.0,0.015741,14
semiconductors_and_sme,854129,2024,764,THA,Thailand,f,22275117.0,0.013046,15
semiconductors_and_sme,854129,2024,348,HUN,Hungary,f,6692326.0,0.003920,16
semiconductors_and_sme,854129,2024,704,VNM,Viet Nam,f,5130211.0,0.003005,17
semiconductors_and_sme,854129,2024,440,LTU,Lithuania,f,4211049.0,0.002466,18
semiconductors_and_sme,854129,2024,376,ISR,Israel,f,3516905.0,0.002060,19
semiconductors_and_sme,854129,2024,703,SVK,Slovakia,f,3335946.0,0.001954,20
semiconductors_and_sme,854129,2024,251,FRA,France,f,2756761.0,0.001615,21
semiconductors_and_sme,854129,2024,699,IND,India,f,2527402.0,0.001480,22
semiconductors_and_sme,854129,2024,757,CHE,Switzerland,f,2091577.0,0.001225,23
semiconductors_and_sme,854129,2024,246,FIN,Finland,f,1069567.0,0.000626,24
semiconductors_and_sme,854129,2024,528,NLD,Netherlands,f,960515.0,0.000563,25
semiconductors_and_sme,854129,2024,124,CAN,Canada,f,893592.0,0.000523,26
semiconductors_and_sme,854129,2024,56,BEL,Belgium,f,616783.0,0.000361,27
semiconductors_and_sme,854129,2024,360,IDN,Indonesia,f,504131.0,0.000295,28
semiconductors_and_sme,854129,2024,36,AUS,Australia,f,392882.0,0.000230,29
semiconductors_and_sme,854129,2024,268,GEO,Georgia,f,365704.0,0.000214,30
semiconductors_and_sme,854129,2024,724,ESP,Spain,f,355588.0,0.000208,31
semiconductors_and_sme,854129,2024,233,EST,Estonia,f,353851.0,0.000207,32
semiconductors_and_sme,854129,2024,208,DNK,Denmark,f,349576.0,0.000205,33
semiconductors_and_sme,854129,2024,76,BRA,Brazil,f,130567.0,0.000076,34
semiconductors_and_sme,854129,2024,616,POL,Poland,f,97064.0,0.000057,35
semiconductors_and_sme,854129,2024,788,TUN,Tunisia,f,84500.0,0.000049,36
semiconductors_and_sme,854129,2024,203,CZE,Czechia,f,81068.0,0.000047,37
semiconductors_and_sme,854129,2024,579,NOR,Norway,f,73722.0,0.000043,38
semiconductors_and_sme,854129,2024,344,HKG,"China, Hong Kong SAR",f,55000.0,0.000032,39
semiconductors_and_sme,854129,2024,620,PRT,Portugal,f,41445.0,0.000024,40
semiconductors_and_sme,854129,2024,694,SLE,Sierra Leone,f,34975.0,0.000020,41
semiconductors_and_sme,854129,2024,470,MLT,Malta,f,23712.0,0.000014,42
semiconductors_and_sme,854129,2024,792,TUR,Türkiye,f,21513.0,0.000013,43
semiconductors_and_sme,854129,2024,642,ROU,Romania,f,15288.0,0.000009,44
semiconductors_and_sme,854129,2024,705,SVN,Slovenia,f,12869.0,0.000008,45
semiconductors_and_sme,854129,2024,372,IRL,Ireland,f,11925.0,0.000007,46
semiconductors_and_sme,854129,2024,152,CHL,Chile,f,11907.0,0.000007,47
semiconductors_and_sme,854129,2024,478,MRT,Mauritania,f,11450.0,0.000007,48
semiconductors_and_sme,854129,2024,352,ISL,Iceland,f,11333.0,0.000007,49
semiconductors_and_sme,854129,2024,191,HRV,Croatia,f,10901.0,0.000006,50
semiconductors_and_sme,854129,2024,678,STP,Sao Tome and Principe,f,3962.0,0.000002,51
semiconductors_and_sme,854129,2024,428,LVA,Latvia,f,3141.0,0.000002,52
semiconductors_and_sme,854129,2024,643,RUS,Russian Federation,f,2585.0,0.000002,53
semiconductors_and_sme,854129,2024,214,DOM,Dominican Rep.,f,2461.0,0.000001,54
semiconductors_and_sme,854129,2025,392,JPN,Japan,f,317913626.0,0.261739,1
semiconductors_and_sme,854129,2025,40,AUT,Austria,f,143235917.0,0.117926,2
semiconductors_and_sme,854129,2025,458,MYS,Malaysia,f,131795849.0,0.108508,3
semiconductors_and_sme,854129,2025,276,DEU,Germany,f,112730710.0,0.092811,4
semiconductors_and_sme,854129,2025,504,MAR,Morocco,f,89838548.0,0.073964,5
semiconductors_and_sme,854129,2025,156,CHN,China,f,85793606.0,0.070634,6
semiconductors_and_sme,854129,2025,608,PHL,Philippines,f,81785330.0,0.067334,7
semiconductors_and_sme,854129,2025,380,ITA,Italy,f,50649515.0,0.041700,8
semiconductors_and_sme,854129,2025,702,SGP,Singapore,f,41757045.0,0.034379,9
semiconductors_and_sme,854129,2025,410,KOR,Rep. of Korea,f,37219119.0,0.030643,10
semiconductors_and_sme,854129,2025,490,TWN,Taiwan,f,28957926.0,0.023841,11
semiconductors_and_sme,854129,2025,764,THA,Thailand,f,28420325.0,0.023399,12
semiconductors_and_sme,854129,2025,484,MEX,Mexico,f,16167444.0,0.013311,13
semiconductors_and_sme,854129,2025,826,GBR,United Kingdom,f,8371009.0,0.006892,14
semiconductors_and_sme,854129,2025,376,ISR,Israel,f,7890794.0,0.006497,15
semiconductors_and_sme,854129,2025,703,SVK,Slovakia,f,5589221.0,0.004602,16
semiconductors_and_sme,854129,2025,251,FRA,France,f,3347465.0,0.002756,17
semiconductors_and_sme,854129,2025,348,HUN,Hungary,f,3285495.0,0.002705,18
semiconductors_and_sme,854129,2025,440,LTU,Lithuania,f,2907003.0,0.002393,19
semiconductors_and_sme,854129,2025,203,CZE,Czechia,f,2666402.0,0.002195,20
semiconductors_and_sme,854129,2025,752,SWE,Sweden,f,2597396.0,0.002138,21
semiconductors_and_sme,854129,2025,704,VNM,Viet Nam,f,2423526.0,0.001995,22
semiconductors_and_sme,854129,2025,757,CHE,Switzerland,f,2207089.0,0.001817,23
semiconductors_and_sme,854129,2025,233,EST,Estonia,f,1541798.0,0.001269,24
semiconductors_and_sme,854129,2025,528,NLD,Netherlands,f,1367503.0,0.001126,25
semiconductors_and_sme,854129,2025,246,FIN,Finland,f,992701.0,0.000817,26
semiconductors_and_sme,854129,2025,699,IND,India,f,948516.0,0.000781,27
semiconductors_and_sme,854129,2025,724,ESP,Spain,f,677464.0,0.000558,28
semiconductors_and_sme,854129,2025,124,CAN,Canada,f,443216.0,0.000365,29
semiconductors_and_sme,854129,2025,344,HKG,"China, Hong Kong SAR",f,199962.0,0.000165,30
semiconductors_and_sme,854129,2025,56,BEL,Belgium,f,188542.0,0.000155,31
semiconductors_and_sme,854129,2025,616,POL,Poland,f,131390.0,0.000108,32
semiconductors_and_sme,854129,2025,360,IDN,Indonesia,f,114610.0,0.000094,33
semiconductors_and_sme,854129,2025,579,NOR,Norway,f,95793.0,0.000079,34
semiconductors_and_sme,854129,2025,36,AUS,Australia,f,53618.0,0.000044,35
semiconductors_and_sme,854129,2025,76,BRA,Brazil,f,49741.0,0.000041,36
semiconductors_and_sme,854129,2025,792,TUR,Türkiye,f,43837.0,0.000036,37
semiconductors_and_sme,854129,2025,208,DNK,Denmark,f,42466.0,0.000035,38
semiconductors_and_sme,854129,2025,705,SVN,Slovenia,f,34501.0,0.000028,39
semiconductors_and_sme,854129,2025,372,IRL,Ireland,f,29124.0,0.000024,40
semiconductors_and_sme,854129,2025,586,PAK,Pakistan,f,22098.0,0.000018,41
semiconductors_and_sme,854129,2025,642,ROU,Romania,f,21475.0,0.000018,42
semiconductors_and_sme,854129,2025,796,TCA,Turks and Caicos Isds,f,18014.0,0.000015,43
semiconductors_and_sme,854129,2025,694,SLE,Sierra Leone,f,11816.0,0.000010,44
semiconductors_and_sme,854129,2025,116,KHM,Cambodia,f,9889.0,0.000008,45
semiconductors_and_sme,854129,2025,620,PRT,Portugal,f,6640.0,0.000005,46
semiconductors_and_sme,854129,2025,188,CRI,Costa Rica,f,5984.0,0.000005,47
semiconductors_and_sme,854129,2025,554,NZL,New Zealand,f,5475.0,0.000005,48
semiconductors_and_sme,854129,2025,466,MLI,Mali,f,4939.0,0.000004,49
semiconductors_and_sme,854129,2025,100,BGR,Bulgaria,f,4125.0,0.000003,50
semiconductors_and_sme,854129,2025,807,MKD,North Macedonia,f,3346.0,0.000003,51
semiconductors_and_sme,854129,2025,268,GEO,Georgia,f,2227.0,0.000002,52
semiconductors_and_sme,854130,2018,156,CHN,China,f,27547036.0,0.257679,1
semiconductors_and_sme,854130,2018,392,JPN,Japan,f,17867363.0,0.167134,2
semiconductors_and_sme,854130,2018,348,HUN,Hungary,f,12840376.0,0.120111,3
semiconductors_and_sme,854130,2018,276,DEU,Germany,f,8917919.0,0.083420,4
semiconductors_and_sme,854130,2018,826,GBR,United Kingdom,f,6812073.0,0.063721,5
semiconductors_and_sme,854130,2018,703,SVK,Slovakia,f,6541912.0,0.061194,6
semiconductors_and_sme,854130,2018,608,PHL,Philippines,f,4166249.0,0.038972,7
semiconductors_and_sme,854130,2018,699,IND,India,f,4117230.0,0.038513,8
semiconductors_and_sme,854130,2018,752,SWE,Sweden,f,3136876.0,0.029343,9
semiconductors_and_sme,854130,2018,251,FRA,France,f,2686807.0,0.025133,10
semiconductors_and_sme,854130,2018,757,CHE,Switzerland,f,2051954.0,0.019194,11
semiconductors_and_sme,854130,2018,203,CZE,Czechia,f,1848383.0,0.017290,12
semiconductors_and_sme,854130,2018,643,RUS,Russian Federation,f,1700485.0,0.015907,13
semiconductors_and_sme,854130,2018,410,KOR,Rep. of Korea,f,1298666.0,0.012148,14
semiconductors_and_sme,854130,2018,484,MEX,Mexico,f,1172873.0,0.010971,15
semiconductors_and_sme,854130,2018,380,ITA,Italy,f,1065050.0,0.009963,16
semiconductors_and_sme,854130,2018,56,BEL,Belgium,f,393681.0,0.003683,17
semiconductors_and_sme,854130,2018,458,MYS,Malaysia,f,392738.0,0.003674,18
semiconductors_and_sme,854130,2018,490,TWN,Taiwan,f,345311.0,0.003230,19
semiconductors_and_sme,854130,2018,764,THA,Thailand,f,314624.0,0.002943,20
semiconductors_and_sme,854130,2018,616,POL,Poland,f,305351.0,0.002856,21
semiconductors_and_sme,854130,2018,528,NLD,Netherlands,f,271689.0,0.002541,22
semiconductors_and_sme,854130,2018,344,HKG,"China, Hong Kong SAR",f,210099.0,0.001965,23
semiconductors_and_sme,854130,2018,704,VNM,Viet Nam,f,171059.0,0.001600,24
semiconductors_and_sme,854130,2018,620,PRT,Portugal,f,135198.0,0.001265,25
semiconductors_and_sme,854130,2018,504,MAR,Morocco,f,114890.0,0.001075,26
semiconductors_and_sme,854130,2018,702,SGP,Singapore,f,80973.0,0.000757,27
semiconductors_and_sme,854130,2018,40,AUT,Austria,f,78336.0,0.000733,28
semiconductors_and_sme,854130,2018,124,CAN,Canada,f,74368.0,0.000696,29
semiconductors_and_sme,854130,2018,440,LTU,Lithuania,f,59064.0,0.000552,30
semiconductors_and_sme,854130,2018,208,DNK,Denmark,f,44826.0,0.000419,31
semiconductors_and_sme,854130,2018,246,FIN,Finland,f,41784.0,0.000391,32
semiconductors_and_sme,854130,2018,36,AUS,Australia,f,37502.0,0.000351,33
semiconductors_and_sme,854130,2018,705,SVN,Slovenia,f,19952.0,0.000187,34
semiconductors_and_sme,854130,2018,694,SLE,Sierra Leone,f,13705.0,0.000128,35
semiconductors_and_sme,854130,2018,724,ESP,Spain,f,13609.0,0.000127,36
semiconductors_and_sme,854130,2018,116,KHM,Cambodia,f,5633.0,0.000053,37
semiconductors_and_sme,854130,2018,300,GRC,Greece,f,3525.0,0.000033,38
semiconductors_and_sme,854130,2018,166,CCK,Cocos Isds,f,3016.0,0.000028,39
semiconductors_and_sme,854130,2018,233,EST,Estonia,f,2100.0,0.000020,40
semiconductors_and_sme,854130,2019,156,CHN,China,f,15938456.0,0.186420,1
semiconductors_and_sme,854130,2019,348,HUN,Hungary,f,12493383.0,0.146126,2
semiconductors_and_sme,854130,2019,392,JPN,Japan,f,11581713.0,0.135463,3
semiconductors_and_sme,854130,2019,276,DEU,Germany,f,8745004.0,0.102284,4
semiconductors_and_sme,854130,2019,826,GBR,United Kingdom,f,6589585.0,0.077073,5
semiconductors_and_sme,854130,2019,203,CZE,Czechia,f,6284040.0,0.073500,6
semiconductors_and_sme,854130,2019,703,SVK,Slovakia,f,6116563.0,0.071541,7
semiconductors_and_sme,854130,2019,608,PHL,Philippines,f,4091967.0,0.047861,8
semiconductors_and_sme,854130,2019,251,FRA,France,f,3285552.0,0.038429,9
semiconductors_and_sme,854130,2019,699,IND,India,f,2636347.0,0.030835,10
semiconductors_and_sme,854130,2019,380,ITA,Italy,f,1293950.0,0.015134,11
semiconductors_and_sme,854130,2019,757,CHE,Switzerland,f,1070909.0,0.012526,12
semiconductors_and_sme,854130,2019,410,KOR,Rep. of Korea,f,880857.0,0.010303,13
semiconductors_and_sme,854130,2019,643,RUS,Russian Federation,f,838180.0,0.009804,14
semiconductors_and_sme,854130,2019,484,MEX,Mexico,f,703433.0,0.008228,15
semiconductors_and_sme,854130,2019,490,TWN,Taiwan,f,654213.0,0.007652,16
semiconductors_and_sme,854130,2019,764,THA,Thailand,f,427210.0,0.004997,17
semiconductors_and_sme,854130,2019,752,SWE,Sweden,f,395660.0,0.004628,18
semiconductors_and_sme,854130,2019,616,POL,Poland,f,330550.0,0.003866,19
semiconductors_and_sme,854130,2019,620,PRT,Portugal,f,246914.0,0.002888,20
semiconductors_and_sme,854130,2019,458,MYS,Malaysia,f,185071.0,0.002165,21
semiconductors_and_sme,854130,2019,124,CAN,Canada,f,146871.0,0.001718,22
semiconductors_and_sme,854130,2019,40,AUT,Austria,f,134003.0,0.001567,23
semiconductors_and_sme,854130,2019,528,NLD,Netherlands,f,87851.0,0.001028,24
semiconductors_and_sme,854130,2019,56,BEL,Belgium,f,70030.0,0.000819,25
semiconductors_and_sme,854130,2019,702,SGP,Singapore,f,55940.0,0.000654,26
semiconductors_and_sme,854130,2019,208,DNK,Denmark,f,52018.0,0.000608,27
semiconductors_and_sme,854130,2019,504,MAR,Morocco,f,29941.0,0.000350,28
semiconductors_and_sme,854130,2019,642,ROU,Romania,f,25901.0,0.000303,29
semiconductors_and_sme,854130,2019,792,TUR,Türkiye,f,23500.0,0.000275,30
semiconductors_and_sme,854130,2019,440,LTU,Lithuania,f,23267.0,0.000272,31
semiconductors_and_sme,854130,2019,344,HKG,"China, Hong Kong SAR",f,14468.0,0.000169,32
semiconductors_and_sme,854130,2019,188,CRI,Costa Rica,f,10664.0,0.000125,33
semiconductors_and_sme,854130,2019,360,IDN,Indonesia,f,6450.0,0.000075,34
semiconductors_and_sme,854130,2019,704,VNM,Viet Nam,f,5329.0,0.000062,35
semiconductors_and_sme,854130,2019,76,BRA,Brazil,f,5064.0,0.000059,36
semiconductors_and_sme,854130,2019,233,EST,Estonia,f,4250.0,0.000050,37
semiconductors_and_sme,854130,2019,120,CMR,Cameroon,f,3614.0,0.000042,38
semiconductors_and_sme,854130,2019,694,SLE,Sierra Leone,f,3383.0,0.000040,39
semiconductors_and_sme,854130,2019,404,KEN,Kenya,f,3348.0,0.000039,40
semiconductors_and_sme,854130,2019,724,ESP,Spain,f,2041.0,0.000024,41
semiconductors_and_sme,854130,2020,156,CHN,China,f,12439743.0,0.193316,1
semiconductors_and_sme,854130,2020,348,HUN,Hungary,f,10635426.0,0.165277,2
semiconductors_and_sme,854130,2020,392,JPN,Japan,f,9984080.0,0.155155,3
semiconductors_and_sme,854130,2020,276,DEU,Germany,f,6754599.0,0.104968,4
semiconductors_and_sme,854130,2020,826,GBR,United Kingdom,f,4984011.0,0.077453,5
semiconductors_and_sme,854130,2020,703,SVK,Slovakia,f,3709675.0,0.057649,6
semiconductors_and_sme,854130,2020,608,PHL,Philippines,f,2442800.0,0.037962,7
semiconductors_and_sme,854130,2020,203,CZE,Czechia,f,2295826.0,0.035678,8
semiconductors_and_sme,854130,2020,251,FRA,France,f,1942502.0,0.030187,9
semiconductors_and_sme,854130,2020,699,IND,India,f,1747553.0,0.027157,10
semiconductors_and_sme,854130,2020,757,CHE,Switzerland,f,950647.0,0.014773,11
semiconductors_and_sme,854130,2020,752,SWE,Sweden,f,910287.0,0.014146,12
semiconductors_and_sme,854130,2020,380,ITA,Italy,f,904480.0,0.014056,13
semiconductors_and_sme,854130,2020,484,MEX,Mexico,f,881918.0,0.013705,14
semiconductors_and_sme,854130,2020,643,RUS,Russian Federation,f,745263.0,0.011582,15
semiconductors_and_sme,854130,2020,410,KOR,Rep. of Korea,f,491024.0,0.007631,16
semiconductors_and_sme,854130,2020,620,PRT,Portugal,f,483643.0,0.007516,17
semiconductors_and_sme,854130,2020,616,POL,Poland,f,382505.0,0.005944,18
semiconductors_and_sme,854130,2020,702,SGP,Singapore,f,342691.0,0.005325,19
semiconductors_and_sme,854130,2020,440,LTU,Lithuania,f,227386.0,0.003534,20
semiconductors_and_sme,854130,2020,490,TWN,Taiwan,f,218083.0,0.003389,21
semiconductors_and_sme,854130,2020,124,CAN,Canada,f,184650.0,0.002870,22
semiconductors_and_sme,854130,2020,246,FIN,Finland,f,114837.0,0.001785,23
semiconductors_and_sme,854130,2020,764,THA,Thailand,f,98292.0,0.001527,24
semiconductors_and_sme,854130,2020,704,VNM,Viet Nam,f,88549.0,0.001376,25
semiconductors_and_sme,854130,2020,458,MYS,Malaysia,f,76907.0,0.001195,26
semiconductors_and_sme,854130,2020,372,IRL,Ireland,f,69738.0,0.001084,27
semiconductors_and_sme,854130,2020,642,ROU,Romania,f,66572.0,0.001035,28
semiconductors_and_sme,854130,2020,344,HKG,"China, Hong Kong SAR",f,53571.0,0.000833,29
semiconductors_and_sme,854130,2020,528,NLD,Netherlands,f,26402.0,0.000410,30
semiconductors_and_sme,854130,2020,208,DNK,Denmark,f,26328.0,0.000409,31
semiconductors_and_sme,854130,2020,40,AUT,Austria,f,22481.0,0.000349,32
semiconductors_and_sme,854130,2020,233,EST,Estonia,f,12626.0,0.000196,33
semiconductors_and_sme,854130,2020,792,TUR,Türkiye,f,8434.0,0.000131,34
semiconductors_and_sme,854130,2020,554,NZL,New Zealand,f,8250.0,0.000128,35
semiconductors_and_sme,854130,2020,56,BEL,Belgium,f,5257.0,0.000082,36
semiconductors_and_sme,854130,2020,724,ESP,Spain,f,3766.0,0.000059,37
semiconductors_and_sme,854130,2020,446,MAC,"China, Macao SAR",f,3681.0,0.000057,38
semiconductors_and_sme,854130,2020,360,IDN,Indonesia,f,2622.0,0.000041,39
semiconductors_and_sme,854130,2020,504,MAR,Morocco,f,2034.0,0.000032,40
semiconductors_and_sme,854130,2021,156,CHN,China,f,20810955.0,0.280274,1
semiconductors_and_sme,854130,2021,276,DEU,Germany,f,14838303.0,0.199837,2
semiconductors_and_sme,854130,2021,392,JPN,Japan,f,9488264.0,0.127784,3
semiconductors_and_sme,854130,2021,826,GBR,United Kingdom,f,5115427.0,0.068893,4
semiconductors_and_sme,854130,2021,348,HUN,Hungary,f,4047579.0,0.054511,5
semiconductors_and_sme,854130,2021,608,PHL,Philippines,f,3843343.0,0.051761,6
semiconductors_and_sme,854130,2021,699,IND,India,f,2938267.0,0.039572,7
semiconductors_and_sme,854130,2021,703,SVK,Slovakia,f,2163621.0,0.029139,8
semiconductors_and_sme,854130,2021,251,FRA,France,f,2066930.0,0.027837,9
semiconductors_and_sme,854130,2021,203,CZE,Czechia,f,1899820.0,0.025586,10
semiconductors_and_sme,854130,2021,484,MEX,Mexico,f,1303054.0,0.017549,11
semiconductors_and_sme,854130,2021,380,ITA,Italy,f,1092242.0,0.014710,12
semiconductors_and_sme,854130,2021,410,KOR,Rep. of Korea,f,734779.0,0.009896,13
semiconductors_and_sme,854130,2021,643,RUS,Russian Federation,f,598021.0,0.008054,14
semiconductors_and_sme,854130,2021,440,LTU,Lithuania,f,589260.0,0.007936,15
semiconductors_and_sme,854130,2021,616,POL,Poland,f,428775.0,0.005775,16
semiconductors_and_sme,854130,2021,40,AUT,Austria,f,372098.0,0.005011,17
semiconductors_and_sme,854130,2021,757,CHE,Switzerland,f,369553.0,0.004977,18
semiconductors_and_sme,854130,2021,490,TWN,Taiwan,f,307321.0,0.004139,19
semiconductors_and_sme,854130,2021,458,MYS,Malaysia,f,269778.0,0.003633,20
semiconductors_and_sme,854130,2021,620,PRT,Portugal,f,234484.0,0.003158,21
semiconductors_and_sme,854130,2021,504,MAR,Morocco,f,158251.0,0.002131,22
semiconductors_and_sme,854130,2021,764,THA,Thailand,f,142569.0,0.001920,23
semiconductors_and_sme,854130,2021,124,CAN,Canada,f,137723.0,0.001855,24
semiconductors_and_sme,854130,2021,528,NLD,Netherlands,f,73617.0,0.000991,25
semiconductors_and_sme,854130,2021,76,BRA,Brazil,f,40052.0,0.000539,26
semiconductors_and_sme,854130,2021,376,ISR,Israel,f,33514.0,0.000451,27
semiconductors_and_sme,854130,2021,752,SWE,Sweden,f,32880.0,0.000443,28
semiconductors_and_sme,854130,2021,516,NAM,Namibia,f,31350.0,0.000422,29
semiconductors_and_sme,854130,2021,208,DNK,Denmark,f,22064.0,0.000297,30
semiconductors_and_sme,854130,2021,792,TUR,Türkiye,f,21400.0,0.000288,31
semiconductors_and_sme,854130,2021,268,GEO,Georgia,f,12940.0,0.000174,32
semiconductors_and_sme,854130,2021,702,SGP,Singapore,f,11856.0,0.000160,33
semiconductors_and_sme,854130,2021,662,LCA,Saint Lucia,f,9986.0,0.000134,34
semiconductors_and_sme,854130,2021,246,FIN,Finland,f,5886.0,0.000079,35
semiconductors_and_sme,854130,2021,704,VNM,Viet Nam,f,3624.0,0.000049,36
semiconductors_and_sme,854130,2021,344,HKG,"China, Hong Kong SAR",f,2509.0,0.000034,37
semiconductors_and_sme,854130,2022,156,CHN,China,f,35557608.0,0.286135,1
semiconductors_and_sme,854130,2022,276,DEU,Germany,f,20332198.0,0.163615,2
semiconductors_and_sme,854130,2022,392,JPN,Japan,f,15194874.0,0.122274,3
semiconductors_and_sme,854130,2022,826,GBR,United Kingdom,f,7686730.0,0.061856,4
semiconductors_and_sme,854130,2022,484,MEX,Mexico,f,7217037.0,0.058076,5
semiconductors_and_sme,854130,2022,608,PHL,Philippines,f,4947308.0,0.039811,6
semiconductors_and_sme,854130,2022,124,CAN,Canada,f,3735515.0,0.030060,7
semiconductors_and_sme,854130,2022,703,SVK,Slovakia,f,3658975.0,0.029444,8
semiconductors_and_sme,854130,2022,699,IND,India,f,3406138.0,0.027409,9
semiconductors_and_sme,854130,2022,380,ITA,Italy,f,3211479.0,0.025843,10
semiconductors_and_sme,854130,2022,251,FRA,France,f,3083143.0,0.024810,11
semiconductors_and_sme,854130,2022,410,KOR,Rep. of Korea,f,2954248.0,0.023773,12
semiconductors_and_sme,854130,2022,203,CZE,Czechia,f,2812776.0,0.022635,13
semiconductors_and_sme,854130,2022,752,SWE,Sweden,f,1503141.0,0.012096,14
semiconductors_and_sme,854130,2022,440,LTU,Lithuania,f,1154370.0,0.009289,15
semiconductors_and_sme,854130,2022,490,TWN,Taiwan,f,1066552.0,0.008583,16
semiconductors_and_sme,854130,2022,348,HUN,Hungary,f,991914.0,0.007982,17
semiconductors_and_sme,854130,2022,458,MYS,Malaysia,f,952621.0,0.007666,18
semiconductors_and_sme,854130,2022,504,MAR,Morocco,f,614853.0,0.004948,19
semiconductors_and_sme,854130,2022,40,AUT,Austria,f,599641.0,0.004825,20
semiconductors_and_sme,854130,2022,620,PRT,Portugal,f,561095.0,0.004515,21
semiconductors_and_sme,854130,2022,616,POL,Poland,f,414484.0,0.003335,22
semiconductors_and_sme,854130,2022,757,CHE,Switzerland,f,396541.0,0.003191,23
semiconductors_and_sme,854130,2022,788,TUN,Tunisia,f,387139.0,0.003115,24
semiconductors_and_sme,854130,2022,528,NLD,Netherlands,f,376615.0,0.003031,25
semiconductors_and_sme,854130,2022,643,RUS,Russian Federation,f,373001.0,0.003002,26
semiconductors_and_sme,854130,2022,764,THA,Thailand,f,278270.0,0.002239,27
semiconductors_and_sme,854130,2022,702,SGP,Singapore,f,184461.0,0.001484,28
semiconductors_and_sme,854130,2022,376,ISR,Israel,f,146114.0,0.001176,29
semiconductors_and_sme,854130,2022,344,HKG,"China, Hong Kong SAR",f,137067.0,0.001103,30
semiconductors_and_sme,854130,2022,688,SRB,Serbia,f,97625.0,0.000786,31
semiconductors_and_sme,854130,2022,246,FIN,Finland,f,47172.0,0.000380,32
semiconductors_and_sme,854130,2022,208,DNK,Denmark,f,40642.0,0.000327,33
semiconductors_and_sme,854130,2022,724,ESP,Spain,f,31102.0,0.000250,34
semiconductors_and_sme,854130,2022,642,ROU,Romania,f,29104.0,0.000234,35
semiconductors_and_sme,854130,2022,804,UKR,Ukraine,f,19667.0,0.000158,36
semiconductors_and_sme,854130,2022,705,SVN,Slovenia,f,13604.0,0.000109,37
semiconductors_and_sme,854130,2022,792,TUR,Türkiye,f,13064.0,0.000105,38
semiconductors_and_sme,854130,2022,76,BRA,Brazil,f,12876.0,0.000104,39
semiconductors_and_sme,854130,2022,694,SLE,Sierra Leone,f,10476.0,0.000084,40
semiconductors_and_sme,854130,2022,372,IRL,Ireland,f,7798.0,0.000063,41
semiconductors_and_sme,854130,2022,704,VNM,Viet Nam,f,4026.0,0.000032,42
semiconductors_and_sme,854130,2022,56,BEL,Belgium,f,3260.0,0.000026,43
semiconductors_and_sme,854130,2022,233,EST,Estonia,f,2377.0,0.000019,44
semiconductors_and_sme,854130,2023,276,DEU,Germany,f,26098223.0,0.229097,1
semiconductors_and_sme,854130,2023,156,CHN,China,f,21595674.0,0.189572,2
semiconductors_and_sme,854130,2023,392,JPN,Japan,f,13719717.0,0.120435,3
semiconductors_and_sme,854130,2023,826,GBR,United Kingdom,f,13346875.0,0.117162,4
semiconductors_and_sme,854130,2023,484,MEX,Mexico,f,7099754.0,0.062323,5
semiconductors_and_sme,854130,2023,608,PHL,Philippines,f,4636234.0,0.040698,6
semiconductors_and_sme,854130,2023,703,SVK,Slovakia,f,3767588.0,0.033073,7
semiconductors_and_sme,854130,2023,251,FRA,France,f,3656378.0,0.032097,8
semiconductors_and_sme,854130,2023,203,CZE,Czechia,f,2996531.0,0.026304,9
semiconductors_and_sme,854130,2023,699,IND,India,f,2922328.0,0.025653,10
semiconductors_and_sme,854130,2023,458,MYS,Malaysia,f,2395056.0,0.021024,11
semiconductors_and_sme,854130,2023,410,KOR,Rep. of Korea,f,2010954.0,0.017653,12
semiconductors_and_sme,854130,2023,380,ITA,Italy,f,1913085.0,0.016794,13
semiconductors_and_sme,854130,2023,348,HUN,Hungary,f,1715673.0,0.015061,14
semiconductors_and_sme,854130,2023,757,CHE,Switzerland,f,1679737.0,0.014745,15
semiconductors_and_sme,854130,2023,124,CAN,Canada,f,1065034.0,0.009349,16
semiconductors_and_sme,854130,2023,40,AUT,Austria,f,894317.0,0.007851,17
semiconductors_and_sme,854130,2023,616,POL,Poland,f,847627.0,0.007441,18
semiconductors_and_sme,854130,2023,440,LTU,Lithuania,f,284658.0,0.002499,19
semiconductors_and_sme,854130,2023,246,FIN,Finland,f,231771.0,0.002035,20
semiconductors_and_sme,854130,2023,490,TWN,Taiwan,f,209516.0,0.001839,21
semiconductors_and_sme,854130,2023,504,MAR,Morocco,f,140192.0,0.001231,22
semiconductors_and_sme,854130,2023,528,NLD,Netherlands,f,135115.0,0.001186,23
semiconductors_and_sme,854130,2023,752,SWE,Sweden,f,89131.0,0.000782,24
semiconductors_and_sme,854130,2023,764,THA,Thailand,f,77433.0,0.000680,25
semiconductors_and_sme,854130,2023,620,PRT,Portugal,f,73663.0,0.000647,26
semiconductors_and_sme,854130,2023,233,EST,Estonia,f,55557.0,0.000488,27
semiconductors_and_sme,854130,2023,76,BRA,Brazil,f,51004.0,0.000448,28
semiconductors_and_sme,854130,2023,344,HKG,"China, Hong Kong SAR",f,36771.0,0.000323,29
semiconductors_and_sme,854130,2023,554,NZL,New Zealand,f,32550.0,0.000286,30
semiconductors_and_sme,854130,2023,724,ESP,Spain,f,26839.0,0.000236,31
semiconductors_and_sme,854130,2023,694,SLE,Sierra Leone,f,20470.0,0.000180,32
semiconductors_and_sme,854130,2023,516,NAM,Namibia,f,17950.0,0.000158,33
semiconductors_and_sme,854130,2023,292,GIB,Gibraltar,f,15236.0,0.000134,34
semiconductors_and_sme,854130,2023,208,DNK,Denmark,f,13846.0,0.000122,35
semiconductors_and_sme,854130,2023,643,RUS,Russian Federation,f,12171.0,0.000107,36
semiconductors_and_sme,854130,2023,705,SVN,Slovenia,f,9774.0,0.000086,37
semiconductors_and_sme,854130,2023,372,IRL,Ireland,f,7946.0,0.000070,38
semiconductors_and_sme,854130,2023,56,BEL,Belgium,f,5345.0,0.000047,39
semiconductors_and_sme,854130,2023,702,SGP,Singapore,f,4693.0,0.000041,40
semiconductors_and_sme,854130,2023,36,AUS,Australia,f,2980.0,0.000026,41
semiconductors_and_sme,854130,2023,704,VNM,Viet Nam,f,2631.0,0.000023,42
semiconductors_and_sme,854130,2024,276,DEU,Germany,f,21080139.0,0.180507,1
semiconductors_and_sme,854130,2024,826,GBR,United Kingdom,f,17044825.0,0.145953,2
semiconductors_and_sme,854130,2024,156,CHN,China,f,16345700.0,0.139966,3
semiconductors_and_sme,854130,2024,757,CHE,Switzerland,f,12303602.0,0.105354,4
semiconductors_and_sme,854130,2024,392,JPN,Japan,f,11623255.0,0.099528,5
semiconductors_and_sme,854130,2024,203,CZE,Czechia,f,9382273.0,0.080339,6
semiconductors_and_sme,854130,2024,348,HUN,Hungary,f,5715890.0,0.048944,7
semiconductors_and_sme,854130,2024,484,MEX,Mexico,f,3610721.0,0.030918,8
semiconductors_and_sme,854130,2024,699,IND,India,f,3346498.0,0.028656,9
semiconductors_and_sme,854130,2024,124,CAN,Canada,f,2665437.0,0.022824,10
semiconductors_and_sme,854130,2024,703,SVK,Slovakia,f,2363553.0,0.020239,11
semiconductors_and_sme,854130,2024,608,PHL,Philippines,f,2209396.0,0.018919,12
semiconductors_and_sme,854130,2024,251,FRA,France,f,2202760.0,0.018862,13
semiconductors_and_sme,854130,2024,380,ITA,Italy,f,1219639.0,0.010444,14
semiconductors_and_sme,854130,2024,410,KOR,Rep. of Korea,f,1026586.0,0.008791,15
semiconductors_and_sme,854130,2024,40,AUT,Austria,f,837292.0,0.007170,16
semiconductors_and_sme,854130,2024,616,POL,Poland,f,683304.0,0.005851,17
semiconductors_and_sme,854130,2024,458,MYS,Malaysia,f,576428.0,0.004936,18
semiconductors_and_sme,854130,2024,440,LTU,Lithuania,f,498651.0,0.004270,19
semiconductors_and_sme,854130,2024,490,TWN,Taiwan,f,493899.0,0.004229,20
semiconductors_and_sme,854130,2024,579,NOR,Norway,f,356075.0,0.003049,21
semiconductors_and_sme,854130,2024,504,MAR,Morocco,f,349280.0,0.002991,22
semiconductors_and_sme,854130,2024,764,THA,Thailand,f,270410.0,0.002315,23
semiconductors_and_sme,854130,2024,344,HKG,"China, Hong Kong SAR",f,227287.0,0.001946,24
semiconductors_and_sme,854130,2024,752,SWE,Sweden,f,106519.0,0.000912,25
semiconductors_and_sme,854130,2024,528,NLD,Netherlands,f,91713.0,0.000785,26
semiconductors_and_sme,854130,2024,724,ESP,Spain,f,52251.0,0.000447,27
semiconductors_and_sme,854130,2024,76,BRA,Brazil,f,21497.0,0.000184,28
semiconductors_and_sme,854130,2024,208,DNK,Denmark,f,17532.0,0.000150,29
semiconductors_and_sme,854130,2024,233,EST,Estonia,f,15801.0,0.000135,30
semiconductors_and_sme,854130,2024,620,PRT,Portugal,f,10650.0,0.000091,31
semiconductors_and_sme,854130,2024,694,SLE,Sierra Leone,f,9550.0,0.000082,32
semiconductors_and_sme,854130,2024,56,BEL,Belgium,f,8818.0,0.000076,33
semiconductors_and_sme,854130,2024,246,FIN,Finland,f,7558.0,0.000065,34
semiconductors_and_sme,854130,2024,705,SVN,Slovenia,f,3884.0,0.000033,35
semiconductors_and_sme,854130,2024,36,AUS,Australia,f,2501.0,0.000021,36
semiconductors_and_sme,854130,2024,398,KAZ,Kazakhstan,f,2070.0,0.000018,37
semiconductors_and_sme,854130,2025,276,DEU,Germany,f,18255109.0,0.183568,1
semiconductors_and_sme,854130,2025,392,JPN,Japan,f,15469048.0,0.155552,2
semiconductors_and_sme,854130,2025,826,GBR,United Kingdom,f,14592606.0,0.146739,3
semiconductors_and_sme,854130,2025,156,CHN,China,f,13156876.0,0.132302,4
semiconductors_and_sme,854130,2025,251,FRA,France,f,5568977.0,0.056000,5
semiconductors_and_sme,854130,2025,348,HUN,Hungary,f,5293949.0,0.053234,6
semiconductors_and_sme,854130,2025,699,IND,India,f,4757934.0,0.047844,7
semiconductors_and_sme,854130,2025,203,CZE,Czechia,f,4584458.0,0.046100,8
semiconductors_and_sme,854130,2025,484,MEX,Mexico,f,4377052.0,0.044014,9
semiconductors_and_sme,854130,2025,703,SVK,Slovakia,f,3835648.0,0.038570,10
semiconductors_and_sme,854130,2025,608,PHL,Philippines,f,2051552.0,0.020630,11
semiconductors_and_sme,854130,2025,752,SWE,Sweden,f,1365833.0,0.013734,12
semiconductors_and_sme,854130,2025,458,MYS,Malaysia,f,951523.0,0.009568,13
semiconductors_and_sme,854130,2025,380,ITA,Italy,f,605466.0,0.006088,14
semiconductors_and_sme,854130,2025,490,TWN,Taiwan,f,603158.0,0.006065,15
semiconductors_and_sme,854130,2025,410,KOR,Rep. of Korea,f,587925.0,0.005912,16
semiconductors_and_sme,854130,2025,40,AUT,Austria,f,506650.0,0.005095,17
semiconductors_and_sme,854130,2025,702,SGP,Singapore,f,473457.0,0.004761,18
semiconductors_and_sme,854130,2025,440,LTU,Lithuania,f,441694.0,0.004442,19
semiconductors_and_sme,854130,2025,124,CAN,Canada,f,396806.0,0.003990,20
semiconductors_and_sme,854130,2025,757,CHE,Switzerland,f,371530.0,0.003736,21
semiconductors_and_sme,854130,2025,504,MAR,Morocco,f,295685.0,0.002973,22
semiconductors_and_sme,854130,2025,76,BRA,Brazil,f,209689.0,0.002109,23
semiconductors_and_sme,854130,2025,616,POL,Poland,f,153004.0,0.001539,24
semiconductors_and_sme,854130,2025,764,THA,Thailand,f,124114.0,0.001248,25
semiconductors_and_sme,854130,2025,724,ESP,Spain,f,89878.0,0.000904,26
semiconductors_and_sme,854130,2025,643,RUS,Russian Federation,f,72181.0,0.000726,27
semiconductors_and_sme,854130,2025,100,BGR,Bulgaria,f,51966.0,0.000523,28
semiconductors_and_sme,854130,2025,170,COL,Colombia,f,42765.0,0.000430,29
semiconductors_and_sme,854130,2025,704,VNM,Viet Nam,f,39611.0,0.000398,30
semiconductors_and_sme,854130,2025,246,FIN,Finland,f,29725.0,0.000299,31
semiconductors_and_sme,854130,2025,792,TUR,Türkiye,f,15706.0,0.000158,32
semiconductors_and_sme,854130,2025,208,DNK,Denmark,f,14442.0,0.000145,33
semiconductors_and_sme,854130,2025,233,EST,Estonia,f,10917.0,0.000110,34
semiconductors_and_sme,854130,2025,694,SLE,Sierra Leone,f,9995.0,0.000101,35
semiconductors_and_sme,854130,2025,620,PRT,Portugal,f,8535.0,0.000086,36
semiconductors_and_sme,854130,2025,528,NLD,Netherlands,f,7466.0,0.000075,37
semiconductors_and_sme,854130,2025,376,ISR,Israel,f,7064.0,0.000071,38
semiconductors_and_sme,854130,2025,642,ROU,Romania,f,7032.0,0.000071,39
semiconductors_and_sme,854130,2025,178,COG,Congo,f,6061.0,0.000061,40
semiconductors_and_sme,854130,2025,705,SVN,Slovenia,f,3009.0,0.000030,41
semiconductors_and_sme,854140,2018,458,MYS,Malaysia,f,1426569961.0,0.254560,1
semiconductors_and_sme,854140,2018,392,JPN,Japan,f,714531385.0,0.127502,2
semiconductors_and_sme,854140,2018,410,KOR,Rep. of Korea,f,657804689.0,0.117380,3
semiconductors_and_sme,854140,2018,156,CHN,China,f,631421339.0,0.112672,4
semiconductors_and_sme,854140,2018,484,MEX,Mexico,f,391848564.0,0.069922,5
semiconductors_and_sme,854140,2018,704,VNM,Viet Nam,f,386654417.0,0.068995,6
semiconductors_and_sme,854140,2018,764,THA,Thailand,f,247426214.0,0.044151,7
semiconductors_and_sme,854140,2018,380,ITA,Italy,f,211078649.0,0.037665,8
semiconductors_and_sme,854140,2018,702,SGP,Singapore,f,173671588.0,0.030990,9
semiconductors_and_sme,854140,2018,490,TWN,Taiwan,f,147385234.0,0.026300,10
semiconductors_and_sme,854140,2018,608,PHL,Philippines,f,109418366.0,0.019525,11
semiconductors_and_sme,854140,2018,276,DEU,Germany,f,94933864.0,0.016940,12
semiconductors_and_sme,854140,2018,124,CAN,Canada,f,81160057.0,0.014482,13
semiconductors_and_sme,854140,2018,699,IND,India,f,74487547.0,0.013292,14
semiconductors_and_sme,854140,2018,792,TUR,Türkiye,f,69994496.0,0.012490,15
semiconductors_and_sme,854140,2018,251,FRA,France,f,52096317.0,0.009296,16
semiconductors_and_sme,854140,2018,826,GBR,United Kingdom,f,33792557.0,0.006030,17
semiconductors_and_sme,854140,2018,376,ISR,Israel,f,24990664.0,0.004459,18
semiconductors_and_sme,854140,2018,757,CHE,Switzerland,f,13891136.0,0.002479,19
semiconductors_and_sme,854140,2018,360,IDN,Indonesia,f,8321389.0,0.001485,20
semiconductors_and_sme,854140,2018,344,HKG,"China, Hong Kong SAR",f,7937670.0,0.001416,21
semiconductors_and_sme,854140,2018,214,DOM,Dominican Rep.,f,7008135.0,0.001251,22
semiconductors_and_sme,854140,2018,208,DNK,Denmark,f,5972751.0,0.001066,23
semiconductors_and_sme,854140,2018,643,RUS,Russian Federation,f,4803536.0,0.000857,24
semiconductors_and_sme,854140,2018,372,IRL,Ireland,f,3864745.0,0.000690,25
semiconductors_and_sme,854140,2018,528,NLD,Netherlands,f,3609658.0,0.000644,26
semiconductors_and_sme,854140,2018,440,LTU,Lithuania,f,3232499.0,0.000577,27
semiconductors_and_sme,854140,2018,246,FIN,Finland,f,3177477.0,0.000567,28
semiconductors_and_sme,854140,2018,752,SWE,Sweden,f,2234975.0,0.000399,29
semiconductors_and_sme,854140,2018,36,AUS,Australia,f,1838125.0,0.000328,30
semiconductors_and_sme,854140,2018,56,BEL,Belgium,f,1350460.0,0.000241,31
semiconductors_and_sme,854140,2018,348,HUN,Hungary,f,1251092.0,0.000223,32
semiconductors_and_sme,854140,2018,203,CZE,Czechia,f,1177560.0,0.000210,33
semiconductors_and_sme,854140,2018,40,AUT,Austria,f,911017.0,0.000163,34
semiconductors_and_sme,854140,2018,788,TUN,Tunisia,f,890404.0,0.000159,35
semiconductors_and_sme,854140,2018,616,POL,Poland,f,742083.0,0.000132,36
semiconductors_and_sme,854140,2018,703,SVK,Slovakia,f,728967.0,0.000130,37
semiconductors_and_sme,854140,2018,724,ESP,Spain,f,726105.0,0.000130,38
semiconductors_and_sme,854140,2018,710,ZAF,South Africa,f,152835.0,0.000027,39
semiconductors_and_sme,854140,2018,100,BGR,Bulgaria,f,104160.0,0.000019,40
semiconductors_and_sme,854140,2018,120,CMR,Cameroon,f,86910.0,0.000016,41
semiconductors_and_sme,854140,2018,554,NZL,New Zealand,f,75698.0,0.000014,42
semiconductors_and_sme,854140,2018,784,ARE,United Arab Emirates,f,62797.0,0.000011,43
semiconductors_and_sme,854140,2018,620,PRT,Portugal,f,60073.0,0.000011,44
semiconductors_and_sme,854140,2018,642,ROU,Romania,f,58178.0,0.000010,45
semiconductors_and_sme,854140,2018,466,MLI,Mali,f,54587.0,0.000010,46
semiconductors_and_sme,854140,2018,579,NOR,Norway,f,47053.0,0.000008,47
semiconductors_and_sme,854140,2018,112,BLR,Belarus,f,45254.0,0.000008,48
semiconductors_and_sme,854140,2018,504,MAR,Morocco,f,35961.0,0.000006,49
semiconductors_and_sme,854140,2018,586,PAK,Pakistan,f,33995.0,0.000006,50
semiconductors_and_sme,854140,2018,352,ISL,Iceland,f,27302.0,0.000005,51
semiconductors_and_sme,854140,2018,170,COL,Colombia,f,24793.0,0.000004,52
semiconductors_and_sme,854140,2018,76,BRA,Brazil,f,24529.0,0.000004,53
semiconductors_and_sme,854140,2018,233,EST,Estonia,f,20800.0,0.000004,54
semiconductors_and_sme,854140,2018,300,GRC,Greece,f,20454.0,0.000004,55
semiconductors_and_sme,854140,2018,92,VGB,Br. Virgin Isds,f,19110.0,0.000003,56
semiconductors_and_sme,854140,2018,148,TCD,Chad,f,15770.0,0.000003,57
semiconductors_and_sme,854140,2018,191,HRV,Croatia,f,14804.0,0.000003,58
semiconductors_and_sme,854140,2018,152,CHL,Chile,f,14050.0,0.000003,59
semiconductors_and_sme,854140,2018,32,ARG,Argentina,f,13710.0,0.000002,60
semiconductors_and_sme,854140,2018,694,SLE,Sierra Leone,f,11695.0,0.000002,61
semiconductors_and_sme,854140,2018,296,KIR,Kiribati,f,11107.0,0.000002,62
semiconductors_and_sme,854140,2018,50,BGD,Bangladesh,f,9267.0,0.000002,63
semiconductors_and_sme,854140,2018,268,GEO,Georgia,f,9107.0,0.000002,64
semiconductors_and_sme,854140,2018,705,SVN,Slovenia,f,8549.0,0.000002,65
semiconductors_and_sme,854140,2018,188,CRI,Costa Rica,f,8148.0,0.000001,66
semiconductors_and_sme,854140,2018,196,CYP,Cyprus,f,7324.0,0.000001,67
semiconductors_and_sme,854140,2018,340,HND,Honduras,f,7005.0,0.000001,68
semiconductors_and_sme,854140,2018,400,JOR,Jordan,f,6600.0,0.000001,69
semiconductors_and_sme,854140,2018,388,JAM,Jamaica,f,5337.0,0.000001,70
semiconductors_and_sme,854140,2018,48,BHR,Bahrain,f,5032.0,0.000001,71
semiconductors_and_sme,854140,2018,520,NRU,Naoero,f,3808.0,0.000001,72
semiconductors_and_sme,854140,2018,446,MAC,"China, Macao SAR",f,3379.0,0.000001,73
semiconductors_and_sme,854140,2018,108,BDI,Burundi,f,3001.0,0.000001,74
semiconductors_and_sme,854140,2018,762,TJK,Tajikistan,f,2823.0,0.000001,75
semiconductors_and_sme,854140,2018,598,PNG,Papua New Guinea,f,2748.0,0.000000,76
semiconductors_and_sme,854140,2018,654,SHN,Saint Helena,f,2555.0,0.000000,77
semiconductors_and_sme,854140,2018,800,UGA,Uganda,f,2510.0,0.000000,78
semiconductors_and_sme,854140,2018,818,EGY,Egypt,f,2400.0,0.000000,79
semiconductors_and_sme,854140,2018,428,LVA,Latvia,f,2166.0,0.000000,80
semiconductors_and_sme,854140,2018,604,PER,Peru,f,2020.0,0.000000,81
semiconductors_and_sme,854140,2019,458,MYS,Malaysia,f,2781315819.0,0.330012,1
semiconductors_and_sme,854140,2019,704,VNM,Viet Nam,f,1719513290.0,0.204025,2
semiconductors_and_sme,854140,2019,410,KOR,Rep. of Korea,f,774645842.0,0.091914,3
semiconductors_and_sme,854140,2019,392,JPN,Japan,f,626234433.0,0.074305,4
semiconductors_and_sme,854140,2019,764,THA,Thailand,f,596309658.0,0.070754,5
semiconductors_and_sme,854140,2019,156,CHN,China,f,424631020.0,0.050384,6
semiconductors_and_sme,854140,2019,484,MEX,Mexico,f,256711691.0,0.030460,7
semiconductors_and_sme,854140,2019,490,TWN,Taiwan,f,224015209.0,0.026580,8
semiconductors_and_sme,854140,2019,702,SGP,Singapore,f,196070579.0,0.023264,9
semiconductors_and_sme,854140,2019,380,ITA,Italy,f,185522044.0,0.022013,10
semiconductors_and_sme,854140,2019,699,IND,India,f,124781588.0,0.014806,11
semiconductors_and_sme,854140,2019,792,TUR,Türkiye,f,93720940.0,0.011120,12
semiconductors_and_sme,854140,2019,276,DEU,Germany,f,88651788.0,0.010519,13
semiconductors_and_sme,854140,2019,608,PHL,Philippines,f,68707938.0,0.008152,14
semiconductors_and_sme,854140,2019,124,CAN,Canada,f,62761511.0,0.007447,15
semiconductors_and_sme,854140,2019,376,ISR,Israel,f,58918486.0,0.006991,16
semiconductors_and_sme,854140,2019,826,GBR,United Kingdom,f,29861527.0,0.003543,17
semiconductors_and_sme,854140,2019,757,CHE,Switzerland,f,19940035.0,0.002366,18
semiconductors_and_sme,854140,2019,116,KHM,Cambodia,f,18846979.0,0.002236,19
semiconductors_and_sme,854140,2019,251,FRA,France,f,18216535.0,0.002161,20
semiconductors_and_sme,854140,2019,360,IDN,Indonesia,f,9650592.0,0.001145,21
semiconductors_and_sme,854140,2019,214,DOM,Dominican Rep.,f,6974223.0,0.000828,22
semiconductors_and_sme,854140,2019,208,DNK,Denmark,f,5879651.0,0.000698,23
semiconductors_and_sme,854140,2019,752,SWE,Sweden,f,4588070.0,0.000544,24
semiconductors_and_sme,854140,2019,528,NLD,Netherlands,f,3599512.0,0.000427,25
semiconductors_and_sme,854140,2019,372,IRL,Ireland,f,3154569.0,0.000374,26
semiconductors_and_sme,854140,2019,440,LTU,Lithuania,f,2916220.0,0.000346,27
semiconductors_and_sme,854140,2019,246,FIN,Finland,f,2575657.0,0.000306,28
semiconductors_and_sme,854140,2019,400,JOR,Jordan,f,2434174.0,0.000289,29
semiconductors_and_sme,854140,2019,36,AUS,Australia,f,1994501.0,0.000237,30
semiconductors_and_sme,854140,2019,344,HKG,"China, Hong Kong SAR",f,1880935.0,0.000223,31
semiconductors_and_sme,854140,2019,348,HUN,Hungary,f,1602643.0,0.000190,32
semiconductors_and_sme,854140,2019,643,RUS,Russian Federation,f,1562591.0,0.000185,33
semiconductors_and_sme,854140,2019,616,POL,Poland,f,1235212.0,0.000147,34
semiconductors_and_sme,854140,2019,56,BEL,Belgium,f,1198144.0,0.000142,35
semiconductors_and_sme,854140,2019,558,NIC,Nicaragua,f,1146600.0,0.000136,36
semiconductors_and_sme,854140,2019,40,AUT,Austria,f,961974.0,0.000114,37
semiconductors_and_sme,854140,2019,724,ESP,Spain,f,862916.0,0.000102,38
semiconductors_and_sme,854140,2019,203,CZE,Czechia,f,780400.0,0.000093,39
semiconductors_and_sme,854140,2019,104,MMR,Myanmar,f,735278.0,0.000087,40
semiconductors_and_sme,854140,2019,788,TUN,Tunisia,f,519255.0,0.000062,41
semiconductors_and_sme,854140,2019,862,VEN,Venezuela,f,341160.0,0.000040,42
semiconductors_and_sme,854140,2019,233,EST,Estonia,f,305128.0,0.000036,43
semiconductors_and_sme,854140,2019,50,BGD,Bangladesh,f,231697.0,0.000027,44
semiconductors_and_sme,854140,2019,76,BRA,Brazil,f,175413.0,0.000021,45
semiconductors_and_sme,854140,2019,100,BGR,Bulgaria,f,174728.0,0.000021,46
semiconductors_and_sme,854140,2019,620,PRT,Portugal,f,144333.0,0.000017,47
semiconductors_and_sme,854140,2019,234,FRO,Faroe Isds,f,112475.0,0.000013,48
semiconductors_and_sme,854140,2019,784,ARE,United Arab Emirates,f,86957.0,0.000010,49
semiconductors_and_sme,854140,2019,705,SVN,Slovenia,f,77679.0,0.000009,50
semiconductors_and_sme,854140,2019,554,NZL,New Zealand,f,75933.0,0.000009,51
semiconductors_and_sme,854140,2019,112,BLR,Belarus,f,69436.0,0.000008,52
semiconductors_and_sme,854140,2019,642,ROU,Romania,f,63293.0,0.000008,53
semiconductors_and_sme,854140,2019,703,SVK,Slovakia,f,52794.0,0.000006,54
semiconductors_and_sme,854140,2019,480,MUS,Mauritius,f,45650.0,0.000005,55
semiconductors_and_sme,854140,2019,268,GEO,Georgia,f,42408.0,0.000005,56
semiconductors_and_sme,854140,2019,188,CRI,Costa Rica,f,36753.0,0.000004,57
semiconductors_and_sme,854140,2019,144,LKA,Sri Lanka,f,35259.0,0.000004,58
semiconductors_and_sme,854140,2019,352,ISL,Iceland,f,30099.0,0.000004,59
semiconductors_and_sme,854140,2019,586,PAK,Pakistan,f,26330.0,0.000003,60
semiconductors_and_sme,854140,2019,579,NOR,Norway,f,24781.0,0.000003,61
semiconductors_and_sme,854140,2019,300,GRC,Greece,f,21892.0,0.000003,62
semiconductors_and_sme,854140,2019,710,ZAF,South Africa,f,17078.0,0.000002,63
semiconductors_and_sme,854140,2019,170,COL,Colombia,f,15509.0,0.000002,64
semiconductors_and_sme,854140,2019,682,SAU,Saudi Arabia,f,14657.0,0.000002,65
semiconductors_and_sme,854140,2019,422,LBN,Lebanon,f,10338.0,0.000001,66
semiconductors_and_sme,854140,2019,442,LUX,Luxembourg,f,9642.0,0.000001,67
semiconductors_and_sme,854140,2019,20,AND,Andorra,f,9582.0,0.000001,68
semiconductors_and_sme,854140,2019,196,CYP,Cyprus,f,8050.0,0.000001,69
semiconductors_and_sme,854140,2019,584,MHL,Marshall Isds,f,8025.0,0.000001,70
semiconductors_and_sme,854140,2019,470,MLT,Malta,f,7234.0,0.000001,71
semiconductors_and_sme,854140,2019,191,HRV,Croatia,f,6710.0,0.000001,72
semiconductors_and_sme,854140,2019,520,NRU,Naoero,f,5958.0,0.000001,73
semiconductors_and_sme,854140,2019,504,MAR,Morocco,f,4888.0,0.000001,74
semiconductors_and_sme,854140,2019,92,VGB,Br. Virgin Isds,f,3329.0,0.000000,75
semiconductors_and_sme,854140,2019,222,SLV,El Salvador,f,3157.0,0.000000,76
semiconductors_and_sme,854140,2019,688,SRB,Serbia,f,2928.0,0.000000,77
semiconductors_and_sme,854140,2019,428,LVA,Latvia,f,2303.0,0.000000,78
semiconductors_and_sme,854140,2019,562,NER,Niger,f,2290.0,0.000000,79
semiconductors_and_sme,854140,2020,458,MYS,Malaysia,f,2825061182.0,0.269809,1
semiconductors_and_sme,854140,2020,704,VNM,Viet Nam,f,2481318954.0,0.236980,2
semiconductors_and_sme,854140,2020,764,THA,Thailand,f,1435879404.0,0.137135,3
semiconductors_and_sme,854140,2020,410,KOR,Rep. of Korea,f,1086281798.0,0.103746,4
semiconductors_and_sme,854140,2020,156,CHN,China,f,564754430.0,0.053937,5
semiconductors_and_sme,854140,2020,392,JPN,Japan,f,519393844.0,0.049605,6
semiconductors_and_sme,854140,2020,380,ITA,Italy,f,264860588.0,0.025296,7
semiconductors_and_sme,854140,2020,702,SGP,Singapore,f,205878314.0,0.019663,8
semiconductors_and_sme,854140,2020,490,TWN,Taiwan,f,201664495.0,0.019260,9
semiconductors_and_sme,854140,2020,484,MEX,Mexico,f,160631137.0,0.015341,10
semiconductors_and_sme,854140,2020,116,KHM,Cambodia,f,133549958.0,0.012755,11
semiconductors_and_sme,854140,2020,699,IND,India,f,89295405.0,0.008528,12
semiconductors_and_sme,854140,2020,376,ISR,Israel,f,79879521.0,0.007629,13
semiconductors_and_sme,854140,2020,276,DEU,Germany,f,78491519.0,0.007496,14
semiconductors_and_sme,854140,2020,608,PHL,Philippines,f,75982186.0,0.007257,15
semiconductors_and_sme,854140,2020,124,CAN,Canada,f,74545049.0,0.007119,16
semiconductors_and_sme,854140,2020,792,TUR,Türkiye,f,68967008.0,0.006587,17
semiconductors_and_sme,854140,2020,826,GBR,United Kingdom,f,32289045.0,0.003084,18
semiconductors_and_sme,854140,2020,757,CHE,Switzerland,f,23297949.0,0.002225,19
semiconductors_and_sme,854140,2020,251,FRA,France,f,17475194.0,0.001669,20
semiconductors_and_sme,854140,2020,360,IDN,Indonesia,f,7184690.0,0.000686,21
semiconductors_and_sme,854140,2020,214,DOM,Dominican Rep.,f,6807647.0,0.000650,22
semiconductors_and_sme,854140,2020,208,DNK,Denmark,f,5573213.0,0.000532,23
semiconductors_and_sme,854140,2020,104,MMR,Myanmar,f,4081343.0,0.000390,24
semiconductors_and_sme,854140,2020,372,IRL,Ireland,f,3996659.0,0.000382,25
semiconductors_and_sme,854140,2020,440,LTU,Lithuania,f,2729744.0,0.000261,26
semiconductors_and_sme,854140,2020,246,FIN,Finland,f,2507331.0,0.000239,27
semiconductors_and_sme,854140,2020,804,UKR,Ukraine,f,2074871.0,0.000198,28
semiconductors_and_sme,854140,2020,616,POL,Poland,f,2041850.0,0.000195,29
semiconductors_and_sme,854140,2020,344,HKG,"China, Hong Kong SAR",f,1821958.0,0.000174,30
semiconductors_and_sme,854140,2020,36,AUS,Australia,f,1604122.0,0.000153,31
semiconductors_and_sme,854140,2020,348,HUN,Hungary,f,1471633.0,0.000141,32
semiconductors_and_sme,854140,2020,528,NLD,Netherlands,f,1270806.0,0.000121,33
semiconductors_and_sme,854140,2020,400,JOR,Jordan,f,1243242.0,0.000119,34
semiconductors_and_sme,854140,2020,643,RUS,Russian Federation,f,1128278.0,0.000108,35
semiconductors_and_sme,854140,2020,724,ESP,Spain,f,813977.0,0.000078,36
semiconductors_and_sme,854140,2020,752,SWE,Sweden,f,766063.0,0.000073,37
semiconductors_and_sme,854140,2020,203,CZE,Czechia,f,617747.0,0.000059,38
semiconductors_and_sme,854140,2020,76,BRA,Brazil,f,612344.0,0.000058,39
semiconductors_and_sme,854140,2020,56,BEL,Belgium,f,544711.0,0.000052,40
semiconductors_and_sme,854140,2020,40,AUT,Austria,f,449418.0,0.000043,41
semiconductors_and_sme,854140,2020,233,EST,Estonia,f,355606.0,0.000034,42
semiconductors_and_sme,854140,2020,788,TUN,Tunisia,f,156266.0,0.000015,43
semiconductors_and_sme,854140,2020,100,BGR,Bulgaria,f,137792.0,0.000013,44
semiconductors_and_sme,854140,2020,268,GEO,Georgia,f,115249.0,0.000011,45
semiconductors_and_sme,854140,2020,784,ARE,United Arab Emirates,f,113138.0,0.000011,46
semiconductors_and_sme,854140,2020,50,BGD,Bangladesh,f,80500.0,0.000008,47
semiconductors_and_sme,854140,2020,554,NZL,New Zealand,f,74682.0,0.000007,48
semiconductors_and_sme,854140,2020,112,BLR,Belarus,f,69566.0,0.000007,49
semiconductors_and_sme,854140,2020,688,SRB,Serbia,f,69549.0,0.000007,50
semiconductors_and_sme,854140,2020,579,NOR,Norway,f,65439.0,0.000006,51
semiconductors_and_sme,854140,2020,642,ROU,Romania,f,63365.0,0.000006,52
semiconductors_and_sme,854140,2020,620,PRT,Portugal,f,54165.0,0.000005,53
semiconductors_and_sme,854140,2020,748,SWZ,Eswatini,f,53010.0,0.000005,54
semiconductors_and_sme,854140,2020,170,COL,Colombia,f,43982.0,0.000004,55
semiconductors_and_sme,854140,2020,218,ECU,Ecuador,f,32750.0,0.000003,56
semiconductors_and_sme,854140,2020,352,ISL,Iceland,f,31659.0,0.000003,57
semiconductors_and_sme,854140,2020,710,ZAF,South Africa,f,27124.0,0.000003,58
semiconductors_and_sme,854140,2020,470,MLT,Malta,f,25382.0,0.000002,59
semiconductors_and_sme,854140,2020,332,HTI,Haiti,f,23879.0,0.000002,60
semiconductors_and_sme,854140,2020,191,HRV,Croatia,f,23646.0,0.000002,61
semiconductors_and_sme,854140,2020,144,LKA,Sri Lanka,f,17159.0,0.000002,62
semiconductors_and_sme,854140,2020,499,MNE,Montenegro,f,16747.0,0.000002,63
semiconductors_and_sme,854140,2020,120,CMR,Cameroon,f,15721.0,0.000002,64
semiconductors_and_sme,854140,2020,703,SVK,Slovakia,f,12676.0,0.000001,65
semiconductors_and_sme,854140,2020,504,MAR,Morocco,f,11550.0,0.000001,66
semiconductors_and_sme,854140,2020,591,PAN,Panama,f,9581.0,0.000001,67
semiconductors_and_sme,854140,2020,586,PAK,Pakistan,f,9017.0,0.000001,68
semiconductors_and_sme,854140,2020,583,FSM,FS Micronesia,f,7916.0,0.000001,69
semiconductors_and_sme,854140,2020,188,CRI,Costa Rica,f,7779.0,0.000001,70
semiconductors_and_sme,854140,2020,705,SVN,Slovenia,f,6094.0,0.000001,71
semiconductors_and_sme,854140,2020,428,LVA,Latvia,f,5736.0,0.000001,72
semiconductors_and_sme,854140,2020,442,LUX,Luxembourg,f,4613.0,0.000000,73
semiconductors_and_sme,854140,2020,404,KEN,Kenya,f,3793.0,0.000000,74
semiconductors_and_sme,854140,2020,584,MHL,Marshall Isds,f,3570.0,0.000000,75
semiconductors_and_sme,854140,2020,388,JAM,Jamaica,f,2991.0,0.000000,76
semiconductors_and_sme,854140,2021,458,MYS,Malaysia,f,2523492852.0,0.264059,1
semiconductors_and_sme,854140,2021,704,VNM,Viet Nam,f,2189220695.0,0.229081,2
semiconductors_and_sme,854140,2021,764,THA,Thailand,f,1311846750.0,0.137272,3
semiconductors_and_sme,854140,2021,410,KOR,Rep. of Korea,f,838453764.0,0.087736,4
semiconductors_and_sme,854140,2021,392,JPN,Japan,f,609223010.0,0.063749,5
semiconductors_and_sme,854140,2021,156,CHN,China,f,351262381.0,0.036756,6
semiconductors_and_sme,854140,2021,490,TWN,Taiwan,f,298891514.0,0.031276,7
semiconductors_and_sme,854140,2021,380,ITA,Italy,f,288577341.0,0.030197,8
semiconductors_and_sme,854140,2021,116,KHM,Cambodia,f,233176526.0,0.024400,9
semiconductors_and_sme,854140,2021,702,SGP,Singapore,f,224221229.0,0.023463,10
semiconductors_and_sme,854140,2021,699,IND,India,f,108164343.0,0.011318,11
semiconductors_and_sme,854140,2021,608,PHL,Philippines,f,91503927.0,0.009575,12
semiconductors_and_sme,854140,2021,276,DEU,Germany,f,88450385.0,0.009255,13
semiconductors_and_sme,854140,2021,484,MEX,Mexico,f,77784353.0,0.008139,14
semiconductors_and_sme,854140,2021,124,CAN,Canada,f,57657679.0,0.006033,15
semiconductors_and_sme,854140,2021,376,ISR,Israel,f,57400545.0,0.006006,16
semiconductors_and_sme,854140,2021,792,TUR,Türkiye,f,52571318.0,0.005501,17
semiconductors_and_sme,854140,2021,826,GBR,United Kingdom,f,33727456.0,0.003529,18
semiconductors_and_sme,854140,2021,251,FRA,France,f,25947652.0,0.002715,19
semiconductors_and_sme,854140,2021,757,CHE,Switzerland,f,25239284.0,0.002641,20
semiconductors_and_sme,854140,2021,360,IDN,Indonesia,f,16320338.0,0.001708,21
semiconductors_and_sme,854140,2021,214,DOM,Dominican Rep.,f,9673054.0,0.001012,22
semiconductors_and_sme,854140,2021,208,DNK,Denmark,f,6856637.0,0.000717,23
semiconductors_and_sme,854140,2021,372,IRL,Ireland,f,4967157.0,0.000520,24
semiconductors_and_sme,854140,2021,36,AUS,Australia,f,4047564.0,0.000424,25
semiconductors_and_sme,854140,2021,246,FIN,Finland,f,3379023.0,0.000354,26
semiconductors_and_sme,854140,2021,724,ESP,Spain,f,2842839.0,0.000297,27
semiconductors_and_sme,854140,2021,440,LTU,Lithuania,f,2262516.0,0.000237,28
semiconductors_and_sme,854140,2021,643,RUS,Russian Federation,f,2050316.0,0.000215,29
semiconductors_and_sme,854140,2021,616,POL,Poland,f,1856956.0,0.000194,30
semiconductors_and_sme,854140,2021,348,HUN,Hungary,f,1750920.0,0.000183,31
semiconductors_and_sme,854140,2021,752,SWE,Sweden,f,1654819.0,0.000173,32
semiconductors_and_sme,854140,2021,344,HKG,"China, Hong Kong SAR",f,1450479.0,0.000152,33
semiconductors_and_sme,854140,2021,56,BEL,Belgium,f,1332109.0,0.000139,34
semiconductors_and_sme,854140,2021,76,BRA,Brazil,f,1328878.0,0.000139,35
semiconductors_and_sme,854140,2021,400,JOR,Jordan,f,997029.0,0.000104,36
semiconductors_and_sme,854140,2021,804,UKR,Ukraine,f,873319.0,0.000091,37
semiconductors_and_sme,854140,2021,203,CZE,Czechia,f,757049.0,0.000079,38
semiconductors_and_sme,854140,2021,528,NLD,Netherlands,f,713813.0,0.000075,39
semiconductors_and_sme,854140,2021,40,AUT,Austria,f,639418.0,0.000067,40
semiconductors_and_sme,854140,2021,51,ARM,Armenia,f,554449.0,0.000058,41
semiconductors_and_sme,854140,2021,100,BGR,Bulgaria,f,516799.0,0.000054,42
semiconductors_and_sme,854140,2021,104,MMR,Myanmar,f,515467.0,0.000054,43
semiconductors_and_sme,854140,2021,188,CRI,Costa Rica,f,418045.0,0.000044,44
semiconductors_and_sme,854140,2021,191,HRV,Croatia,f,169226.0,0.000018,45
semiconductors_and_sme,854140,2021,788,TUN,Tunisia,f,168654.0,0.000018,46
semiconductors_and_sme,854140,2021,504,MAR,Morocco,f,167077.0,0.000017,47
semiconductors_and_sme,854140,2021,554,NZL,New Zealand,f,133562.0,0.000014,48
semiconductors_and_sme,854140,2021,112,BLR,Belarus,f,116336.0,0.000012,49
semiconductors_and_sme,854140,2021,446,MAC,"China, Macao SAR",f,108956.0,0.000011,50
semiconductors_and_sme,854140,2021,748,SWZ,Eswatini,f,108153.0,0.000011,51
semiconductors_and_sme,854140,2021,642,ROU,Romania,f,107735.0,0.000011,52
semiconductors_and_sme,854140,2021,784,ARE,United Arab Emirates,f,105124.0,0.000011,53
semiconductors_and_sme,854140,2021,620,PRT,Portugal,f,70317.0,0.000007,54
semiconductors_and_sme,854140,2021,268,GEO,Georgia,f,63800.0,0.000007,55
semiconductors_and_sme,854140,2021,705,SVN,Slovenia,f,63667.0,0.000007,56
semiconductors_and_sme,854140,2021,352,ISL,Iceland,f,61214.0,0.000006,57
semiconductors_and_sme,854140,2021,404,KEN,Kenya,f,56110.0,0.000006,58
semiconductors_and_sme,854140,2021,144,LKA,Sri Lanka,f,55996.0,0.000006,59
semiconductors_and_sme,854140,2021,710,ZAF,South Africa,f,55499.0,0.000006,60
semiconductors_and_sme,854140,2021,428,LVA,Latvia,f,54555.0,0.000006,61
semiconductors_and_sme,854140,2021,682,SAU,Saudi Arabia,f,43579.0,0.000005,62
semiconductors_and_sme,854140,2021,579,NOR,Norway,f,42271.0,0.000004,63
semiconductors_and_sme,854140,2021,703,SVK,Slovakia,f,39251.0,0.000004,64
semiconductors_and_sme,854140,2021,796,TCA,Turks and Caicos Isds,f,36069.0,0.000004,65
semiconductors_and_sme,854140,2021,688,SRB,Serbia,f,33299.0,0.000003,66
semiconductors_and_sme,854140,2021,442,LUX,Luxembourg,f,25263.0,0.000003,67
semiconductors_and_sme,854140,2021,470,MLT,Malta,f,22719.0,0.000002,68
semiconductors_and_sme,854140,2021,584,MHL,Marshall Isds,f,19395.0,0.000002,69
semiconductors_and_sme,854140,2021,690,SYC,Seychelles,f,13025.0,0.000001,70
semiconductors_and_sme,854140,2021,233,EST,Estonia,f,10266.0,0.000001,71
semiconductors_and_sme,854140,2021,417,KGZ,Kyrgyzstan,f,5824.0,0.000001,72
semiconductors_and_sme,854140,2021,762,TJK,Tajikistan,f,4134.0,0.000000,73
semiconductors_and_sme,854140,2021,591,PAN,Panama,f,3783.0,0.000000,74
semiconductors_and_sme,854140,2021,300,GRC,Greece,f,3495.0,0.000000,75
semiconductors_and_sme,854140,2021,50,BGD,Bangladesh,f,3319.0,0.000000,76
semiconductors_and_sme,854140,2021,654,SHN,Saint Helena,f,3097.0,0.000000,77
semiconductors_and_sme,854140,2021,170,COL,Colombia,f,2599.0,0.000000,78
semiconductors_and_sme,854140,2022,704,VNM,Viet Nam,f,3796875940.0,0.288474,1
semiconductors_and_sme,854140,2022,458,MYS,Malaysia,f,2210274092.0,0.167929,2
semiconductors_and_sme,854140,2022,764,THA,Thailand,f,1759410351.0,0.133674,3
semiconductors_and_sme,854140,2022,410,KOR,Rep. of Korea,f,1433295433.0,0.108897,4
semiconductors_and_sme,854140,2022,116,KHM,Cambodia,f,815537189.0,0.061962,5
semiconductors_and_sme,854140,2022,392,JPN,Japan,f,547065850.0,0.041564,6
semiconductors_and_sme,854140,2022,702,SGP,Singapore,f,369442638.0,0.028069,7
semiconductors_and_sme,854140,2022,490,TWN,Taiwan,f,337113941.0,0.025613,8
semiconductors_and_sme,854140,2022,484,MEX,Mexico,f,281293886.0,0.021372,9
semiconductors_and_sme,854140,2022,156,CHN,China,f,281163882.0,0.021362,10
semiconductors_and_sme,854140,2022,380,ITA,Italy,f,277279385.0,0.021067,11
semiconductors_and_sme,854140,2022,699,IND,India,f,261138007.0,0.019840,12
semiconductors_and_sme,854140,2022,360,IDN,Indonesia,f,191617110.0,0.014558,13
semiconductors_and_sme,854140,2022,124,CAN,Canada,f,143532335.0,0.010905,14
semiconductors_and_sme,854140,2022,276,DEU,Germany,f,103537051.0,0.007866,15
semiconductors_and_sme,854140,2022,608,PHL,Philippines,f,74175214.0,0.005636,16
semiconductors_and_sme,854140,2022,792,TUR,Türkiye,f,70953802.0,0.005391,17
semiconductors_and_sme,854140,2022,376,ISR,Israel,f,45240851.0,0.003437,18
semiconductors_and_sme,854140,2022,251,FRA,France,f,31718214.0,0.002410,19
semiconductors_and_sme,854140,2022,826,GBR,United Kingdom,f,28304590.0,0.002150,20
semiconductors_and_sme,854140,2022,36,AUS,Australia,f,21255564.0,0.001615,21
semiconductors_and_sme,854140,2022,757,CHE,Switzerland,f,17753918.0,0.001349,22
semiconductors_and_sme,854140,2022,400,JOR,Jordan,f,10001512.0,0.000760,23
semiconductors_and_sme,854140,2022,51,ARM,Armenia,f,9748783.0,0.000741,24
semiconductors_and_sme,854140,2022,214,DOM,Dominican Rep.,f,7581901.0,0.000576,25
semiconductors_and_sme,854140,2022,372,IRL,Ireland,f,5424945.0,0.000412,26
semiconductors_and_sme,854140,2022,191,HRV,Croatia,f,3855600.0,0.000293,27
semiconductors_and_sme,854140,2022,208,DNK,Denmark,f,3713131.0,0.000282,28
semiconductors_and_sme,854140,2022,724,ESP,Spain,f,2679814.0,0.000204,29
semiconductors_and_sme,854140,2022,643,RUS,Russian Federation,f,2430642.0,0.000185,30
semiconductors_and_sme,854140,2022,336,VAT,Holy See (Vatican City State),f,2251810.0,0.000171,31
semiconductors_and_sme,854140,2022,268,GEO,Georgia,f,1943637.0,0.000148,32
semiconductors_and_sme,854140,2022,76,BRA,Brazil,f,1866357.0,0.000142,33
semiconductors_and_sme,854140,2022,344,HKG,"China, Hong Kong SAR",f,1724310.0,0.000131,34
semiconductors_and_sme,854140,2022,440,LTU,Lithuania,f,1633804.0,0.000124,35
semiconductors_and_sme,854140,2022,752,SWE,Sweden,f,1515882.0,0.000115,36
semiconductors_and_sme,854140,2022,348,HUN,Hungary,f,1407895.0,0.000107,37
semiconductors_and_sme,854140,2022,528,NLD,Netherlands,f,1081094.0,0.000082,38
semiconductors_and_sme,854140,2022,616,POL,Poland,f,945192.0,0.000072,39
semiconductors_and_sme,854140,2022,56,BEL,Belgium,f,725224.0,0.000055,40
semiconductors_and_sme,854140,2022,203,CZE,Czechia,f,558347.0,0.000042,41
semiconductors_and_sme,854140,2022,40,AUT,Austria,f,536989.0,0.000041,42
semiconductors_and_sme,854140,2022,100,BGR,Bulgaria,f,416933.0,0.000032,43
semiconductors_and_sme,854140,2022,246,FIN,Finland,f,375929.0,0.000029,44
semiconductors_and_sme,854140,2022,788,TUN,Tunisia,f,356694.0,0.000027,45
semiconductors_and_sme,854140,2022,144,LKA,Sri Lanka,f,158949.0,0.000012,46
semiconductors_and_sme,854140,2022,50,BGD,Bangladesh,f,119017.0,0.000009,47
semiconductors_and_sme,854140,2022,554,NZL,New Zealand,f,92878.0,0.000007,48
semiconductors_and_sme,854140,2022,579,NOR,Norway,f,85332.0,0.000006,49
semiconductors_and_sme,854140,2022,784,ARE,United Arab Emirates,f,84168.0,0.000006,50
semiconductors_and_sme,854140,2022,705,SVN,Slovenia,f,78501.0,0.000006,51
semiconductors_and_sme,854140,2022,591,PAN,Panama,f,76760.0,0.000006,52
semiconductors_and_sme,854140,2022,620,PRT,Portugal,f,55453.0,0.000004,53
semiconductors_and_sme,854140,2022,188,CRI,Costa Rica,f,50355.0,0.000004,54
semiconductors_and_sme,854140,2022,642,ROU,Romania,f,49928.0,0.000004,55
semiconductors_and_sme,854140,2022,703,SVK,Slovakia,f,49871.0,0.000004,56
semiconductors_and_sme,854140,2022,768,TGO,Togo,f,33350.0,0.000003,57
semiconductors_and_sme,854140,2022,300,GRC,Greece,f,31476.0,0.000002,58
semiconductors_and_sme,854140,2022,688,SRB,Serbia,f,27274.0,0.000002,59
semiconductors_and_sme,854140,2022,710,ZAF,South Africa,f,23110.0,0.000002,60
semiconductors_and_sme,854140,2022,586,PAK,Pakistan,f,19562.0,0.000001,61
semiconductors_and_sme,854140,2022,428,LVA,Latvia,f,19099.0,0.000001,62
semiconductors_and_sme,854140,2022,442,LUX,Luxembourg,f,18865.0,0.000001,63
semiconductors_and_sme,854140,2022,504,MAR,Morocco,f,10779.0,0.000001,64
semiconductors_and_sme,854140,2022,612,PCN,Pitcairn,f,10174.0,0.000001,65
semiconductors_and_sme,854140,2022,112,BLR,Belarus,f,9678.0,0.000001,66
semiconductors_and_sme,854140,2022,352,ISL,Iceland,f,9607.0,0.000001,67
semiconductors_and_sme,854140,2022,233,EST,Estonia,f,8170.0,0.000001,68
semiconductors_and_sme,854140,2022,654,SHN,Saint Helena,f,7487.0,0.000001,69
semiconductors_and_sme,854140,2022,388,JAM,Jamaica,f,7047.0,0.000001,70
semiconductors_and_sme,854140,2022,44,BHS,Bahamas,f,6137.0,0.000000,71
semiconductors_and_sme,854140,2022,32,ARG,Argentina,f,5825.0,0.000000,72
semiconductors_and_sme,854140,2022,222,SLV,El Salvador,f,5146.0,0.000000,73
semiconductors_and_sme,854140,2022,818,EGY,Egypt,f,3567.0,0.000000,74
semiconductors_and_sme,854140,2022,70,BIH,Bosnia Herzegovina,f,3375.0,0.000000,75
semiconductors_and_sme,854140,2022,218,ECU,Ecuador,f,3189.0,0.000000,76
semiconductors_and_sme,854140,2022,682,SAU,Saudi Arabia,f,2775.0,0.000000,77
semiconductors_and_sme,854140,2022,418,LAO,Lao People's Dem. Rep.,f,2456.0,0.000000,78
semiconductors_and_sme,854140,2023,704,VNM,Viet Nam,f,5167181566.0,0.234305,1
semiconductors_and_sme,854140,2023,764,THA,Thailand,f,4372174164.0,0.198255,2
semiconductors_and_sme,854140,2023,458,MYS,Malaysia,f,3358170906.0,0.152275,3
semiconductors_and_sme,854140,2023,116,KHM,Cambodia,f,2466434177.0,0.111840,4
semiconductors_and_sme,854140,2023,699,IND,India,f,1955918845.0,0.088691,5
semiconductors_and_sme,854140,2023,410,KOR,Rep. of Korea,f,1342172189.0,0.060860,6
semiconductors_and_sme,854140,2023,392,JPN,Japan,f,529293460.0,0.024001,7
semiconductors_and_sme,854140,2023,484,MEX,Mexico,f,523858107.0,0.023754,8
semiconductors_and_sme,854140,2023,702,SGP,Singapore,f,461024507.0,0.020905,9
semiconductors_and_sme,854140,2023,490,TWN,Taiwan,f,323164448.0,0.014654,10
semiconductors_and_sme,854140,2023,380,ITA,Italy,f,306961234.0,0.013919,11
semiconductors_and_sme,854140,2023,360,IDN,Indonesia,f,248596564.0,0.011273,12
semiconductors_and_sme,854140,2023,156,CHN,China,f,200311269.0,0.009083,13
semiconductors_and_sme,854140,2023,792,TUR,Türkiye,f,172398468.0,0.007817,14
semiconductors_and_sme,854140,2023,124,CAN,Canada,f,172349083.0,0.007815,15
semiconductors_and_sme,854140,2023,276,DEU,Germany,f,150455376.0,0.006822,16
semiconductors_and_sme,854140,2023,608,PHL,Philippines,f,55764483.0,0.002529,17
semiconductors_and_sme,854140,2023,376,ISR,Israel,f,52849824.0,0.002396,18
semiconductors_and_sme,854140,2023,400,JOR,Jordan,f,39529128.0,0.001792,19
semiconductors_and_sme,854140,2023,251,FRA,France,f,37820698.0,0.001715,20
semiconductors_and_sme,854140,2023,826,GBR,United Kingdom,f,26476122.0,0.001201,21
semiconductors_and_sme,854140,2023,757,CHE,Switzerland,f,15255253.0,0.000692,22
semiconductors_and_sme,854140,2023,51,ARM,Armenia,f,12717306.0,0.000577,23
semiconductors_and_sme,854140,2023,36,AUS,Australia,f,11512194.0,0.000522,24
semiconductors_and_sme,854140,2023,528,NLD,Netherlands,f,6220465.0,0.000282,25
semiconductors_and_sme,854140,2023,372,IRL,Ireland,f,5896312.0,0.000267,26
semiconductors_and_sme,854140,2023,191,HRV,Croatia,f,5534235.0,0.000251,27
semiconductors_and_sme,854140,2023,214,DOM,Dominican Rep.,f,5016582.0,0.000227,28
semiconductors_and_sme,854140,2023,724,ESP,Spain,f,4386767.0,0.000199,29
semiconductors_and_sme,854140,2023,268,GEO,Georgia,f,3039652.0,0.000138,30
semiconductors_and_sme,854140,2023,208,DNK,Denmark,f,2452546.0,0.000111,31
semiconductors_and_sme,854140,2023,348,HUN,Hungary,f,2224286.0,0.000101,32
semiconductors_and_sme,854140,2023,50,BGD,Bangladesh,f,2073485.0,0.000094,33
semiconductors_and_sme,854140,2023,440,LTU,Lithuania,f,1468734.0,0.000067,34
semiconductors_and_sme,854140,2023,752,SWE,Sweden,f,1429239.0,0.000065,35
semiconductors_and_sme,854140,2023,784,ARE,United Arab Emirates,f,1394475.0,0.000063,36
semiconductors_and_sme,854140,2023,100,BGR,Bulgaria,f,1207785.0,0.000055,37
semiconductors_and_sme,854140,2023,336,VAT,Holy See (Vatican City State),f,1138320.0,0.000052,38
semiconductors_and_sme,854140,2023,203,CZE,Czechia,f,851272.0,0.000039,39
semiconductors_and_sme,854140,2023,796,TCA,Turks and Caicos Isds,f,700666.0,0.000032,40
semiconductors_and_sme,854140,2023,703,SVK,Slovakia,f,689024.0,0.000031,41
semiconductors_and_sme,854140,2023,344,HKG,"China, Hong Kong SAR",f,661840.0,0.000030,42
semiconductors_and_sme,854140,2023,56,BEL,Belgium,f,643430.0,0.000029,43
semiconductors_and_sme,854140,2023,454,MWI,Malawi,f,583282.0,0.000026,44
semiconductors_and_sme,854140,2023,516,NAM,Namibia,f,493713.0,0.000022,45
semiconductors_and_sme,854140,2023,144,LKA,Sri Lanka,f,466511.0,0.000021,46
semiconductors_and_sme,854140,2023,788,TUN,Tunisia,f,400179.0,0.000018,47
semiconductors_and_sme,854140,2023,616,POL,Poland,f,379029.0,0.000017,48
semiconductors_and_sme,854140,2023,40,AUT,Austria,f,352271.0,0.000016,49
semiconductors_and_sme,854140,2023,76,BRA,Brazil,f,211281.0,0.000010,50
semiconductors_and_sme,854140,2023,246,FIN,Finland,f,193977.0,0.000009,51
semiconductors_and_sme,854140,2023,188,CRI,Costa Rica,f,131232.0,0.000006,52
semiconductors_and_sme,854140,2023,643,RUS,Russian Federation,f,94383.0,0.000004,53
semiconductors_and_sme,854140,2023,642,ROU,Romania,f,69244.0,0.000003,54
semiconductors_and_sme,854140,2023,170,COL,Colombia,f,66815.0,0.000003,55
semiconductors_and_sme,854140,2023,620,PRT,Portugal,f,58136.0,0.000003,56
semiconductors_and_sme,854140,2023,554,NZL,New Zealand,f,46373.0,0.000002,57
semiconductors_and_sme,854140,2023,152,CHL,Chile,f,38300.0,0.000002,58
semiconductors_and_sme,854140,2023,688,SRB,Serbia,f,37969.0,0.000002,59
semiconductors_and_sme,854140,2023,579,NOR,Norway,f,35203.0,0.000002,60
semiconductors_and_sme,854140,2023,804,UKR,Ukraine,f,26477.0,0.000001,61
semiconductors_and_sme,854140,2023,710,ZAF,South Africa,f,25316.0,0.000001,62
semiconductors_and_sme,854140,2023,705,SVN,Slovenia,f,20674.0,0.000001,63
semiconductors_and_sme,854140,2023,233,EST,Estonia,f,20314.0,0.000001,64
semiconductors_and_sme,854140,2023,442,LUX,Luxembourg,f,19154.0,0.000001,65
semiconductors_and_sme,854140,2023,604,PER,Peru,f,12650.0,0.000001,66
semiconductors_and_sme,854140,2023,583,FSM,FS Micronesia,f,10689.0,0.000000,67
semiconductors_and_sme,854140,2023,586,PAK,Pakistan,f,9025.0,0.000000,68
semiconductors_and_sme,854140,2023,352,ISL,Iceland,f,8828.0,0.000000,69
semiconductors_and_sme,854140,2023,418,LAO,Lao People's Dem. Rep.,f,7944.0,0.000000,70
semiconductors_and_sme,854140,2023,417,KGZ,Kyrgyzstan,f,7460.0,0.000000,71
semiconductors_and_sme,854140,2023,70,BIH,Bosnia Herzegovina,f,6820.0,0.000000,72
semiconductors_and_sme,854140,2023,428,LVA,Latvia,f,6765.0,0.000000,73
semiconductors_and_sme,854140,2023,120,CMR,Cameroon,f,6193.0,0.000000,74
semiconductors_and_sme,854140,2023,104,MMR,Myanmar,f,4358.0,0.000000,75
semiconductors_and_sme,854140,2023,686,SEN,Senegal,f,4190.0,0.000000,76
semiconductors_and_sme,854140,2024,704,VNM,Viet Nam,f,5651355668.0,0.296688,1
semiconductors_and_sme,854140,2024,764,THA,Thailand,f,3507375847.0,0.184132,2
semiconductors_and_sme,854140,2024,458,MYS,Malaysia,f,2960733430.0,0.155434,3
semiconductors_and_sme,854140,2024,699,IND,India,f,1641169353.0,0.086159,4
semiconductors_and_sme,854140,2024,116,KHM,Cambodia,f,1410428076.0,0.074046,5
semiconductors_and_sme,854140,2024,410,KOR,Rep. of Korea,f,705330592.0,0.037029,6
semiconductors_and_sme,854140,2024,360,IDN,Indonesia,f,469785378.0,0.024663,7
semiconductors_and_sme,854140,2024,392,JPN,Japan,f,457464412.0,0.024016,8
semiconductors_and_sme,854140,2024,418,LAO,Lao People's Dem. Rep.,f,376726793.0,0.019778,9
semiconductors_and_sme,854140,2024,490,TWN,Taiwan,f,299385259.0,0.015717,10
semiconductors_and_sme,854140,2024,484,MEX,Mexico,f,291549413.0,0.015306,11
semiconductors_and_sme,854140,2024,380,ITA,Italy,f,264121603.0,0.013866,12
semiconductors_and_sme,854140,2024,156,CHN,China,f,231405608.0,0.012148,13
semiconductors_and_sme,854140,2024,792,TUR,Türkiye,f,199206289.0,0.010458,14
semiconductors_and_sme,854140,2024,702,SGP,Singapore,f,172747423.0,0.009069,15
semiconductors_and_sme,854140,2024,276,DEU,Germany,f,109731548.0,0.005761,16
semiconductors_and_sme,854140,2024,124,CAN,Canada,f,64312599.0,0.003376,17
semiconductors_and_sme,854140,2024,376,ISR,Israel,f,56124101.0,0.002946,18
semiconductors_and_sme,854140,2024,608,PHL,Philippines,f,42780963.0,0.002246,19
semiconductors_and_sme,854140,2024,826,GBR,United Kingdom,f,30096658.0,0.001580,20
semiconductors_and_sme,854140,2024,251,FRA,France,f,27327338.0,0.001435,21
semiconductors_and_sme,854140,2024,400,JOR,Jordan,f,11778987.0,0.000618,22
semiconductors_and_sme,854140,2024,757,CHE,Switzerland,f,11718966.0,0.000615,23
semiconductors_and_sme,854140,2024,372,IRL,Ireland,f,7127882.0,0.000374,24
semiconductors_and_sme,854140,2024,724,ESP,Spain,f,6941625.0,0.000364,25
semiconductors_and_sme,854140,2024,784,ARE,United Arab Emirates,f,6708724.0,0.000352,26
semiconductors_and_sme,854140,2024,191,HRV,Croatia,f,6616652.0,0.000347,27
semiconductors_and_sme,854140,2024,214,DOM,Dominican Rep.,f,4446621.0,0.000233,28
semiconductors_and_sme,854140,2024,528,NLD,Netherlands,f,4312160.0,0.000226,29
semiconductors_and_sme,854140,2024,36,AUS,Australia,f,2527367.0,0.000133,30
semiconductors_and_sme,854140,2024,56,BEL,Belgium,f,2413155.0,0.000127,31
semiconductors_and_sme,854140,2024,50,BGD,Bangladesh,f,2062502.0,0.000108,32
semiconductors_and_sme,854140,2024,208,DNK,Denmark,f,1757789.0,0.000092,33
semiconductors_and_sme,854140,2024,348,HUN,Hungary,f,1660160.0,0.000087,34
semiconductors_and_sme,854140,2024,480,MUS,Mauritius,f,1031184.0,0.000054,35
semiconductors_and_sme,854140,2024,40,AUT,Austria,f,921073.0,0.000048,36
semiconductors_and_sme,854140,2024,100,BGR,Bulgaria,f,894353.0,0.000047,37
semiconductors_and_sme,854140,2024,703,SVK,Slovakia,f,779257.0,0.000041,38
semiconductors_and_sme,854140,2024,752,SWE,Sweden,f,746675.0,0.000039,39
semiconductors_and_sme,854140,2024,344,HKG,"China, Hong Kong SAR",f,613445.0,0.000032,40
semiconductors_and_sme,854140,2024,616,POL,Poland,f,593925.0,0.000031,41
semiconductors_and_sme,854140,2024,440,LTU,Lithuania,f,568088.0,0.000030,42
semiconductors_and_sme,854140,2024,203,CZE,Czechia,f,532168.0,0.000028,43
semiconductors_and_sme,854140,2024,788,TUN,Tunisia,f,316132.0,0.000017,44
semiconductors_and_sme,854140,2024,144,LKA,Sri Lanka,f,297912.0,0.000016,45
semiconductors_and_sme,854140,2024,246,FIN,Finland,f,280794.0,0.000015,46
semiconductors_and_sme,854140,2024,86,IOT,Br. Indian Ocean Terr.,f,270147.0,0.000014,47
semiconductors_and_sme,854140,2024,76,BRA,Brazil,f,266468.0,0.000014,48
semiconductors_and_sme,854140,2024,688,SRB,Serbia,f,224243.0,0.000012,49
semiconductors_and_sme,854140,2024,51,ARM,Armenia,f,79950.0,0.000004,50
semiconductors_and_sme,854140,2024,586,PAK,Pakistan,f,78401.0,0.000004,51
semiconductors_and_sme,854140,2024,554,NZL,New Zealand,f,76335.0,0.000004,52
semiconductors_and_sme,854140,2024,642,ROU,Romania,f,64636.0,0.000003,53
semiconductors_and_sme,854140,2024,428,LVA,Latvia,f,45508.0,0.000002,54
semiconductors_and_sme,854140,2024,579,NOR,Norway,f,40156.0,0.000002,55
semiconductors_and_sme,854140,2024,710,ZAF,South Africa,f,36281.0,0.000002,56
semiconductors_and_sme,854140,2024,233,EST,Estonia,f,20738.0,0.000001,57
semiconductors_and_sme,854140,2024,300,GRC,Greece,f,17487.0,0.000001,58
semiconductors_and_sme,854140,2024,170,COL,Colombia,f,14120.0,0.000001,59
semiconductors_and_sme,854140,2024,705,SVN,Slovenia,f,13334.0,0.000001,60
semiconductors_and_sme,854140,2024,620,PRT,Portugal,f,12959.0,0.000001,61
semiconductors_and_sme,854140,2024,442,LUX,Luxembourg,f,11064.0,0.000001,62
semiconductors_and_sme,854140,2024,112,BLR,Belarus,f,10588.0,0.000001,63
semiconductors_and_sme,854140,2024,478,MRT,Mauritania,f,4965.0,0.000000,64
semiconductors_and_sme,854140,2024,188,CRI,Costa Rica,f,3455.0,0.000000,65
semiconductors_and_sme,854140,2024,470,MLT,Malta,f,3247.0,0.000000,66
semiconductors_and_sme,854140,2024,504,MAR,Morocco,f,3097.0,0.000000,67
semiconductors_and_sme,854140,2024,804,UKR,Ukraine,f,2809.0,0.000000,68
semiconductors_and_sme,854140,2024,266,GAB,Gabon,f,2587.0,0.000000,69
semiconductors_and_sme,854140,2024,740,SUR,Suriname,f,2431.0,0.000000,70
semiconductors_and_sme,854140,2024,92,VGB,Br. Virgin Isds,f,2149.0,0.000000,71
semiconductors_and_sme,854140,2025,360,IDN,Indonesia,f,3230300028.0,0.296537,1
semiconductors_and_sme,854140,2025,418,LAO,Lao People's Dem. Rep.,f,1604265111.0,0.147269,2
semiconductors_and_sme,854140,2025,458,MYS,Malaysia,f,1091918019.0,0.100237,3
semiconductors_and_sme,854140,2025,699,IND,India,f,847428712.0,0.077793,4
semiconductors_and_sme,854140,2025,704,VNM,Viet Nam,f,827404602.0,0.075955,5
semiconductors_and_sme,854140,2025,764,THA,Thailand,f,664432646.0,0.060994,6
semiconductors_and_sme,854140,2025,410,KOR,Rep. of Korea,f,457148336.0,0.041966,7
semiconductors_and_sme,854140,2025,392,JPN,Japan,f,377075646.0,0.034615,8
semiconductors_and_sme,854140,2025,231,ETH,Ethiopia,f,305563498.0,0.028050,9
semiconductors_and_sme,854140,2025,490,TWN,Taiwan,f,268175544.0,0.024618,10
semiconductors_and_sme,854140,2025,380,ITA,Italy,f,240582800.0,0.022085,11
semiconductors_and_sme,854140,2025,156,CHN,China,f,179861558.0,0.016511,12
semiconductors_and_sme,854140,2025,276,DEU,Germany,f,163972744.0,0.015052,13
semiconductors_and_sme,854140,2025,702,SGP,Singapore,f,133962241.0,0.012298,14
semiconductors_and_sme,854140,2025,124,CAN,Canada,f,118462277.0,0.010875,15
semiconductors_and_sme,854140,2025,608,PHL,Philippines,f,114447984.0,0.010506,16
semiconductors_and_sme,854140,2025,484,MEX,Mexico,f,62200712.0,0.005710,17
semiconductors_and_sme,854140,2025,376,ISR,Israel,f,46222618.0,0.004243,18
semiconductors_and_sme,854140,2025,251,FRA,France,f,23749150.0,0.002180,19
semiconductors_and_sme,854140,2025,826,GBR,United Kingdom,f,23043546.0,0.002115,20
semiconductors_and_sme,854140,2025,784,ARE,United Arab Emirates,f,14853182.0,0.001364,21
semiconductors_and_sme,854140,2025,400,JOR,Jordan,f,12409244.0,0.001139,22
semiconductors_and_sme,854140,2025,834,TZA,United Rep. of Tanzania,f,10244702.0,0.000940,23
semiconductors_and_sme,854140,2025,724,ESP,Spain,f,9518117.0,0.000874,24
semiconductors_and_sme,854140,2025,757,CHE,Switzerland,f,9210027.0,0.000845,25
semiconductors_and_sme,854140,2025,528,NLD,Netherlands,f,8727108.0,0.000801,26
semiconductors_and_sme,854140,2025,792,TUR,Türkiye,f,8572655.0,0.000787,27
semiconductors_and_sme,854140,2025,372,IRL,Ireland,f,6271845.0,0.000576,28
semiconductors_and_sme,854140,2025,214,DOM,Dominican Rep.,f,4201432.0,0.000386,29
semiconductors_and_sme,854140,2025,208,DNK,Denmark,f,3998580.0,0.000367,30
semiconductors_and_sme,854140,2025,56,BEL,Belgium,f,3081038.0,0.000283,31
semiconductors_and_sme,854140,2025,788,TUN,Tunisia,f,3066806.0,0.000282,32
semiconductors_and_sme,854140,2025,50,BGD,Bangladesh,f,2560072.0,0.000235,33
semiconductors_and_sme,854140,2025,348,HUN,Hungary,f,2191498.0,0.000201,34
semiconductors_and_sme,854140,2025,703,SVK,Slovakia,f,2166616.0,0.000199,35
semiconductors_and_sme,854140,2025,36,AUS,Australia,f,2129318.0,0.000195,36
semiconductors_and_sme,854140,2025,752,SWE,Sweden,f,1693287.0,0.000155,37
semiconductors_and_sme,854140,2025,246,FIN,Finland,f,1355156.0,0.000124,38
semiconductors_and_sme,854140,2025,116,KHM,Cambodia,f,1179661.0,0.000108,39
semiconductors_and_sme,854140,2025,203,CZE,Czechia,f,1055102.0,0.000097,40
semiconductors_and_sme,854140,2025,344,HKG,"China, Hong Kong SAR",f,1038571.0,0.000095,41
semiconductors_and_sme,854140,2025,40,AUT,Austria,f,763592.0,0.000070,42
semiconductors_and_sme,854140,2025,440,LTU,Lithuania,f,686234.0,0.000063,43
semiconductors_and_sme,854140,2025,100,BGR,Bulgaria,f,456162.0,0.000042,44
semiconductors_and_sme,854140,2025,579,NOR,Norway,f,359100.0,0.000033,45
semiconductors_and_sme,854140,2025,616,POL,Poland,f,230368.0,0.000021,46
semiconductors_and_sme,854140,2025,642,ROU,Romania,f,178514.0,0.000016,47
semiconductors_and_sme,854140,2025,76,BRA,Brazil,f,149444.0,0.000014,48
semiconductors_and_sme,854140,2025,104,MMR,Myanmar,f,114128.0,0.000010,49
semiconductors_and_sme,854140,2025,398,KAZ,Kazakhstan,f,79016.0,0.000007,50
semiconductors_and_sme,854140,2025,705,SVN,Slovenia,f,69388.0,0.000006,51
semiconductors_and_sme,854140,2025,268,GEO,Georgia,f,69340.0,0.000006,52
semiconductors_and_sme,854140,2025,144,LKA,Sri Lanka,f,54492.0,0.000005,53
semiconductors_and_sme,854140,2025,818,EGY,Egypt,f,53323.0,0.000005,54
semiconductors_and_sme,854140,2025,554,NZL,New Zealand,f,50579.0,0.000005,55
semiconductors_and_sme,854140,2025,643,RUS,Russian Federation,f,50078.0,0.000005,56
semiconductors_and_sme,854140,2025,442,LUX,Luxembourg,f,47258.0,0.000004,57
semiconductors_and_sme,854140,2025,191,HRV,Croatia,f,46174.0,0.000004,58
semiconductors_and_sme,854140,2025,710,ZAF,South Africa,f,44389.0,0.000004,59
semiconductors_and_sme,854140,2025,504,MAR,Morocco,f,31035.0,0.000003,60
semiconductors_and_sme,854140,2025,620,PRT,Portugal,f,25721.0,0.000002,61
semiconductors_and_sme,854140,2025,112,BLR,Belarus,f,23203.0,0.000002,62
semiconductors_and_sme,854140,2025,170,COL,Colombia,f,21422.0,0.000002,63
semiconductors_and_sme,854140,2025,428,LVA,Latvia,f,15230.0,0.000001,64
semiconductors_and_sme,854140,2025,233,EST,Estonia,f,14371.0,0.000001,65
semiconductors_and_sme,854140,2025,470,MLT,Malta,f,11245.0,0.000001,66
semiconductors_and_sme,854140,2025,300,GRC,Greece,f,10997.0,0.000001,67
semiconductors_and_sme,854140,2025,688,SRB,Serbia,f,7289.0,0.000001,68
semiconductors_and_sme,854140,2025,120,CMR,Cameroon,f,5336.0,0.000000,69
semiconductors_and_sme,854140,2025,4,AFG,Afghanistan,f,4255.0,0.000000,70
semiconductors_and_sme,854140,2025,262,DJI,Djibouti,f,2193.0,0.000000,71
semiconductors_and_sme,854150,2018,410,KOR,Rep. of Korea,f,146347811.0,0.340013,1
semiconductors_and_sme,854150,2018,490,TWN,Taiwan,f,78394214.0,0.182135,2
semiconductors_and_sme,854150,2018,392,JPN,Japan,f,40396821.0,0.093855,3
semiconductors_and_sme,854150,2018,156,CHN,China,f,27438482.0,0.063748,4
semiconductors_and_sme,854150,2018,276,DEU,Germany,f,20106191.0,0.046713,5
semiconductors_and_sme,854150,2018,752,SWE,Sweden,f,18204849.0,0.042296,6
semiconductors_and_sme,854150,2018,702,SGP,Singapore,f,15415046.0,0.035814,7
semiconductors_and_sme,854150,2018,458,MYS,Malaysia,f,14761681.0,0.034296,8
semiconductors_and_sme,854150,2018,372,IRL,Ireland,f,14293160.0,0.033208,9
semiconductors_and_sme,854150,2018,484,MEX,Mexico,f,9603240.0,0.022311,10
semiconductors_and_sme,854150,2018,608,PHL,Philippines,f,8784947.0,0.020410,11
semiconductors_and_sme,854150,2018,376,ISR,Israel,f,8296574.0,0.019276,12
semiconductors_and_sme,854150,2018,826,GBR,United Kingdom,f,5696138.0,0.013234,13
semiconductors_and_sme,854150,2018,380,ITA,Italy,f,4336884.0,0.010076,14
semiconductors_and_sme,854150,2018,251,FRA,France,f,3871431.0,0.008995,15
semiconductors_and_sme,854150,2018,757,CHE,Switzerland,f,2455798.0,0.005706,16
semiconductors_and_sme,854150,2018,764,THA,Thailand,f,1944125.0,0.004517,17
semiconductors_and_sme,854150,2018,643,RUS,Russian Federation,f,1867202.0,0.004338,18
semiconductors_and_sme,854150,2018,528,NLD,Netherlands,f,1533741.0,0.003563,19
semiconductors_and_sme,854150,2018,699,IND,India,f,1205891.0,0.002802,20
semiconductors_and_sme,854150,2018,804,UKR,Ukraine,f,1177142.0,0.002735,21
semiconductors_and_sme,854150,2018,124,CAN,Canada,f,765940.0,0.001780,22
semiconductors_and_sme,854150,2018,56,BEL,Belgium,f,678431.0,0.001576,23
semiconductors_and_sme,854150,2018,724,ESP,Spain,f,543133.0,0.001262,24
semiconductors_and_sme,854150,2018,188,CRI,Costa Rica,f,447089.0,0.001039,25
semiconductors_and_sme,854150,2018,446,MAC,"China, Macao SAR",f,378350.0,0.000879,26
semiconductors_and_sme,854150,2018,344,HKG,"China, Hong Kong SAR",f,331587.0,0.000770,27
semiconductors_and_sme,854150,2018,616,POL,Poland,f,325635.0,0.000757,28
semiconductors_and_sme,854150,2018,214,DOM,Dominican Rep.,f,166731.0,0.000387,29
semiconductors_and_sme,854150,2018,246,FIN,Finland,f,140917.0,0.000327,30
semiconductors_and_sme,854150,2018,703,SVK,Slovakia,f,83687.0,0.000194,31
semiconductors_and_sme,854150,2018,203,CZE,Czechia,f,65945.0,0.000153,32
semiconductors_and_sme,854150,2018,470,MLT,Malta,f,59094.0,0.000137,33
semiconductors_and_sme,854150,2018,620,PRT,Portugal,f,35881.0,0.000083,34
semiconductors_and_sme,854150,2018,388,JAM,Jamaica,f,30376.0,0.000071,35
semiconductors_and_sme,854150,2018,360,IDN,Indonesia,f,28515.0,0.000066,36
semiconductors_and_sme,854150,2018,704,VNM,Viet Nam,f,28022.0,0.000065,37
semiconductors_and_sme,854150,2018,40,AUT,Austria,f,26682.0,0.000062,38
semiconductors_and_sme,854150,2018,348,HUN,Hungary,f,25957.0,0.000060,39
semiconductors_and_sme,854150,2018,705,SVN,Slovenia,f,24884.0,0.000058,40
semiconductors_and_sme,854150,2018,208,DNK,Denmark,f,24222.0,0.000056,41
semiconductors_and_sme,854150,2018,554,NZL,New Zealand,f,10680.0,0.000025,42
semiconductors_and_sme,854150,2018,144,LKA,Sri Lanka,f,10471.0,0.000024,43
semiconductors_and_sme,854150,2018,136,CYM,Cayman Isds,f,7526.0,0.000017,44
semiconductors_and_sme,854150,2018,579,NOR,Norway,f,7475.0,0.000017,45
semiconductors_and_sme,854150,2018,100,BGR,Bulgaria,f,7392.0,0.000017,46
semiconductors_and_sme,854150,2018,748,SWZ,Eswatini,f,6692.0,0.000016,47
semiconductors_and_sme,854150,2018,688,SRB,Serbia,f,5988.0,0.000014,48
semiconductors_and_sme,854150,2018,36,AUS,Australia,f,5423.0,0.000013,49
semiconductors_and_sme,854150,2018,76,BRA,Brazil,f,4797.0,0.000011,50
semiconductors_and_sme,854150,2018,807,MKD,North Macedonia,f,3858.0,0.000009,51
semiconductors_and_sme,854150,2018,690,SYC,Seychelles,f,3104.0,0.000007,52
semiconductors_and_sme,854150,2018,191,HRV,Croatia,f,2741.0,0.000006,53
semiconductors_and_sme,854150,2019,410,KOR,Rep. of Korea,f,118762437.0,0.294519,1
semiconductors_and_sme,854150,2019,490,TWN,Taiwan,f,69533721.0,0.172436,2
semiconductors_and_sme,854150,2019,702,SGP,Singapore,f,30879712.0,0.076579,3
semiconductors_and_sme,854150,2019,392,JPN,Japan,f,27094779.0,0.067192,4
semiconductors_and_sme,854150,2019,752,SWE,Sweden,f,26340127.0,0.065321,5
semiconductors_and_sme,854150,2019,458,MYS,Malaysia,f,21806914.0,0.054079,6
semiconductors_and_sme,854150,2019,376,ISR,Israel,f,21210670.0,0.052600,7
semiconductors_and_sme,854150,2019,372,IRL,Ireland,f,16145222.0,0.040038,8
semiconductors_and_sme,854150,2019,156,CHN,China,f,14838644.0,0.036798,9
semiconductors_and_sme,854150,2019,276,DEU,Germany,f,14365865.0,0.035626,10
semiconductors_and_sme,854150,2019,188,CRI,Costa Rica,f,7398209.0,0.018347,11
semiconductors_and_sme,854150,2019,608,PHL,Philippines,f,6709117.0,0.016638,12
semiconductors_and_sme,854150,2019,484,MEX,Mexico,f,5364269.0,0.013303,13
semiconductors_and_sme,854150,2019,380,ITA,Italy,f,4372371.0,0.010843,14
semiconductors_and_sme,854150,2019,826,GBR,United Kingdom,f,3389413.0,0.008405,15
semiconductors_and_sme,854150,2019,251,FRA,France,f,2738540.0,0.006791,16
semiconductors_and_sme,854150,2019,757,CHE,Switzerland,f,2636533.0,0.006538,17
semiconductors_and_sme,854150,2019,643,RUS,Russian Federation,f,1732732.0,0.004297,18
semiconductors_and_sme,854150,2019,528,NLD,Netherlands,f,1708376.0,0.004237,19
semiconductors_and_sme,854150,2019,804,UKR,Ukraine,f,1473300.0,0.003654,20
semiconductors_and_sme,854150,2019,699,IND,India,f,913309.0,0.002265,21
semiconductors_and_sme,854150,2019,124,CAN,Canada,f,779653.0,0.001933,22
semiconductors_and_sme,854150,2019,764,THA,Thailand,f,643223.0,0.001595,23
semiconductors_and_sme,854150,2019,208,DNK,Denmark,f,392946.0,0.000974,24
semiconductors_and_sme,854150,2019,56,BEL,Belgium,f,307121.0,0.000762,25
semiconductors_and_sme,854150,2019,616,POL,Poland,f,262552.0,0.000651,26
semiconductors_and_sme,854150,2019,724,ESP,Spain,f,254439.0,0.000631,27
semiconductors_and_sme,854150,2019,246,FIN,Finland,f,234579.0,0.000582,28
semiconductors_and_sme,854150,2019,704,VNM,Viet Nam,f,147824.0,0.000367,29
semiconductors_and_sme,854150,2019,214,DOM,Dominican Rep.,f,131666.0,0.000327,30
semiconductors_and_sme,854150,2019,36,AUS,Australia,f,123529.0,0.000306,31
semiconductors_and_sme,854150,2019,344,HKG,"China, Hong Kong SAR",f,113379.0,0.000281,32
semiconductors_and_sme,854150,2019,703,SVK,Slovakia,f,71543.0,0.000177,33
semiconductors_and_sme,854150,2019,440,LTU,Lithuania,f,59448.0,0.000147,34
semiconductors_and_sme,854150,2019,470,MLT,Malta,f,57689.0,0.000143,35
semiconductors_and_sme,854150,2019,642,ROU,Romania,f,40036.0,0.000099,36
semiconductors_and_sme,854150,2019,40,AUT,Austria,f,37858.0,0.000094,37
semiconductors_and_sme,854150,2019,705,SVN,Slovenia,f,31352.0,0.000078,38
semiconductors_and_sme,854150,2019,203,CZE,Czechia,f,30882.0,0.000077,39
semiconductors_and_sme,854150,2019,320,GTM,Guatemala,f,29948.0,0.000074,40
semiconductors_and_sme,854150,2019,554,NZL,New Zealand,f,26290.0,0.000065,41
semiconductors_and_sme,854150,2019,620,PRT,Portugal,f,12992.0,0.000032,42
semiconductors_and_sme,854150,2019,504,MAR,Morocco,f,10610.0,0.000026,43
semiconductors_and_sme,854150,2019,360,IDN,Indonesia,f,7562.0,0.000019,44
semiconductors_and_sme,854150,2019,144,LKA,Sri Lanka,f,5847.0,0.000014,45
semiconductors_and_sme,854150,2019,352,ISL,Iceland,f,5450.0,0.000014,46
semiconductors_and_sme,854150,2019,348,HUN,Hungary,f,4458.0,0.000011,47
semiconductors_and_sme,854150,2019,784,ARE,United Arab Emirates,f,3250.0,0.000008,48
semiconductors_and_sme,854150,2019,76,BRA,Brazil,f,2182.0,0.000005,49
semiconductors_and_sme,854150,2020,410,KOR,Rep. of Korea,f,118796086.0,0.294517,1
semiconductors_and_sme,854150,2020,490,TWN,Taiwan,f,73490005.0,0.182195,2
semiconductors_and_sme,854150,2020,156,CHN,China,f,52511320.0,0.130185,3
semiconductors_and_sme,854150,2020,458,MYS,Malaysia,f,31375703.0,0.077786,4
semiconductors_and_sme,854150,2020,702,SGP,Singapore,f,19089417.0,0.047326,5
semiconductors_and_sme,854150,2020,392,JPN,Japan,f,18369493.0,0.045541,6
semiconductors_and_sme,854150,2020,752,SWE,Sweden,f,18267202.0,0.045288,7
semiconductors_and_sme,854150,2020,276,DEU,Germany,f,15564912.0,0.038588,8
semiconductors_and_sme,854150,2020,376,ISR,Israel,f,12578883.0,0.031185,9
semiconductors_and_sme,854150,2020,372,IRL,Ireland,f,10071193.0,0.024968,10
semiconductors_and_sme,854150,2020,608,PHL,Philippines,f,6917460.0,0.017150,11
semiconductors_and_sme,854150,2020,380,ITA,Italy,f,4086940.0,0.010132,12
semiconductors_and_sme,854150,2020,826,GBR,United Kingdom,f,3307639.0,0.008200,13
semiconductors_and_sme,854150,2020,484,MEX,Mexico,f,3067559.0,0.007605,14
semiconductors_and_sme,854150,2020,764,THA,Thailand,f,2465046.0,0.006111,15
semiconductors_and_sme,854150,2020,251,FRA,France,f,2366014.0,0.005866,16
semiconductors_and_sme,854150,2020,804,UKR,Ukraine,f,1566009.0,0.003882,17
semiconductors_and_sme,854150,2020,643,RUS,Russian Federation,f,1447767.0,0.003589,18
semiconductors_and_sme,854150,2020,188,CRI,Costa Rica,f,1352800.0,0.003354,19
semiconductors_and_sme,854150,2020,528,NLD,Netherlands,f,1114691.0,0.002764,20
semiconductors_and_sme,854150,2020,124,CAN,Canada,f,1022733.0,0.002536,21
semiconductors_and_sme,854150,2020,699,IND,India,f,811338.0,0.002011,22
semiconductors_and_sme,854150,2020,757,CHE,Switzerland,f,800845.0,0.001985,23
semiconductors_and_sme,854150,2020,724,ESP,Spain,f,678729.0,0.001683,24
semiconductors_and_sme,854150,2020,352,ISL,Iceland,f,482650.0,0.001197,25
semiconductors_and_sme,854150,2020,616,POL,Poland,f,324006.0,0.000803,26
semiconductors_and_sme,854150,2020,208,DNK,Denmark,f,271429.0,0.000673,27
semiconductors_and_sme,854150,2020,704,VNM,Viet Nam,f,214483.0,0.000532,28
semiconductors_and_sme,854150,2020,344,HKG,"China, Hong Kong SAR",f,194220.0,0.000482,29
semiconductors_and_sme,854150,2020,40,AUT,Austria,f,96334.0,0.000239,30
semiconductors_and_sme,854150,2020,203,CZE,Czechia,f,87961.0,0.000218,31
semiconductors_and_sme,854150,2020,76,BRA,Brazil,f,82884.0,0.000205,32
semiconductors_and_sme,854150,2020,246,FIN,Finland,f,65987.0,0.000164,33
semiconductors_and_sme,854150,2020,620,PRT,Portugal,f,59754.0,0.000148,34
semiconductors_and_sme,854150,2020,703,SVK,Slovakia,f,56873.0,0.000141,35
semiconductors_and_sme,854150,2020,214,DOM,Dominican Rep.,f,41326.0,0.000102,36
semiconductors_and_sme,854150,2020,360,IDN,Indonesia,f,38580.0,0.000096,37
semiconductors_and_sme,854150,2020,348,HUN,Hungary,f,36455.0,0.000090,38
semiconductors_and_sme,854150,2020,56,BEL,Belgium,f,36237.0,0.000090,39
semiconductors_and_sme,854150,2020,705,SVN,Slovenia,f,27941.0,0.000069,40
semiconductors_and_sme,854150,2020,36,AUS,Australia,f,26895.0,0.000067,41
semiconductors_and_sme,854150,2020,4,AFG,Afghanistan,f,25102.0,0.000062,42
semiconductors_and_sme,854150,2020,688,SRB,Serbia,f,24652.0,0.000061,43
semiconductors_and_sme,854150,2020,504,MAR,Morocco,f,13667.0,0.000034,44
semiconductors_and_sme,854150,2020,579,NOR,Norway,f,11159.0,0.000028,45
semiconductors_and_sme,854150,2020,470,MLT,Malta,f,10888.0,0.000027,46
semiconductors_and_sme,854150,2020,499,MNE,Montenegro,f,4511.0,0.000011,47
semiconductors_and_sme,854150,2020,784,ARE,United Arab Emirates,f,3200.0,0.000008,48
semiconductors_and_sme,854150,2020,710,ZAF,South Africa,f,2529.0,0.000006,49
semiconductors_and_sme,854150,2021,376,ISR,Israel,f,416551495.0,0.501885,1
semiconductors_and_sme,854150,2021,490,TWN,Taiwan,f,96905866.0,0.116758,2
semiconductors_and_sme,854150,2021,372,IRL,Ireland,f,58598995.0,0.070603,3
semiconductors_and_sme,854150,2021,410,KOR,Rep. of Korea,f,56539163.0,0.068122,4
semiconductors_and_sme,854150,2021,276,DEU,Germany,f,33968872.0,0.040928,5
semiconductors_and_sme,854150,2021,156,CHN,China,f,31892192.0,0.038425,6
semiconductors_and_sme,854150,2021,702,SGP,Singapore,f,29477113.0,0.035516,7
semiconductors_and_sme,854150,2021,392,JPN,Japan,f,26824718.0,0.032320,8
semiconductors_and_sme,854150,2021,458,MYS,Malaysia,f,18708162.0,0.022541,9
semiconductors_and_sme,854150,2021,752,SWE,Sweden,f,14918526.0,0.017975,10
semiconductors_and_sme,854150,2021,608,PHL,Philippines,f,10435298.0,0.012573,11
semiconductors_and_sme,854150,2021,484,MEX,Mexico,f,8375380.0,0.010091,12
semiconductors_and_sme,854150,2021,380,ITA,Italy,f,5003110.0,0.006028,13
semiconductors_and_sme,854150,2021,826,GBR,United Kingdom,f,3063185.0,0.003691,14
semiconductors_and_sme,854150,2021,764,THA,Thailand,f,2652850.0,0.003196,15
semiconductors_and_sme,854150,2021,251,FRA,France,f,2473206.0,0.002980,16
semiconductors_and_sme,854150,2021,643,RUS,Russian Federation,f,1882648.0,0.002268,17
semiconductors_and_sme,854150,2021,804,UKR,Ukraine,f,1708588.0,0.002059,18
semiconductors_and_sme,854150,2021,124,CAN,Canada,f,1562886.0,0.001883,19
semiconductors_and_sme,854150,2021,699,IND,India,f,1491714.0,0.001797,20
semiconductors_and_sme,854150,2021,528,NLD,Netherlands,f,1170356.0,0.001410,21
semiconductors_and_sme,854150,2021,757,CHE,Switzerland,f,1080647.0,0.001302,22
semiconductors_and_sme,854150,2021,724,ESP,Spain,f,1019076.0,0.001228,23
semiconductors_and_sme,854150,2021,616,POL,Poland,f,817266.0,0.000985,24
semiconductors_and_sme,854150,2021,344,HKG,"China, Hong Kong SAR",f,486001.0,0.000586,25
semiconductors_and_sme,854150,2021,56,BEL,Belgium,f,474900.0,0.000572,26
semiconductors_and_sme,854150,2021,246,FIN,Finland,f,391650.0,0.000472,27
semiconductors_and_sme,854150,2021,76,BRA,Brazil,f,387757.0,0.000467,28
semiconductors_and_sme,854150,2021,188,CRI,Costa Rica,f,287109.0,0.000346,29
semiconductors_and_sme,854150,2021,40,AUT,Austria,f,148672.0,0.000179,30
semiconductors_and_sme,854150,2021,470,MLT,Malta,f,99222.0,0.000120,31
semiconductors_and_sme,854150,2021,360,IDN,Indonesia,f,79799.0,0.000096,32
semiconductors_and_sme,854150,2021,704,VNM,Viet Nam,f,70162.0,0.000085,33
semiconductors_and_sme,854150,2021,36,AUS,Australia,f,63618.0,0.000077,34
semiconductors_and_sme,854150,2021,208,DNK,Denmark,f,57502.0,0.000069,35
semiconductors_and_sme,854150,2021,214,DOM,Dominican Rep.,f,48975.0,0.000059,36
semiconductors_and_sme,854150,2021,620,PRT,Portugal,f,39601.0,0.000048,37
semiconductors_and_sme,854150,2021,440,LTU,Lithuania,f,37562.0,0.000045,38
semiconductors_and_sme,854150,2021,203,CZE,Czechia,f,28754.0,0.000035,39
semiconductors_and_sme,854150,2021,705,SVN,Slovenia,f,28339.0,0.000034,40
semiconductors_and_sme,854150,2021,504,MAR,Morocco,f,23334.0,0.000028,41
semiconductors_and_sme,854150,2021,348,HUN,Hungary,f,21565.0,0.000026,42
semiconductors_and_sme,854150,2021,703,SVK,Slovakia,f,18751.0,0.000023,43
semiconductors_and_sme,854150,2021,579,NOR,Norway,f,15024.0,0.000018,44
semiconductors_and_sme,854150,2021,136,CYM,Cayman Isds,f,14223.0,0.000017,45
semiconductors_and_sme,854150,2021,100,BGR,Bulgaria,f,11319.0,0.000014,46
semiconductors_and_sme,854150,2021,266,GAB,Gabon,f,9794.0,0.000012,47
semiconductors_and_sme,854150,2021,516,NAM,Namibia,f,4530.0,0.000005,48
semiconductors_and_sme,854150,2021,554,NZL,New Zealand,f,3059.0,0.000004,49
semiconductors_and_sme,854150,2021,120,CMR,Cameroon,f,2204.0,0.000003,50
semiconductors_and_sme,854150,2022,376,ISR,Israel,f,422844720.0,0.513332,1
semiconductors_and_sme,854150,2022,490,TWN,Taiwan,f,101602531.0,0.123345,2
semiconductors_and_sme,854150,2022,372,IRL,Ireland,f,79876722.0,0.096970,3
semiconductors_and_sme,854150,2022,276,DEU,Germany,f,50910734.0,0.061805,4
semiconductors_and_sme,854150,2022,702,SGP,Singapore,f,33309168.0,0.040437,5
semiconductors_and_sme,854150,2022,392,JPN,Japan,f,24800725.0,0.030108,6
semiconductors_and_sme,854150,2022,156,CHN,China,f,20782911.0,0.025230,7
semiconductors_and_sme,854150,2022,608,PHL,Philippines,f,15490635.0,0.018806,8
semiconductors_and_sme,854150,2022,458,MYS,Malaysia,f,14962713.0,0.018165,9
semiconductors_and_sme,854150,2022,752,SWE,Sweden,f,13211923.0,0.016039,10
semiconductors_and_sme,854150,2022,410,KOR,Rep. of Korea,f,11921105.0,0.014472,11
semiconductors_and_sme,854150,2022,826,GBR,United Kingdom,f,7011792.0,0.008512,12
semiconductors_and_sme,854150,2022,380,ITA,Italy,f,5294876.0,0.006428,13
semiconductors_and_sme,854150,2022,484,MEX,Mexico,f,4075133.0,0.004947,14
semiconductors_and_sme,854150,2022,764,THA,Thailand,f,2387707.0,0.002899,15
semiconductors_and_sme,854150,2022,124,CAN,Canada,f,2049533.0,0.002488,16
semiconductors_and_sme,854150,2022,643,RUS,Russian Federation,f,1902887.0,0.002310,17
semiconductors_and_sme,854150,2022,246,FIN,Finland,f,1651634.0,0.002005,18
semiconductors_and_sme,854150,2022,616,POL,Poland,f,1513094.0,0.001837,19
semiconductors_and_sme,854150,2022,757,CHE,Switzerland,f,1304067.0,0.001583,20
semiconductors_and_sme,854150,2022,699,IND,India,f,1220034.0,0.001481,21
semiconductors_and_sme,854150,2022,251,FRA,France,f,1072379.0,0.001302,22
semiconductors_and_sme,854150,2022,56,BEL,Belgium,f,903142.0,0.001096,23
semiconductors_and_sme,854150,2022,528,NLD,Netherlands,f,518756.0,0.000630,24
semiconductors_and_sme,854150,2022,208,DNK,Denmark,f,476916.0,0.000579,25
semiconductors_and_sme,854150,2022,804,UKR,Ukraine,f,435692.0,0.000529,26
semiconductors_and_sme,854150,2022,344,HKG,"China, Hong Kong SAR",f,294806.0,0.000358,27
semiconductors_and_sme,854150,2022,398,KAZ,Kazakhstan,f,218238.0,0.000265,28
semiconductors_and_sme,854150,2022,360,IDN,Indonesia,f,180501.0,0.000219,29
semiconductors_and_sme,854150,2022,428,LVA,Latvia,f,158170.0,0.000192,30
semiconductors_and_sme,854150,2022,470,MLT,Malta,f,139769.0,0.000170,31
semiconductors_and_sme,854150,2022,76,BRA,Brazil,f,133004.0,0.000161,32
semiconductors_and_sme,854150,2022,724,ESP,Spain,f,131466.0,0.000160,33
semiconductors_and_sme,854150,2022,704,VNM,Viet Nam,f,126828.0,0.000154,34
semiconductors_and_sme,854150,2022,792,TUR,Türkiye,f,99122.0,0.000120,35
semiconductors_and_sme,854150,2022,188,CRI,Costa Rica,f,98280.0,0.000119,36
semiconductors_and_sme,854150,2022,703,SVK,Slovakia,f,77470.0,0.000094,37
semiconductors_and_sme,854150,2022,36,AUS,Australia,f,72218.0,0.000088,38
semiconductors_and_sme,854150,2022,348,HUN,Hungary,f,71665.0,0.000087,39
semiconductors_and_sme,854150,2022,352,ISL,Iceland,f,67993.0,0.000083,40
semiconductors_and_sme,854150,2022,554,NZL,New Zealand,f,55367.0,0.000067,41
semiconductors_and_sme,854150,2022,40,AUT,Austria,f,54402.0,0.000066,42
semiconductors_and_sme,854150,2022,705,SVN,Slovenia,f,40882.0,0.000050,43
semiconductors_and_sme,854150,2022,579,NOR,Norway,f,38436.0,0.000047,44
semiconductors_and_sme,854150,2022,214,DOM,Dominican Rep.,f,27600.0,0.000034,45
semiconductors_and_sme,854150,2022,620,PRT,Portugal,f,27303.0,0.000033,46
semiconductors_and_sme,854150,2022,340,HND,Honduras,f,18259.0,0.000022,47
semiconductors_and_sme,854150,2022,504,MAR,Morocco,f,14760.0,0.000018,48
semiconductors_and_sme,854150,2022,659,KNA,Saint Kitts and Nevis,f,14635.0,0.000018,49
semiconductors_and_sme,854150,2022,688,SRB,Serbia,f,12468.0,0.000015,50
semiconductors_and_sme,854150,2022,203,CZE,Czechia,f,10700.0,0.000013,51
semiconductors_and_sme,854150,2022,144,LKA,Sri Lanka,f,5074.0,0.000006,52
semiconductors_and_sme,854150,2022,440,LTU,Lithuania,f,2556.0,0.000003,53
semiconductors_and_sme,854150,2022,100,BGR,Bulgaria,f,2189.0,0.000003,54
semiconductors_and_sme,854150,2023,490,TWN,Taiwan,f,473518472.0,0.407585,1
semiconductors_and_sme,854150,2023,376,ISR,Israel,f,354324802.0,0.304988,2
semiconductors_and_sme,854150,2023,372,IRL,Ireland,f,128250709.0,0.110393,3
semiconductors_and_sme,854150,2023,276,DEU,Germany,f,55094975.0,0.047423,4
semiconductors_and_sme,854150,2023,702,SGP,Singapore,f,24202949.0,0.020833,5
semiconductors_and_sme,854150,2023,752,SWE,Sweden,f,23520916.0,0.020246,6
semiconductors_and_sme,854150,2023,392,JPN,Japan,f,22461733.0,0.019334,7
semiconductors_and_sme,854150,2023,156,CHN,China,f,15595371.0,0.013424,8
semiconductors_and_sme,854150,2023,458,MYS,Malaysia,f,14622558.0,0.012586,9
semiconductors_and_sme,854150,2023,410,KOR,Rep. of Korea,f,10338145.0,0.008899,10
semiconductors_and_sme,854150,2023,826,GBR,United Kingdom,f,9749739.0,0.008392,11
semiconductors_and_sme,854150,2023,608,PHL,Philippines,f,6305581.0,0.005428,12
semiconductors_and_sme,854150,2023,380,ITA,Italy,f,5611769.0,0.004830,13
semiconductors_and_sme,854150,2023,124,CAN,Canada,f,3104100.0,0.002672,14
semiconductors_and_sme,854150,2023,484,MEX,Mexico,f,2823750.0,0.002431,15
semiconductors_and_sme,854150,2023,764,THA,Thailand,f,2428999.0,0.002091,16
semiconductors_and_sme,854150,2023,616,POL,Poland,f,1656789.0,0.001426,17
semiconductors_and_sme,854150,2023,757,CHE,Switzerland,f,1297750.0,0.001117,18
semiconductors_and_sme,854150,2023,251,FRA,France,f,1257324.0,0.001082,19
semiconductors_and_sme,854150,2023,398,KAZ,Kazakhstan,f,1113679.0,0.000959,20
semiconductors_and_sme,854150,2023,699,IND,India,f,614399.0,0.000529,21
semiconductors_and_sme,854150,2023,56,BEL,Belgium,f,485767.0,0.000418,22
semiconductors_and_sme,854150,2023,246,FIN,Finland,f,400313.0,0.000345,23
semiconductors_and_sme,854150,2023,440,LTU,Lithuania,f,328070.0,0.000282,24
semiconductors_and_sme,854150,2023,208,DNK,Denmark,f,305148.0,0.000263,25
semiconductors_and_sme,854150,2023,528,NLD,Netherlands,f,270992.0,0.000233,26
semiconductors_and_sme,854150,2023,428,LVA,Latvia,f,244199.0,0.000210,27
semiconductors_and_sme,854150,2023,579,NOR,Norway,f,235536.0,0.000203,28
semiconductors_and_sme,854150,2023,643,RUS,Russian Federation,f,195823.0,0.000169,29
semiconductors_and_sme,854150,2023,360,IDN,Indonesia,f,172616.0,0.000149,30
semiconductors_and_sme,854150,2023,344,HKG,"China, Hong Kong SAR",f,122229.0,0.000105,31
semiconductors_and_sme,854150,2023,703,SVK,Slovakia,f,111898.0,0.000096,32
semiconductors_and_sme,854150,2023,203,CZE,Czechia,f,111622.0,0.000096,33
semiconductors_and_sme,854150,2023,466,MLI,Mali,f,108630.0,0.000094,34
semiconductors_and_sme,854150,2023,40,AUT,Austria,f,99268.0,0.000085,35
semiconductors_and_sme,854150,2023,704,VNM,Viet Nam,f,84398.0,0.000073,36
semiconductors_and_sme,854150,2023,860,UZB,Uzbekistan,f,82052.0,0.000071,37
semiconductors_and_sme,854150,2023,348,HUN,Hungary,f,79784.0,0.000069,38
semiconductors_and_sme,854150,2023,705,SVN,Slovenia,f,75062.0,0.000065,39
semiconductors_and_sme,854150,2023,100,BGR,Bulgaria,f,74148.0,0.000064,40
semiconductors_and_sme,854150,2023,36,AUS,Australia,f,68718.0,0.000059,41
semiconductors_and_sme,854150,2023,804,UKR,Ukraine,f,49558.0,0.000043,42
semiconductors_and_sme,854150,2023,188,CRI,Costa Rica,f,25726.0,0.000022,43
semiconductors_and_sme,854150,2023,76,BRA,Brazil,f,24661.0,0.000021,44
semiconductors_and_sme,854150,2023,504,MAR,Morocco,f,24657.0,0.000021,45
semiconductors_and_sme,854150,2023,724,ESP,Spain,f,24175.0,0.000021,46
semiconductors_and_sme,854150,2023,214,DOM,Dominican Rep.,f,18489.0,0.000016,47
semiconductors_and_sme,854150,2023,152,CHL,Chile,f,9851.0,0.000008,48
semiconductors_and_sme,854150,2023,688,SRB,Serbia,f,8155.0,0.000007,49
semiconductors_and_sme,854150,2023,554,NZL,New Zealand,f,6270.0,0.000005,50
semiconductors_and_sme,854150,2023,566,NGA,Nigeria,f,6026.0,0.000005,51
semiconductors_and_sme,854150,2023,470,MLT,Malta,f,5911.0,0.000005,52
semiconductors_and_sme,854150,2023,642,ROU,Romania,f,5261.0,0.000005,53
semiconductors_and_sme,854150,2023,170,COL,Colombia,f,4800.0,0.000004,54
semiconductors_and_sme,854150,2023,144,LKA,Sri Lanka,f,3095.0,0.000003,55
semiconductors_and_sme,854150,2024,376,ISR,Israel,f,412702236.0,0.445052,1
semiconductors_and_sme,854150,2024,372,IRL,Ireland,f,239699349.0,0.258488,2
semiconductors_and_sme,854150,2024,490,TWN,Taiwan,f,123621541.0,0.133312,3
semiconductors_and_sme,854150,2024,752,SWE,Sweden,f,33719177.0,0.036362,4
semiconductors_and_sme,854150,2024,392,JPN,Japan,f,17509857.0,0.018882,5
semiconductors_and_sme,854150,2024,276,DEU,Germany,f,17128074.0,0.018471,6
semiconductors_and_sme,854150,2024,702,SGP,Singapore,f,14792087.0,0.015952,7
semiconductors_and_sme,854150,2024,458,MYS,Malaysia,f,11057870.0,0.011925,8
semiconductors_and_sme,854150,2024,156,CHN,China,f,10971080.0,0.011831,9
semiconductors_and_sme,854150,2024,608,PHL,Philippines,f,7557412.0,0.008150,10
semiconductors_and_sme,854150,2024,124,CAN,Canada,f,6265037.0,0.006756,11
semiconductors_and_sme,854150,2024,380,ITA,Italy,f,6110543.0,0.006590,12
semiconductors_and_sme,854150,2024,484,MEX,Mexico,f,6102321.0,0.006581,13
semiconductors_and_sme,854150,2024,410,KOR,Rep. of Korea,f,4853957.0,0.005234,14
semiconductors_and_sme,854150,2024,251,FRA,France,f,3056681.0,0.003296,15
semiconductors_and_sme,854150,2024,826,GBR,United Kingdom,f,2297522.0,0.002478,16
semiconductors_and_sme,854150,2024,764,THA,Thailand,f,2084255.0,0.002248,17
semiconductors_and_sme,854150,2024,757,CHE,Switzerland,f,2042916.0,0.002203,18
semiconductors_and_sme,854150,2024,616,POL,Poland,f,1684204.0,0.001816,19
semiconductors_and_sme,854150,2024,398,KAZ,Kazakhstan,f,627484.0,0.000677,20
semiconductors_and_sme,854150,2024,699,IND,India,f,575794.0,0.000621,21
semiconductors_and_sme,854150,2024,804,UKR,Ukraine,f,447643.0,0.000483,22
semiconductors_and_sme,854150,2024,56,BEL,Belgium,f,356570.0,0.000385,23
semiconductors_and_sme,854150,2024,348,HUN,Hungary,f,313018.0,0.000338,24
semiconductors_and_sme,854150,2024,246,FIN,Finland,f,249440.0,0.000269,25
semiconductors_and_sme,854150,2024,724,ESP,Spain,f,242910.0,0.000262,26
semiconductors_and_sme,854150,2024,528,NLD,Netherlands,f,207499.0,0.000224,27
semiconductors_and_sme,854150,2024,203,CZE,Czechia,f,180535.0,0.000195,28
semiconductors_and_sme,854150,2024,704,VNM,Viet Nam,f,142923.0,0.000154,29
semiconductors_and_sme,854150,2024,860,UZB,Uzbekistan,f,126623.0,0.000137,30
semiconductors_and_sme,854150,2024,100,BGR,Bulgaria,f,121674.0,0.000131,31
semiconductors_and_sme,854150,2024,344,HKG,"China, Hong Kong SAR",f,79217.0,0.000085,32
semiconductors_and_sme,854150,2024,705,SVN,Slovenia,f,73418.0,0.000079,33
semiconductors_and_sme,854150,2024,579,NOR,Norway,f,59700.0,0.000064,34
semiconductors_and_sme,854150,2024,40,AUT,Austria,f,56723.0,0.000061,35
semiconductors_and_sme,854150,2024,360,IDN,Indonesia,f,36585.0,0.000039,36
semiconductors_and_sme,854150,2024,688,SRB,Serbia,f,29947.0,0.000032,37
semiconductors_and_sme,854150,2024,703,SVK,Slovakia,f,27966.0,0.000030,38
semiconductors_and_sme,854150,2024,214,DOM,Dominican Rep.,f,25734.0,0.000028,39
semiconductors_and_sme,854150,2024,268,GEO,Georgia,f,25608.0,0.000028,40
semiconductors_and_sme,854150,2024,36,AUS,Australia,f,21022.0,0.000023,41
semiconductors_and_sme,854150,2024,504,MAR,Morocco,f,7385.0,0.000008,42
semiconductors_and_sme,854150,2024,710,ZAF,South Africa,f,4690.0,0.000005,43
semiconductors_and_sme,854150,2024,208,DNK,Denmark,f,3816.0,0.000004,44
semiconductors_and_sme,854150,2024,470,MLT,Malta,f,3450.0,0.000004,45
semiconductors_and_sme,854150,2024,784,ARE,United Arab Emirates,f,3259.0,0.000004,46
semiconductors_and_sme,854150,2024,188,CRI,Costa Rica,f,2788.0,0.000003,47
semiconductors_and_sme,854150,2024,51,ARM,Armenia,f,2098.0,0.000002,48
semiconductors_and_sme,854150,2025,376,ISR,Israel,f,325839989.0,0.276781,1
semiconductors_and_sme,854150,2025,372,IRL,Ireland,f,299653179.0,0.254537,2
semiconductors_and_sme,854150,2025,490,TWN,Taiwan,f,227476775.0,0.193228,3
semiconductors_and_sme,854150,2025,392,JPN,Japan,f,138502607.0,0.117650,4
semiconductors_and_sme,854150,2025,752,SWE,Sweden,f,47680635.0,0.040502,5
semiconductors_and_sme,854150,2025,251,FRA,France,f,26206831.0,0.022261,6
semiconductors_and_sme,854150,2025,702,SGP,Singapore,f,22375959.0,0.019007,7
semiconductors_and_sme,854150,2025,56,BEL,Belgium,f,8873182.0,0.007537,8
semiconductors_and_sme,854150,2025,484,MEX,Mexico,f,8738175.0,0.007423,9
semiconductors_and_sme,854150,2025,528,NLD,Netherlands,f,8578386.0,0.007287,10
semiconductors_and_sme,854150,2025,380,ITA,Italy,f,8376495.0,0.007115,11
semiconductors_and_sme,854150,2025,276,DEU,Germany,f,8133792.0,0.006909,12
semiconductors_and_sme,854150,2025,458,MYS,Malaysia,f,7261661.0,0.006168,13
semiconductors_and_sme,854150,2025,156,CHN,China,f,6121200.0,0.005200,14
semiconductors_and_sme,854150,2025,410,KOR,Rep. of Korea,f,6006770.0,0.005102,15
semiconductors_and_sme,854150,2025,124,CAN,Canada,f,5098586.0,0.004331,16
semiconductors_and_sme,854150,2025,608,PHL,Philippines,f,4340814.0,0.003687,17
semiconductors_and_sme,854150,2025,246,FIN,Finland,f,3684612.0,0.003130,18
semiconductors_and_sme,854150,2025,826,GBR,United Kingdom,f,3575981.0,0.003038,19
semiconductors_and_sme,854150,2025,616,POL,Poland,f,2419480.0,0.002055,20
semiconductors_and_sme,854150,2025,757,CHE,Switzerland,f,1965640.0,0.001670,21
semiconductors_and_sme,854150,2025,40,AUT,Austria,f,1798533.0,0.001528,22
semiconductors_and_sme,854150,2025,764,THA,Thailand,f,1330526.0,0.001130,23
semiconductors_and_sme,854150,2025,398,KAZ,Kazakhstan,f,1124681.0,0.000955,24
semiconductors_and_sme,854150,2025,699,IND,India,f,459517.0,0.000390,25
semiconductors_and_sme,854150,2025,804,UKR,Ukraine,f,301134.0,0.000256,26
semiconductors_and_sme,854150,2025,348,HUN,Hungary,f,283690.0,0.000241,27
semiconductors_and_sme,854150,2025,208,DNK,Denmark,f,214162.0,0.000182,28
semiconductors_and_sme,854150,2025,360,IDN,Indonesia,f,160441.0,0.000136,29
semiconductors_and_sme,854150,2025,579,NOR,Norway,f,141643.0,0.000120,30
semiconductors_and_sme,854150,2025,724,ESP,Spain,f,121941.0,0.000104,31
semiconductors_and_sme,854150,2025,703,SVK,Slovakia,f,55049.0,0.000047,32
semiconductors_and_sme,854150,2025,704,VNM,Viet Nam,f,51953.0,0.000044,33
semiconductors_and_sme,854150,2025,860,UZB,Uzbekistan,f,51801.0,0.000044,34
semiconductors_and_sme,854150,2025,196,CYP,Cyprus,f,47618.0,0.000040,35
semiconductors_and_sme,854150,2025,344,HKG,"China, Hong Kong SAR",f,35625.0,0.000030,36
semiconductors_and_sme,854150,2025,504,MAR,Morocco,f,21951.0,0.000019,37
semiconductors_and_sme,854150,2025,214,DOM,Dominican Rep.,f,21336.0,0.000018,38
semiconductors_and_sme,854150,2025,642,ROU,Romania,f,21264.0,0.000018,39
semiconductors_and_sme,854150,2025,36,AUS,Australia,f,18567.0,0.000016,40
semiconductors_and_sme,854150,2025,203,CZE,Czechia,f,16905.0,0.000014,41
semiconductors_and_sme,854150,2025,705,SVN,Slovenia,f,13150.0,0.000011,42
semiconductors_and_sme,854150,2025,268,GEO,Georgia,f,10550.0,0.000009,43
semiconductors_and_sme,854150,2025,470,MLT,Malta,f,10517.0,0.000009,44
semiconductors_and_sme,854150,2025,440,LTU,Lithuania,f,8581.0,0.000007,45
semiconductors_and_sme,854150,2025,188,CRI,Costa Rica,f,8523.0,0.000007,46
semiconductors_and_sme,854150,2025,792,TUR,Türkiye,f,4234.0,0.000004,47
semiconductors_and_sme,854150,2025,620,PRT,Portugal,f,2578.0,0.000002,48
semiconductors_and_sme,854160,2018,156,CHN,China,f,110840865.0,0.305729,1
semiconductors_and_sme,854160,2018,392,JPN,Japan,f,77336929.0,0.213316,2
semiconductors_and_sme,854160,2018,490,TWN,Taiwan,f,31759487.0,0.087601,3
semiconductors_and_sme,854160,2018,276,DEU,Germany,f,19164464.0,0.052861,4
semiconductors_and_sme,854160,2018,40,AUT,Austria,f,16532211.0,0.045600,5
semiconductors_and_sme,854160,2018,702,SGP,Singapore,f,15125303.0,0.041720,6
semiconductors_and_sme,854160,2018,410,KOR,Rep. of Korea,f,13511381.0,0.037268,7
semiconductors_and_sme,854160,2018,764,THA,Thailand,f,13367888.0,0.036872,8
semiconductors_and_sme,854160,2018,458,MYS,Malaysia,f,12674786.0,0.034961,9
semiconductors_and_sme,854160,2018,554,NZL,New Zealand,f,10007027.0,0.027602,10
semiconductors_and_sme,854160,2018,757,CHE,Switzerland,f,8808235.0,0.024296,11
semiconductors_and_sme,854160,2018,188,CRI,Costa Rica,f,7944689.0,0.021914,12
semiconductors_and_sme,854160,2018,360,IDN,Indonesia,f,6471656.0,0.017851,13
semiconductors_and_sme,854160,2018,826,GBR,United Kingdom,f,5379508.0,0.014838,14
semiconductors_and_sme,854160,2018,124,CAN,Canada,f,3668913.0,0.010120,15
semiconductors_and_sme,854160,2018,643,RUS,Russian Federation,f,2115424.0,0.005835,16
semiconductors_and_sme,854160,2018,251,FRA,France,f,1541388.0,0.004252,17
semiconductors_and_sme,854160,2018,704,VNM,Viet Nam,f,828433.0,0.002285,18
semiconductors_and_sme,854160,2018,208,DNK,Denmark,f,771615.0,0.002128,19
semiconductors_and_sme,854160,2018,699,IND,India,f,768247.0,0.002119,20
semiconductors_and_sme,854160,2018,428,LVA,Latvia,f,480128.0,0.001324,21
semiconductors_and_sme,854160,2018,608,PHL,Philippines,f,451566.0,0.001246,22
semiconductors_and_sme,854160,2018,344,HKG,"China, Hong Kong SAR",f,436348.0,0.001204,23
semiconductors_and_sme,854160,2018,300,GRC,Greece,f,433813.0,0.001197,24
semiconductors_and_sme,854160,2018,203,CZE,Czechia,f,406030.0,0.001120,25
semiconductors_and_sme,854160,2018,380,ITA,Italy,f,385527.0,0.001063,26
semiconductors_and_sme,854160,2018,246,FIN,Finland,f,204740.0,0.000565,27
semiconductors_and_sme,854160,2018,528,NLD,Netherlands,f,192827.0,0.000532,28
semiconductors_and_sme,854160,2018,348,HUN,Hungary,f,173950.0,0.000480,29
semiconductors_and_sme,854160,2018,484,MEX,Mexico,f,134196.0,0.000370,30
semiconductors_and_sme,854160,2018,100,BGR,Bulgaria,f,97290.0,0.000268,31
semiconductors_and_sme,854160,2018,703,SVK,Slovakia,f,95094.0,0.000262,32
semiconductors_and_sme,854160,2018,56,BEL,Belgium,f,73678.0,0.000203,33
semiconductors_and_sme,854160,2018,76,BRA,Brazil,f,70430.0,0.000194,34
semiconductors_and_sme,854160,2018,376,ISR,Israel,f,63468.0,0.000175,35
semiconductors_and_sme,854160,2018,36,AUS,Australia,f,51665.0,0.000143,36
semiconductors_and_sme,854160,2018,788,TUN,Tunisia,f,31159.0,0.000086,37
semiconductors_and_sme,854160,2018,372,IRL,Ireland,f,29126.0,0.000080,38
semiconductors_and_sme,854160,2018,120,CMR,Cameroon,f,18551.0,0.000051,39
semiconductors_and_sme,854160,2018,320,GTM,Guatemala,f,18325.0,0.000051,40
semiconductors_and_sme,854160,2018,404,KEN,Kenya,f,14839.0,0.000041,41
semiconductors_and_sme,854160,2018,752,SWE,Sweden,f,13682.0,0.000038,42
semiconductors_and_sme,854160,2018,724,ESP,Spain,f,10204.0,0.000028,43
semiconductors_and_sme,854160,2018,28,ATG,Antigua and Barbuda,f,10022.0,0.000028,44
semiconductors_and_sme,854160,2018,616,POL,Poland,f,9100.0,0.000025,45
semiconductors_and_sme,854160,2018,104,MMR,Myanmar,f,7444.0,0.000021,46
semiconductors_and_sme,854160,2018,686,SEN,Senegal,f,6390.0,0.000018,47
semiconductors_and_sme,854160,2018,710,ZAF,South Africa,f,3202.0,0.000009,48
semiconductors_and_sme,854160,2018,795,TKM,Turkmenistan,f,2410.0,0.000007,49
semiconductors_and_sme,854160,2018,516,NAM,Namibia,f,2003.0,0.000006,50
semiconductors_and_sme,854160,2019,392,JPN,Japan,f,66607615.0,0.250530,1
semiconductors_and_sme,854160,2019,40,AUT,Austria,f,40555655.0,0.152541,2
semiconductors_and_sme,854160,2019,156,CHN,China,f,34098713.0,0.128255,3
semiconductors_and_sme,854160,2019,490,TWN,Taiwan,f,24013830.0,0.090323,4
semiconductors_and_sme,854160,2019,276,DEU,Germany,f,16249057.0,0.061117,5
semiconductors_and_sme,854160,2019,458,MYS,Malaysia,f,15393727.0,0.057900,6
semiconductors_and_sme,854160,2019,410,KOR,Rep. of Korea,f,10450246.0,0.039306,7
semiconductors_and_sme,854160,2019,554,NZL,New Zealand,f,9884342.0,0.037178,8
semiconductors_and_sme,854160,2019,764,THA,Thailand,f,9360647.0,0.035208,9
semiconductors_and_sme,854160,2019,757,CHE,Switzerland,f,7730372.0,0.029076,10
semiconductors_and_sme,854160,2019,826,GBR,United Kingdom,f,6457812.0,0.024290,11
semiconductors_and_sme,854160,2019,360,IDN,Indonesia,f,4697414.0,0.017668,12
semiconductors_and_sme,854160,2019,702,SGP,Singapore,f,3592509.0,0.013512,13
semiconductors_and_sme,854160,2019,704,VNM,Viet Nam,f,3352996.0,0.012612,14
semiconductors_and_sme,854160,2019,124,CAN,Canada,f,2763394.0,0.010394,15
semiconductors_and_sme,854160,2019,251,FRA,France,f,2122784.0,0.007984,16
semiconductors_and_sme,854160,2019,643,RUS,Russian Federation,f,2121857.0,0.007981,17
semiconductors_and_sme,854160,2019,208,DNK,Denmark,f,969024.0,0.003645,18
semiconductors_and_sme,854160,2019,188,CRI,Costa Rica,f,816190.0,0.003070,19
semiconductors_and_sme,854160,2019,699,IND,India,f,772583.0,0.002906,20
semiconductors_and_sme,854160,2019,300,GRC,Greece,f,674058.0,0.002535,21
semiconductors_and_sme,854160,2019,608,PHL,Philippines,f,503270.0,0.001893,22
semiconductors_and_sme,854160,2019,528,NLD,Netherlands,f,478317.0,0.001799,23
semiconductors_and_sme,854160,2019,380,ITA,Italy,f,409882.0,0.001542,24
semiconductors_and_sme,854160,2019,36,AUS,Australia,f,257165.0,0.000967,25
semiconductors_and_sme,854160,2019,344,HKG,"China, Hong Kong SAR",f,256792.0,0.000966,26
semiconductors_and_sme,854160,2019,428,LVA,Latvia,f,209758.0,0.000789,27
semiconductors_and_sme,854160,2019,376,ISR,Israel,f,195786.0,0.000736,28
semiconductors_and_sme,854160,2019,484,MEX,Mexico,f,126777.0,0.000477,29
semiconductors_and_sme,854160,2019,246,FIN,Finland,f,125275.0,0.000471,30
semiconductors_and_sme,854160,2019,100,BGR,Bulgaria,f,118822.0,0.000447,31
semiconductors_and_sme,854160,2019,203,CZE,Czechia,f,98166.0,0.000369,32
semiconductors_and_sme,854160,2019,724,ESP,Spain,f,55157.0,0.000207,33
semiconductors_and_sme,854160,2019,703,SVK,Slovakia,f,54652.0,0.000206,34
semiconductors_and_sme,854160,2019,705,SVN,Slovenia,f,52733.0,0.000198,35
semiconductors_and_sme,854160,2019,752,SWE,Sweden,f,40219.0,0.000151,36
semiconductors_and_sme,854160,2019,678,STP,Sao Tome and Principe,f,29888.0,0.000112,37
semiconductors_and_sme,854160,2019,218,ECU,Ecuador,f,21551.0,0.000081,38
semiconductors_and_sme,854160,2019,400,JOR,Jordan,f,18210.0,0.000068,39
semiconductors_and_sme,854160,2019,642,ROU,Romania,f,17515.0,0.000066,40
semiconductors_and_sme,854160,2019,348,HUN,Hungary,f,17331.0,0.000065,41
semiconductors_and_sme,854160,2019,579,NOR,Norway,f,16806.0,0.000063,42
semiconductors_and_sme,854160,2019,76,BRA,Brazil,f,15243.0,0.000057,43
semiconductors_and_sme,854160,2019,788,TUN,Tunisia,f,13589.0,0.000051,44
semiconductors_and_sme,854160,2019,191,HRV,Croatia,f,7912.0,0.000030,45
semiconductors_and_sme,854160,2019,440,LTU,Lithuania,f,7070.0,0.000027,46
semiconductors_and_sme,854160,2019,792,TUR,Türkiye,f,6313.0,0.000024,47
semiconductors_and_sme,854160,2019,616,POL,Poland,f,4747.0,0.000018,48
semiconductors_and_sme,854160,2019,233,EST,Estonia,f,3554.0,0.000013,49
semiconductors_and_sme,854160,2019,620,PRT,Portugal,f,3451.0,0.000013,50
semiconductors_and_sme,854160,2019,170,COL,Colombia,f,3402.0,0.000013,51
semiconductors_and_sme,854160,2019,120,CMR,Cameroon,f,3255.0,0.000012,52
semiconductors_and_sme,854160,2019,56,BEL,Belgium,f,3233.0,0.000012,53
semiconductors_and_sme,854160,2019,268,GEO,Georgia,f,2945.0,0.000011,54
semiconductors_and_sme,854160,2019,694,SLE,Sierra Leone,f,2908.0,0.000011,55
semiconductors_and_sme,854160,2020,702,SGP,Singapore,f,84141195.0,0.255653,1
semiconductors_and_sme,854160,2020,392,JPN,Japan,f,72971874.0,0.221716,2
semiconductors_and_sme,854160,2020,490,TWN,Taiwan,f,43584742.0,0.132427,3
semiconductors_and_sme,854160,2020,156,CHN,China,f,29922718.0,0.090916,4
semiconductors_and_sme,854160,2020,458,MYS,Malaysia,f,13528385.0,0.041104,5
semiconductors_and_sme,854160,2020,276,DEU,Germany,f,13045970.0,0.039639,6
semiconductors_and_sme,854160,2020,826,GBR,United Kingdom,f,12993085.0,0.039478,7
semiconductors_and_sme,854160,2020,764,THA,Thailand,f,9985016.0,0.030338,8
semiconductors_and_sme,854160,2020,410,KOR,Rep. of Korea,f,9844767.0,0.029912,9
semiconductors_and_sme,854160,2020,554,NZL,New Zealand,f,8641724.0,0.026257,10
semiconductors_and_sme,854160,2020,40,AUT,Austria,f,6417352.0,0.019498,11
semiconductors_and_sme,854160,2020,757,CHE,Switzerland,f,6246239.0,0.018978,12
semiconductors_and_sme,854160,2020,360,IDN,Indonesia,f,4075350.0,0.012382,13
semiconductors_and_sme,854160,2020,124,CAN,Canada,f,3085224.0,0.009374,14
semiconductors_and_sme,854160,2020,251,FRA,France,f,2985889.0,0.009072,15
semiconductors_and_sme,854160,2020,704,VNM,Viet Nam,f,2268135.0,0.006891,16
semiconductors_and_sme,854160,2020,643,RUS,Russian Federation,f,2224767.0,0.006760,17
semiconductors_and_sme,854160,2020,484,MEX,Mexico,f,565473.0,0.001718,18
semiconductors_and_sme,854160,2020,699,IND,India,f,518291.0,0.001575,19
semiconductors_and_sme,854160,2020,300,GRC,Greece,f,310094.0,0.000942,20
semiconductors_and_sme,854160,2020,380,ITA,Italy,f,306907.0,0.000932,21
semiconductors_and_sme,854160,2020,608,PHL,Philippines,f,251626.0,0.000765,22
semiconductors_and_sme,854160,2020,376,ISR,Israel,f,197524.0,0.000600,23
semiconductors_and_sme,854160,2020,344,HKG,"China, Hong Kong SAR",f,168484.0,0.000512,24
semiconductors_and_sme,854160,2020,100,BGR,Bulgaria,f,152207.0,0.000462,25
semiconductors_and_sme,854160,2020,203,CZE,Czechia,f,123539.0,0.000375,26
semiconductors_and_sme,854160,2020,208,DNK,Denmark,f,106500.0,0.000324,27
semiconductors_and_sme,854160,2020,752,SWE,Sweden,f,102521.0,0.000311,28
semiconductors_and_sme,854160,2020,703,SVK,Slovakia,f,63682.0,0.000193,29
semiconductors_and_sme,854160,2020,528,NLD,Netherlands,f,48753.0,0.000148,30
semiconductors_and_sme,854160,2020,188,CRI,Costa Rica,f,47419.0,0.000144,31
semiconductors_and_sme,854160,2020,56,BEL,Belgium,f,40472.0,0.000123,32
semiconductors_and_sme,854160,2020,36,AUS,Australia,f,32232.0,0.000098,33
semiconductors_and_sme,854160,2020,268,GEO,Georgia,f,22306.0,0.000068,34
semiconductors_and_sme,854160,2020,788,TUN,Tunisia,f,21160.0,0.000064,35
semiconductors_and_sme,854160,2020,76,BRA,Brazil,f,14150.0,0.000043,36
semiconductors_and_sme,854160,2020,804,UKR,Ukraine,f,11527.0,0.000035,37
semiconductors_and_sme,854160,2020,191,HRV,Croatia,f,10623.0,0.000032,38
semiconductors_and_sme,854160,2020,218,ECU,Ecuador,f,10387.0,0.000032,39
semiconductors_and_sme,854160,2020,440,LTU,Lithuania,f,9021.0,0.000027,40
semiconductors_and_sme,854160,2020,352,ISL,Iceland,f,8540.0,0.000026,41
semiconductors_and_sme,854160,2020,616,POL,Poland,f,7772.0,0.000024,42
semiconductors_and_sme,854160,2020,516,NAM,Namibia,f,3820.0,0.000012,43
semiconductors_and_sme,854160,2020,620,PRT,Portugal,f,2907.0,0.000009,44
semiconductors_and_sme,854160,2020,626,TLS,Timor-Leste,f,2744.0,0.000008,45
semiconductors_and_sme,854160,2021,392,JPN,Japan,f,88657915.0,0.255677,1
semiconductors_and_sme,854160,2021,156,CHN,China,f,59668175.0,0.172075,2
semiconductors_and_sme,854160,2021,490,TWN,Taiwan,f,45815744.0,0.132126,3
semiconductors_and_sme,854160,2021,410,KOR,Rep. of Korea,f,33084398.0,0.095411,4
semiconductors_and_sme,854160,2021,702,SGP,Singapore,f,27275274.0,0.078658,5
semiconductors_and_sme,854160,2021,458,MYS,Malaysia,f,17875616.0,0.051551,6
semiconductors_and_sme,854160,2021,276,DEU,Germany,f,17047780.0,0.049163,7
semiconductors_and_sme,854160,2021,764,THA,Thailand,f,13178391.0,0.038005,8
semiconductors_and_sme,854160,2021,554,NZL,New Zealand,f,9201410.0,0.026536,9
semiconductors_and_sme,854160,2021,757,CHE,Switzerland,f,8797334.0,0.025370,10
semiconductors_and_sme,854160,2021,360,IDN,Indonesia,f,4394549.0,0.012673,11
semiconductors_and_sme,854160,2021,40,AUT,Austria,f,3828145.0,0.011040,12
semiconductors_and_sme,854160,2021,826,GBR,United Kingdom,f,3769352.0,0.010870,13
semiconductors_and_sme,854160,2021,124,CAN,Canada,f,3326692.0,0.009594,14
semiconductors_and_sme,854160,2021,251,FRA,France,f,2665795.0,0.007688,15
semiconductors_and_sme,854160,2021,643,RUS,Russian Federation,f,1495687.0,0.004313,16
semiconductors_and_sme,854160,2021,608,PHL,Philippines,f,1005302.0,0.002899,17
semiconductors_and_sme,854160,2021,528,NLD,Netherlands,f,943349.0,0.002720,18
semiconductors_and_sme,854160,2021,699,IND,India,f,801985.0,0.002313,19
semiconductors_and_sme,854160,2021,704,VNM,Viet Nam,f,753796.0,0.002174,20
semiconductors_and_sme,854160,2021,376,ISR,Israel,f,640685.0,0.001848,21
semiconductors_and_sme,854160,2021,300,GRC,Greece,f,601056.0,0.001733,22
semiconductors_and_sme,854160,2021,380,ITA,Italy,f,394301.0,0.001137,23
semiconductors_and_sme,854160,2021,188,CRI,Costa Rica,f,195847.0,0.000565,24
semiconductors_and_sme,854160,2021,203,CZE,Czechia,f,170443.0,0.000492,25
semiconductors_and_sme,854160,2021,344,HKG,"China, Hong Kong SAR",f,166858.0,0.000481,26
semiconductors_and_sme,854160,2021,100,BGR,Bulgaria,f,132730.0,0.000383,27
semiconductors_and_sme,854160,2021,484,MEX,Mexico,f,129199.0,0.000373,28
semiconductors_and_sme,854160,2021,348,HUN,Hungary,f,124636.0,0.000359,29
semiconductors_and_sme,854160,2021,208,DNK,Denmark,f,115078.0,0.000332,30
semiconductors_and_sme,854160,2021,703,SVK,Slovakia,f,107834.0,0.000311,31
semiconductors_and_sme,854160,2021,752,SWE,Sweden,f,104261.0,0.000301,32
semiconductors_and_sme,854160,2021,76,BRA,Brazil,f,75801.0,0.000219,33
semiconductors_and_sme,854160,2021,56,BEL,Belgium,f,68889.0,0.000199,34
semiconductors_and_sme,854160,2021,616,POL,Poland,f,34115.0,0.000098,35
semiconductors_and_sme,854160,2021,372,IRL,Ireland,f,31833.0,0.000092,36
semiconductors_and_sme,854160,2021,120,CMR,Cameroon,f,20276.0,0.000058,37
semiconductors_and_sme,854160,2021,246,FIN,Finland,f,17901.0,0.000052,38
semiconductors_and_sme,854160,2021,36,AUS,Australia,f,13520.0,0.000039,39
semiconductors_and_sme,854160,2021,191,HRV,Croatia,f,6676.0,0.000019,40
semiconductors_and_sme,854160,2021,724,ESP,Spain,f,5697.0,0.000016,41
semiconductors_and_sme,854160,2021,440,LTU,Lithuania,f,3878.0,0.000011,42
semiconductors_and_sme,854160,2021,710,ZAF,South Africa,f,3352.0,0.000010,43
semiconductors_and_sme,854160,2021,170,COL,Colombia,f,3180.0,0.000009,44
semiconductors_and_sme,854160,2021,620,PRT,Portugal,f,3047.0,0.000009,45
semiconductors_and_sme,854160,2022,392,JPN,Japan,f,118989615.0,0.279703,1
semiconductors_and_sme,854160,2022,156,CHN,China,f,85485711.0,0.200947,2
semiconductors_and_sme,854160,2022,490,TWN,Taiwan,f,60603247.0,0.142457,3
semiconductors_and_sme,854160,2022,702,SGP,Singapore,f,31611399.0,0.074307,4
semiconductors_and_sme,854160,2022,410,KOR,Rep. of Korea,f,28048134.0,0.065931,5
semiconductors_and_sme,854160,2022,276,DEU,Germany,f,21409934.0,0.050327,6
semiconductors_and_sme,854160,2022,764,THA,Thailand,f,19841821.0,0.046641,7
semiconductors_and_sme,854160,2022,458,MYS,Malaysia,f,18051301.0,0.042432,8
semiconductors_and_sme,854160,2022,757,CHE,Switzerland,f,9359743.0,0.022001,9
semiconductors_and_sme,854160,2022,554,NZL,New Zealand,f,8294772.0,0.019498,10
semiconductors_and_sme,854160,2022,360,IDN,Indonesia,f,4494222.0,0.010564,11
semiconductors_and_sme,854160,2022,124,CAN,Canada,f,3401738.0,0.007996,12
semiconductors_and_sme,854160,2022,251,FRA,France,f,2523573.0,0.005932,13
semiconductors_and_sme,854160,2022,826,GBR,United Kingdom,f,2343176.0,0.005508,14
semiconductors_and_sme,854160,2022,704,VNM,Viet Nam,f,1694279.0,0.003983,15
semiconductors_and_sme,854160,2022,608,PHL,Philippines,f,1458906.0,0.003429,16
semiconductors_and_sme,854160,2022,699,IND,India,f,1230839.0,0.002893,17
semiconductors_and_sme,854160,2022,643,RUS,Russian Federation,f,1059346.0,0.002490,18
semiconductors_and_sme,854160,2022,40,AUT,Austria,f,812419.0,0.001910,19
semiconductors_and_sme,854160,2022,376,ISR,Israel,f,734393.0,0.001726,20
semiconductors_and_sme,854160,2022,188,CRI,Costa Rica,f,488920.0,0.001149,21
semiconductors_and_sme,854160,2022,300,GRC,Greece,f,433730.0,0.001020,22
semiconductors_and_sme,854160,2022,203,CZE,Czechia,f,378466.0,0.000890,23
semiconductors_and_sme,854160,2022,76,BRA,Brazil,f,283553.0,0.000667,24
semiconductors_and_sme,854160,2022,380,ITA,Italy,f,277879.0,0.000653,25
semiconductors_and_sme,854160,2022,528,NLD,Netherlands,f,235732.0,0.000554,26
semiconductors_and_sme,854160,2022,56,BEL,Belgium,f,220339.0,0.000518,27
semiconductors_and_sme,854160,2022,100,BGR,Bulgaria,f,199558.0,0.000469,28
semiconductors_and_sme,854160,2022,752,SWE,Sweden,f,195207.0,0.000459,29
semiconductors_and_sme,854160,2022,484,MEX,Mexico,f,170916.0,0.000402,30
semiconductors_and_sme,854160,2022,348,HUN,Hungary,f,141775.0,0.000333,31
semiconductors_and_sme,854160,2022,208,DNK,Denmark,f,132907.0,0.000312,32
semiconductors_and_sme,854160,2022,724,ESP,Spain,f,124812.0,0.000293,33
semiconductors_and_sme,854160,2022,616,POL,Poland,f,123331.0,0.000290,34
semiconductors_and_sme,854160,2022,703,SVK,Slovakia,f,117332.0,0.000276,35
semiconductors_and_sme,854160,2022,120,CMR,Cameroon,f,97069.0,0.000228,36
semiconductors_and_sme,854160,2022,344,HKG,"China, Hong Kong SAR",f,83555.0,0.000196,37
semiconductors_and_sme,854160,2022,372,IRL,Ireland,f,67397.0,0.000158,38
semiconductors_and_sme,854160,2022,540,NCL,New Caledonia,f,59376.0,0.000140,39
semiconductors_and_sme,854160,2022,428,LVA,Latvia,f,44436.0,0.000104,40
semiconductors_and_sme,854160,2022,36,AUS,Australia,f,25296.0,0.000059,41
semiconductors_and_sme,854160,2022,404,KEN,Kenya,f,22950.0,0.000054,42
semiconductors_and_sme,854160,2022,352,ISL,Iceland,f,14206.0,0.000033,43
semiconductors_and_sme,854160,2022,116,KHM,Cambodia,f,6375.0,0.000015,44
semiconductors_and_sme,854160,2022,504,MAR,Morocco,f,6070.0,0.000014,45
semiconductors_and_sme,854160,2022,659,KNA,Saint Kitts and Nevis,f,3642.0,0.000009,46
semiconductors_and_sme,854160,2022,792,TUR,Türkiye,f,3444.0,0.000008,47
semiconductors_and_sme,854160,2022,222,SLV,El Salvador,f,2668.0,0.000006,48
semiconductors_and_sme,854160,2022,642,ROU,Romania,f,2633.0,0.000006,49
semiconductors_and_sme,854160,2022,50,BGD,Bangladesh,f,2216.0,0.000005,50
semiconductors_and_sme,854160,2023,392,JPN,Japan,f,87988404.0,0.313632,1
semiconductors_and_sme,854160,2023,156,CHN,China,f,43458793.0,0.154907,2
semiconductors_and_sme,854160,2023,490,TWN,Taiwan,f,31311593.0,0.111609,3
semiconductors_and_sme,854160,2023,702,SGP,Singapore,f,20969481.0,0.074745,4
semiconductors_and_sme,854160,2023,276,DEU,Germany,f,17755980.0,0.063291,5
semiconductors_and_sme,854160,2023,458,MYS,Malaysia,f,15000359.0,0.053468,6
semiconductors_and_sme,854160,2023,410,KOR,Rep. of Korea,f,13267610.0,0.047292,7
semiconductors_and_sme,854160,2023,764,THA,Thailand,f,12663553.0,0.045139,8
semiconductors_and_sme,854160,2023,554,NZL,New Zealand,f,8771365.0,0.031265,9
semiconductors_and_sme,854160,2023,757,CHE,Switzerland,f,7468649.0,0.026622,10
semiconductors_and_sme,854160,2023,251,FRA,France,f,5096263.0,0.018165,11
semiconductors_and_sme,854160,2023,360,IDN,Indonesia,f,3920283.0,0.013974,12
semiconductors_and_sme,854160,2023,124,CAN,Canada,f,3384369.0,0.012063,13
semiconductors_and_sme,854160,2023,826,GBR,United Kingdom,f,3061869.0,0.010914,14
semiconductors_and_sme,854160,2023,188,CRI,Costa Rica,f,914535.0,0.003260,15
semiconductors_and_sme,854160,2023,699,IND,India,f,883567.0,0.003149,16
semiconductors_and_sme,854160,2023,376,ISR,Israel,f,877494.0,0.003128,17
semiconductors_and_sme,854160,2023,608,PHL,Philippines,f,597009.0,0.002128,18
semiconductors_and_sme,854160,2023,40,AUT,Austria,f,523852.0,0.001867,19
semiconductors_and_sme,854160,2023,344,HKG,"China, Hong Kong SAR",f,335187.0,0.001195,20
semiconductors_and_sme,854160,2023,300,GRC,Greece,f,324126.0,0.001155,21
semiconductors_and_sme,854160,2023,100,BGR,Bulgaria,f,289468.0,0.001032,22
semiconductors_and_sme,854160,2023,36,AUS,Australia,f,272452.0,0.000971,23
semiconductors_and_sme,854160,2023,484,MEX,Mexico,f,221725.0,0.000790,24
semiconductors_and_sme,854160,2023,380,ITA,Italy,f,206920.0,0.000738,25
semiconductors_and_sme,854160,2023,203,CZE,Czechia,f,179292.0,0.000639,26
semiconductors_and_sme,854160,2023,616,POL,Poland,f,158093.0,0.000564,27
semiconductors_and_sme,854160,2023,208,DNK,Denmark,f,112531.0,0.000401,28
semiconductors_and_sme,854160,2023,703,SVK,Slovakia,f,109554.0,0.000391,29
semiconductors_and_sme,854160,2023,704,VNM,Viet Nam,f,81190.0,0.000289,30
semiconductors_and_sme,854160,2023,372,IRL,Ireland,f,55380.0,0.000197,31
semiconductors_and_sme,854160,2023,752,SWE,Sweden,f,55179.0,0.000197,32
semiconductors_and_sme,854160,2023,643,RUS,Russian Federation,f,49150.0,0.000175,33
semiconductors_and_sme,854160,2023,428,LVA,Latvia,f,47336.0,0.000169,34
semiconductors_and_sme,854160,2023,724,ESP,Spain,f,37534.0,0.000134,35
semiconductors_and_sme,854160,2023,528,NLD,Netherlands,f,29542.0,0.000105,36
semiconductors_and_sme,854160,2023,348,HUN,Hungary,f,14028.0,0.000050,37
semiconductors_and_sme,854160,2023,76,BRA,Brazil,f,11348.0,0.000040,38
semiconductors_and_sme,854160,2023,818,EGY,Egypt,f,10731.0,0.000038,39
semiconductors_and_sme,854160,2023,246,FIN,Finland,f,10261.0,0.000037,40
semiconductors_and_sme,854160,2023,352,ISL,Iceland,f,6275.0,0.000022,41
semiconductors_and_sme,854160,2023,56,BEL,Belgium,f,4919.0,0.000018,42
semiconductors_and_sme,854160,2023,104,MMR,Myanmar,f,3908.0,0.000014,43
semiconductors_and_sme,854160,2023,705,SVN,Slovenia,f,3451.0,0.000012,44
semiconductors_and_sme,854160,2023,50,BGD,Bangladesh,f,2296.0,0.000008,45
semiconductors_and_sme,854160,2024,392,JPN,Japan,f,74843354.0,0.301248,1
semiconductors_and_sme,854160,2024,156,CHN,China,f,36581635.0,0.147243,2
semiconductors_and_sme,854160,2024,490,TWN,Taiwan,f,29670188.0,0.119424,3
semiconductors_and_sme,854160,2024,276,DEU,Germany,f,19399628.0,0.078084,4
semiconductors_and_sme,854160,2024,764,THA,Thailand,f,15651282.0,0.062997,5
semiconductors_and_sme,854160,2024,458,MYS,Malaysia,f,15329455.0,0.061702,6
semiconductors_and_sme,854160,2024,410,KOR,Rep. of Korea,f,9626655.0,0.038748,7
semiconductors_and_sme,854160,2024,554,NZL,New Zealand,f,9363155.0,0.037687,8
semiconductors_and_sme,854160,2024,702,SGP,Singapore,f,9086914.0,0.036575,9
semiconductors_and_sme,854160,2024,757,CHE,Switzerland,f,7860147.0,0.031637,10
semiconductors_and_sme,854160,2024,360,IDN,Indonesia,f,3744458.0,0.015072,11
semiconductors_and_sme,854160,2024,124,CAN,Canada,f,3643731.0,0.014666,12
semiconductors_and_sme,854160,2024,251,FRA,France,f,3592530.0,0.014460,13
semiconductors_and_sme,854160,2024,826,GBR,United Kingdom,f,2358690.0,0.009494,14
semiconductors_and_sme,854160,2024,188,CRI,Costa Rica,f,1515162.0,0.006099,15
semiconductors_and_sme,854160,2024,608,PHL,Philippines,f,829592.0,0.003339,16
semiconductors_and_sme,854160,2024,376,ISR,Israel,f,804339.0,0.003237,17
semiconductors_and_sme,854160,2024,699,IND,India,f,693054.0,0.002790,18
semiconductors_and_sme,854160,2024,40,AUT,Austria,f,599626.0,0.002414,19
semiconductors_and_sme,854160,2024,344,HKG,"China, Hong Kong SAR",f,580241.0,0.002335,20
semiconductors_and_sme,854160,2024,300,GRC,Greece,f,519280.0,0.002090,21
semiconductors_and_sme,854160,2024,100,BGR,Bulgaria,f,273582.0,0.001101,22
semiconductors_and_sme,854160,2024,616,POL,Poland,f,249683.0,0.001005,23
semiconductors_and_sme,854160,2024,203,CZE,Czechia,f,237662.0,0.000957,24
semiconductors_and_sme,854160,2024,380,ITA,Italy,f,217437.0,0.000875,25
semiconductors_and_sme,854160,2024,792,TUR,Türkiye,f,211715.0,0.000852,26
semiconductors_and_sme,854160,2024,484,MEX,Mexico,f,182184.0,0.000733,27
semiconductors_and_sme,854160,2024,208,DNK,Denmark,f,114115.0,0.000459,28
semiconductors_and_sme,854160,2024,56,BEL,Belgium,f,112052.0,0.000451,29
semiconductors_and_sme,854160,2024,724,ESP,Spain,f,105174.0,0.000423,30
semiconductors_and_sme,854160,2024,528,NLD,Netherlands,f,95732.0,0.000385,31
semiconductors_and_sme,854160,2024,372,IRL,Ireland,f,79456.0,0.000320,32
semiconductors_and_sme,854160,2024,705,SVN,Slovenia,f,56503.0,0.000227,33
semiconductors_and_sme,854160,2024,704,VNM,Viet Nam,f,52681.0,0.000212,34
semiconductors_and_sme,854160,2024,36,AUS,Australia,f,46587.0,0.000188,35
semiconductors_and_sme,854160,2024,804,UKR,Ukraine,f,37650.0,0.000152,36
semiconductors_and_sme,854160,2024,752,SWE,Sweden,f,25824.0,0.000104,37
semiconductors_and_sme,854160,2024,703,SVK,Slovakia,f,15393.0,0.000062,38
semiconductors_and_sme,854160,2024,76,BRA,Brazil,f,14960.0,0.000060,39
semiconductors_and_sme,854160,2024,246,FIN,Finland,f,7584.0,0.000031,40
semiconductors_and_sme,854160,2024,120,CMR,Cameroon,f,7114.0,0.000029,41
semiconductors_and_sme,854160,2024,710,ZAF,South Africa,f,3251.0,0.000013,42
semiconductors_and_sme,854160,2024,348,HUN,Hungary,f,2699.0,0.000011,43
semiconductors_and_sme,854160,2024,642,ROU,Romania,f,2406.0,0.000010,44
semiconductors_and_sme,854160,2025,392,JPN,Japan,f,167014677.0,0.484561,1
semiconductors_and_sme,854160,2025,156,CHN,China,f,56752700.0,0.164657,2
semiconductors_and_sme,854160,2025,490,TWN,Taiwan,f,30389698.0,0.088170,3
semiconductors_and_sme,854160,2025,764,THA,Thailand,f,16120413.0,0.046770,4
semiconductors_and_sme,854160,2025,276,DEU,Germany,f,15833519.0,0.045938,5
semiconductors_and_sme,854160,2025,757,CHE,Switzerland,f,10470362.0,0.030378,6
semiconductors_and_sme,854160,2025,458,MYS,Malaysia,f,8533990.0,0.024760,7
semiconductors_and_sme,854160,2025,410,KOR,Rep. of Korea,f,7215877.0,0.020935,8
semiconductors_and_sme,854160,2025,554,NZL,New Zealand,f,6543075.0,0.018983,9
semiconductors_and_sme,854160,2025,124,CAN,Canada,f,5343174.0,0.015502,10
semiconductors_and_sme,854160,2025,826,GBR,United Kingdom,f,4586378.0,0.013306,11
semiconductors_and_sme,854160,2025,702,SGP,Singapore,f,3563282.0,0.010338,12
semiconductors_and_sme,854160,2025,360,IDN,Indonesia,f,2964797.0,0.008602,13
semiconductors_and_sme,854160,2025,251,FRA,France,f,2180889.0,0.006327,14
semiconductors_and_sme,854160,2025,188,CRI,Costa Rica,f,1557441.0,0.004519,15
semiconductors_and_sme,854160,2025,376,ISR,Israel,f,808353.0,0.002345,16
semiconductors_and_sme,854160,2025,608,PHL,Philippines,f,791180.0,0.002295,17
semiconductors_and_sme,854160,2025,40,AUT,Austria,f,673278.0,0.001953,18
semiconductors_and_sme,854160,2025,704,VNM,Viet Nam,f,419350.0,0.001217,19
semiconductors_and_sme,854160,2025,300,GRC,Greece,f,405924.0,0.001178,20
semiconductors_and_sme,854160,2025,699,IND,India,f,404112.0,0.001172,21
semiconductors_and_sme,854160,2025,208,DNK,Denmark,f,396868.0,0.001151,22
semiconductors_and_sme,854160,2025,344,HKG,"China, Hong Kong SAR",f,303489.0,0.000881,23
semiconductors_and_sme,854160,2025,100,BGR,Bulgaria,f,298092.0,0.000865,24
semiconductors_and_sme,854160,2025,380,ITA,Italy,f,189914.0,0.000551,25
semiconductors_and_sme,854160,2025,203,CZE,Czechia,f,188780.0,0.000548,26
semiconductors_and_sme,854160,2025,56,BEL,Belgium,f,174119.0,0.000505,27
semiconductors_and_sme,854160,2025,616,POL,Poland,f,107834.0,0.000313,28
semiconductors_and_sme,854160,2025,528,NLD,Netherlands,f,93242.0,0.000271,29
semiconductors_and_sme,854160,2025,36,AUS,Australia,f,91771.0,0.000266,30
semiconductors_and_sme,854160,2025,752,SWE,Sweden,f,86887.0,0.000252,31
semiconductors_and_sme,854160,2025,484,MEX,Mexico,f,53741.0,0.000156,32
semiconductors_and_sme,854160,2025,191,HRV,Croatia,f,41101.0,0.000119,33
semiconductors_and_sme,854160,2025,372,IRL,Ireland,f,13443.0,0.000039,34
semiconductors_and_sme,854160,2025,579,NOR,Norway,f,10379.0,0.000030,35
semiconductors_and_sme,854160,2025,524,NPL,Nepal,f,8665.0,0.000025,36
semiconductors_and_sme,854160,2025,784,ARE,United Arab Emirates,f,6410.0,0.000019,37
semiconductors_and_sme,854160,2025,703,SVK,Slovakia,f,6159.0,0.000018,38
semiconductors_and_sme,854160,2025,20,AND,Andorra,f,4917.0,0.000014,39
semiconductors_and_sme,854160,2025,516,NAM,Namibia,f,4815.0,0.000014,40
semiconductors_and_sme,854160,2025,50,BGD,Bangladesh,f,4305.0,0.000012,41
semiconductors_and_sme,854160,2025,512,OMN,Oman,f,3306.0,0.000010,42
semiconductors_and_sme,854160,2025,804,UKR,Ukraine,f,2395.0,0.000007,43
semiconductors_and_sme,854160,2025,724,ESP,Spain,f,2390.0,0.000007,44
semiconductors_and_sme,854160,2025,104,MMR,Myanmar,f,2248.0,0.000007,45
semiconductors_and_sme,854160,2025,222,SLV,El Salvador,f,2211.0,0.000006,46
semiconductors_and_sme,854160,2025,76,BRA,Brazil,f,2103.0,0.000006,47
semiconductors_and_sme,854190,2018,392,JPN,Japan,f,47446140.0,0.205506,1
semiconductors_and_sme,854190,2018,156,CHN,China,f,29137061.0,0.126203,2
semiconductors_and_sme,854190,2018,484,MEX,Mexico,f,26993420.0,0.116918,3
semiconductors_and_sme,854190,2018,826,GBR,United Kingdom,f,25239447.0,0.109321,4
semiconductors_and_sme,854190,2018,458,MYS,Malaysia,f,24012728.0,0.104007,5
semiconductors_and_sme,854190,2018,490,TWN,Taiwan,f,19791536.0,0.085724,6
semiconductors_and_sme,854190,2018,276,DEU,Germany,f,15733756.0,0.068148,7
semiconductors_and_sme,854190,2018,704,VNM,Viet Nam,f,8684275.0,0.037615,8
semiconductors_and_sme,854190,2018,56,BEL,Belgium,f,6204308.0,0.026873,9
semiconductors_and_sme,854190,2018,410,KOR,Rep. of Korea,f,4314377.0,0.018687,10
semiconductors_and_sme,854190,2018,702,SGP,Singapore,f,3655528.0,0.015833,11
semiconductors_and_sme,854190,2018,251,FRA,France,f,2960809.0,0.012824,12
semiconductors_and_sme,854190,2018,764,THA,Thailand,f,2883384.0,0.012489,13
semiconductors_and_sme,854190,2018,752,SWE,Sweden,f,2874378.0,0.012450,14
semiconductors_and_sme,854190,2018,208,DNK,Denmark,f,2171378.0,0.009405,15
semiconductors_and_sme,854190,2018,124,CAN,Canada,f,1297150.0,0.005618,16
semiconductors_and_sme,854190,2018,380,ITA,Italy,f,1087379.0,0.004710,17
semiconductors_and_sme,854190,2018,608,PHL,Philippines,f,1025561.0,0.004442,18
semiconductors_and_sme,854190,2018,643,RUS,Russian Federation,f,974399.0,0.004220,19
semiconductors_and_sme,854190,2018,360,IDN,Indonesia,f,684418.0,0.002964,20
semiconductors_and_sme,854190,2018,757,CHE,Switzerland,f,611026.0,0.002647,21
semiconductors_and_sme,854190,2018,40,AUT,Austria,f,492757.0,0.002134,22
semiconductors_and_sme,854190,2018,36,AUS,Australia,f,432513.0,0.001873,23
semiconductors_and_sme,854190,2018,372,IRL,Ireland,f,400516.0,0.001735,24
semiconductors_and_sme,854190,2018,699,IND,India,f,364984.0,0.001581,25
semiconductors_and_sme,854190,2018,616,POL,Poland,f,309124.0,0.001339,26
semiconductors_and_sme,854190,2018,344,HKG,"China, Hong Kong SAR",f,217581.0,0.000942,27
semiconductors_and_sme,854190,2018,528,NLD,Netherlands,f,214200.0,0.000928,28
semiconductors_and_sme,854190,2018,376,ISR,Israel,f,150615.0,0.000652,29
semiconductors_and_sme,854190,2018,724,ESP,Spain,f,148746.0,0.000644,30
semiconductors_and_sme,854190,2018,203,CZE,Czechia,f,59002.0,0.000256,31
semiconductors_and_sme,854190,2018,504,MAR,Morocco,f,55190.0,0.000239,32
semiconductors_and_sme,854190,2018,246,FIN,Finland,f,53692.0,0.000233,33
semiconductors_and_sme,854190,2018,188,CRI,Costa Rica,f,49346.0,0.000214,34
semiconductors_and_sme,854190,2018,792,TUR,Türkiye,f,35928.0,0.000156,35
semiconductors_and_sme,854190,2018,470,MLT,Malta,f,23970.0,0.000104,36
semiconductors_and_sme,854190,2018,804,UKR,Ukraine,f,18592.0,0.000081,37
semiconductors_and_sme,854190,2018,620,PRT,Portugal,f,13271.0,0.000057,38
semiconductors_and_sme,854190,2018,100,BGR,Bulgaria,f,11540.0,0.000050,39
semiconductors_and_sme,854190,2018,233,EST,Estonia,f,11420.0,0.000049,40
semiconductors_and_sme,854190,2018,348,HUN,Hungary,f,6568.0,0.000028,41
semiconductors_and_sme,854190,2018,60,BMU,Bermuda,f,6447.0,0.000028,42
semiconductors_and_sme,854190,2018,642,ROU,Romania,f,5171.0,0.000022,43
semiconductors_and_sme,854190,2018,690,SYC,Seychelles,f,3800.0,0.000016,44
semiconductors_and_sme,854190,2018,703,SVK,Slovakia,f,2951.0,0.000013,45
semiconductors_and_sme,854190,2018,214,DOM,Dominican Rep.,f,2541.0,0.000011,46
semiconductors_and_sme,854190,2018,440,LTU,Lithuania,f,2325.0,0.000010,47
semiconductors_and_sme,854190,2019,156,CHN,China,f,52834444.0,0.185135,1
semiconductors_and_sme,854190,2019,392,JPN,Japan,f,46518746.0,0.163005,2
semiconductors_and_sme,854190,2019,458,MYS,Malaysia,f,43406491.0,0.152099,3
semiconductors_and_sme,854190,2019,410,KOR,Rep. of Korea,f,21836883.0,0.076518,4
semiconductors_and_sme,854190,2019,484,MEX,Mexico,f,18939426.0,0.066365,5
semiconductors_and_sme,854190,2019,826,GBR,United Kingdom,f,18046215.0,0.063235,6
semiconductors_and_sme,854190,2019,704,VNM,Viet Nam,f,16304780.0,0.057133,7
semiconductors_and_sme,854190,2019,276,DEU,Germany,f,15477176.0,0.054233,8
semiconductors_and_sme,854190,2019,490,TWN,Taiwan,f,15004617.0,0.052577,9
semiconductors_and_sme,854190,2019,56,BEL,Belgium,f,9353907.0,0.032777,10
semiconductors_and_sme,854190,2019,764,THA,Thailand,f,8301834.0,0.029090,11
semiconductors_and_sme,854190,2019,702,SGP,Singapore,f,3628503.0,0.012715,12
semiconductors_and_sme,854190,2019,752,SWE,Sweden,f,2314966.0,0.008112,13
semiconductors_and_sme,854190,2019,124,CAN,Canada,f,1947396.0,0.006824,14
semiconductors_and_sme,854190,2019,251,FRA,France,f,1846885.0,0.006472,15
semiconductors_and_sme,854190,2019,208,DNK,Denmark,f,1788788.0,0.006268,16
semiconductors_and_sme,854190,2019,380,ITA,Italy,f,1557443.0,0.005457,17
semiconductors_and_sme,854190,2019,360,IDN,Indonesia,f,1139668.0,0.003993,18
semiconductors_and_sme,854190,2019,40,AUT,Austria,f,638232.0,0.002236,19
semiconductors_and_sme,854190,2019,757,CHE,Switzerland,f,629764.0,0.002207,20
semiconductors_and_sme,854190,2019,643,RUS,Russian Federation,f,575623.0,0.002017,21
semiconductors_and_sme,854190,2019,608,PHL,Philippines,f,545319.0,0.001911,22
semiconductors_and_sme,854190,2019,376,ISR,Israel,f,463466.0,0.001624,23
semiconductors_and_sme,854190,2019,699,IND,India,f,378321.0,0.001326,24
semiconductors_and_sme,854190,2019,792,TUR,Türkiye,f,352169.0,0.001234,25
semiconductors_and_sme,854190,2019,36,AUS,Australia,f,319440.0,0.001119,26
semiconductors_and_sme,854190,2019,528,NLD,Netherlands,f,236001.0,0.000827,27
semiconductors_and_sme,854190,2019,616,POL,Poland,f,210889.0,0.000739,28
semiconductors_and_sme,854190,2019,372,IRL,Ireland,f,144667.0,0.000507,29
semiconductors_and_sme,854190,2019,724,ESP,Spain,f,140813.0,0.000493,30
semiconductors_and_sme,854190,2019,344,HKG,"China, Hong Kong SAR",f,83830.0,0.000294,31
semiconductors_and_sme,854190,2019,579,NOR,Norway,f,58445.0,0.000205,32
semiconductors_and_sme,854190,2019,642,ROU,Romania,f,49878.0,0.000175,33
semiconductors_and_sme,854190,2019,504,MAR,Morocco,f,44954.0,0.000158,34
semiconductors_and_sme,854190,2019,188,CRI,Costa Rica,f,42413.0,0.000149,35
semiconductors_and_sme,854190,2019,246,FIN,Finland,f,37553.0,0.000132,36
semiconductors_and_sme,854190,2019,100,BGR,Bulgaria,f,32465.0,0.000114,37
semiconductors_and_sme,854190,2019,804,UKR,Ukraine,f,25695.0,0.000090,38
semiconductors_and_sme,854190,2019,654,SHN,Saint Helena,f,19050.0,0.000067,39
semiconductors_and_sme,854190,2019,120,CMR,Cameroon,f,17450.0,0.000061,40
semiconductors_and_sme,854190,2019,710,ZAF,South Africa,f,16736.0,0.000059,41
semiconductors_and_sme,854190,2019,76,BRA,Brazil,f,16364.0,0.000057,42
semiconductors_and_sme,854190,2019,688,SRB,Serbia,f,14000.0,0.000049,43
semiconductors_and_sme,854190,2019,203,CZE,Czechia,f,10803.0,0.000038,44
semiconductors_and_sme,854190,2019,784,ARE,United Arab Emirates,f,7889.0,0.000028,45
semiconductors_and_sme,854190,2019,300,GRC,Greece,f,6383.0,0.000022,46
semiconductors_and_sme,854190,2019,233,EST,Estonia,f,5594.0,0.000020,47
semiconductors_and_sme,854190,2019,703,SVK,Slovakia,f,4436.0,0.000016,48
semiconductors_and_sme,854190,2019,348,HUN,Hungary,f,3351.0,0.000012,49
semiconductors_and_sme,854190,2019,68,BOL,Bolivia (Plurinational State of),f,2721.0,0.000010,50
semiconductors_and_sme,854190,2020,458,MYS,Malaysia,f,64518141.0,0.202316,1
semiconductors_and_sme,854190,2020,156,CHN,China,f,51156998.0,0.160418,2
semiconductors_and_sme,854190,2020,392,JPN,Japan,f,43590579.0,0.136691,3
semiconductors_and_sme,854190,2020,704,VNM,Viet Nam,f,33916837.0,0.106356,4
semiconductors_and_sme,854190,2020,410,KOR,Rep. of Korea,f,25222466.0,0.079093,5
semiconductors_and_sme,854190,2020,484,MEX,Mexico,f,25133616.0,0.078814,6
semiconductors_and_sme,854190,2020,490,TWN,Taiwan,f,21276414.0,0.066719,7
semiconductors_and_sme,854190,2020,826,GBR,United Kingdom,f,10956190.0,0.034356,8
semiconductors_and_sme,854190,2020,276,DEU,Germany,f,8717163.0,0.027335,9
semiconductors_and_sme,854190,2020,56,BEL,Belgium,f,8079105.0,0.025334,10
semiconductors_and_sme,854190,2020,208,DNK,Denmark,f,6893090.0,0.021615,11
semiconductors_and_sme,854190,2020,752,SWE,Sweden,f,3803227.0,0.011926,12
semiconductors_and_sme,854190,2020,380,ITA,Italy,f,2917536.0,0.009149,13
semiconductors_and_sme,854190,2020,702,SGP,Singapore,f,2069806.0,0.006491,14
semiconductors_and_sme,854190,2020,251,FRA,France,f,2034923.0,0.006381,15
semiconductors_and_sme,854190,2020,124,CAN,Canada,f,1924705.0,0.006035,16
semiconductors_and_sme,854190,2020,764,THA,Thailand,f,1209491.0,0.003793,17
semiconductors_and_sme,854190,2020,40,AUT,Austria,f,834399.0,0.002617,18
semiconductors_and_sme,854190,2020,757,CHE,Switzerland,f,746362.0,0.002340,19
semiconductors_and_sme,854190,2020,360,IDN,Indonesia,f,721949.0,0.002264,20
semiconductors_and_sme,854190,2020,643,RUS,Russian Federation,f,559499.0,0.001754,21
semiconductors_and_sme,854190,2020,616,POL,Poland,f,461505.0,0.001447,22
semiconductors_and_sme,854190,2020,376,ISR,Israel,f,379957.0,0.001191,23
semiconductors_and_sme,854190,2020,528,NLD,Netherlands,f,322462.0,0.001011,24
semiconductors_and_sme,854190,2020,608,PHL,Philippines,f,306226.0,0.000960,25
semiconductors_and_sme,854190,2020,36,AUS,Australia,f,219628.0,0.000689,26
semiconductors_and_sme,854190,2020,699,IND,India,f,190590.0,0.000598,27
semiconductors_and_sme,854190,2020,344,HKG,"China, Hong Kong SAR",f,147177.0,0.000462,28
semiconductors_and_sme,854190,2020,100,BGR,Bulgaria,f,117595.0,0.000369,29
semiconductors_and_sme,854190,2020,372,IRL,Ireland,f,112463.0,0.000353,30
semiconductors_and_sme,854190,2020,504,MAR,Morocco,f,54470.0,0.000171,31
semiconductors_and_sme,854190,2020,792,TUR,Türkiye,f,48774.0,0.000153,32
semiconductors_and_sme,854190,2020,203,CZE,Czechia,f,33776.0,0.000106,33
semiconductors_and_sme,854190,2020,188,CRI,Costa Rica,f,32627.0,0.000102,34
semiconductors_and_sme,854190,2020,300,GRC,Greece,f,28554.0,0.000090,35
semiconductors_and_sme,854190,2020,348,HUN,Hungary,f,25965.0,0.000081,36
semiconductors_and_sme,854190,2020,804,UKR,Ukraine,f,25695.0,0.000081,37
semiconductors_and_sme,854190,2020,703,SVK,Slovakia,f,24487.0,0.000077,38
semiconductors_and_sme,854190,2020,724,ESP,Spain,f,21308.0,0.000067,39
semiconductors_and_sme,854190,2020,76,BRA,Brazil,f,21131.0,0.000066,40
semiconductors_and_sme,854190,2020,32,ARG,Argentina,f,12781.0,0.000040,41
semiconductors_and_sme,854190,2020,214,DOM,Dominican Rep.,f,10144.0,0.000032,42
semiconductors_and_sme,854190,2020,642,ROU,Romania,f,8116.0,0.000025,43
semiconductors_and_sme,854190,2020,620,PRT,Portugal,f,3694.0,0.000012,44
semiconductors_and_sme,854190,2020,233,EST,Estonia,f,3165.0,0.000010,45
semiconductors_and_sme,854190,2020,579,NOR,Norway,f,2981.0,0.000009,46
semiconductors_and_sme,854190,2021,458,MYS,Malaysia,f,84718984.0,0.213713,1
semiconductors_and_sme,854190,2021,392,JPN,Japan,f,60103639.0,0.151618,2
semiconductors_and_sme,854190,2021,704,VNM,Viet Nam,f,55436674.0,0.139845,3
semiconductors_and_sme,854190,2021,156,CHN,China,f,54317248.0,0.137021,4
semiconductors_and_sme,854190,2021,484,MEX,Mexico,f,40487179.0,0.102133,5
semiconductors_and_sme,854190,2021,490,TWN,Taiwan,f,33347260.0,0.084122,6
semiconductors_and_sme,854190,2021,410,KOR,Rep. of Korea,f,14568624.0,0.036751,7
semiconductors_and_sme,854190,2021,276,DEU,Germany,f,11532171.0,0.029091,8
semiconductors_and_sme,854190,2021,56,BEL,Belgium,f,10452676.0,0.026368,9
semiconductors_and_sme,854190,2021,208,DNK,Denmark,f,8165231.0,0.020598,10
semiconductors_and_sme,854190,2021,251,FRA,France,f,3680722.0,0.009285,11
semiconductors_and_sme,854190,2021,752,SWE,Sweden,f,3255727.0,0.008213,12
semiconductors_and_sme,854190,2021,826,GBR,United Kingdom,f,3197438.0,0.008066,13
semiconductors_and_sme,854190,2021,380,ITA,Italy,f,2110339.0,0.005324,14
semiconductors_and_sme,854190,2021,360,IDN,Indonesia,f,2077964.0,0.005242,15
semiconductors_and_sme,854190,2021,702,SGP,Singapore,f,1785756.0,0.004505,16
semiconductors_and_sme,854190,2021,608,PHL,Philippines,f,1612662.0,0.004068,17
semiconductors_and_sme,854190,2021,124,CAN,Canada,f,1327111.0,0.003348,18
semiconductors_and_sme,854190,2021,40,AUT,Austria,f,738681.0,0.001863,19
semiconductors_and_sme,854190,2021,764,THA,Thailand,f,554264.0,0.001398,20
semiconductors_and_sme,854190,2021,643,RUS,Russian Federation,f,471502.0,0.001189,21
semiconductors_and_sme,854190,2021,699,IND,India,f,372447.0,0.000940,22
semiconductors_and_sme,854190,2021,792,TUR,Türkiye,f,300292.0,0.000758,23
semiconductors_and_sme,854190,2021,376,ISR,Israel,f,268596.0,0.000678,24
semiconductors_and_sme,854190,2021,528,NLD,Netherlands,f,263536.0,0.000665,25
semiconductors_and_sme,854190,2021,757,CHE,Switzerland,f,201967.0,0.000509,26
semiconductors_and_sme,854190,2021,36,AUS,Australia,f,158805.0,0.000401,27
semiconductors_and_sme,854190,2021,616,POL,Poland,f,137817.0,0.000348,28
semiconductors_and_sme,854190,2021,724,ESP,Spain,f,119868.0,0.000302,29
semiconductors_and_sme,854190,2021,372,IRL,Ireland,f,93312.0,0.000235,30
semiconductors_and_sme,854190,2021,188,CRI,Costa Rica,f,85154.0,0.000215,31
semiconductors_and_sme,854190,2021,203,CZE,Czechia,f,74276.0,0.000187,32
semiconductors_and_sme,854190,2021,50,BGD,Bangladesh,f,71587.0,0.000181,33
semiconductors_and_sme,854190,2021,344,HKG,"China, Hong Kong SAR",f,71303.0,0.000180,34
semiconductors_and_sme,854190,2021,642,ROU,Romania,f,58797.0,0.000148,35
semiconductors_and_sme,854190,2021,76,BRA,Brazil,f,31444.0,0.000079,36
semiconductors_and_sme,854190,2021,246,FIN,Finland,f,31094.0,0.000078,37
semiconductors_and_sme,854190,2021,348,HUN,Hungary,f,28315.0,0.000071,38
semiconductors_and_sme,854190,2021,233,EST,Estonia,f,22727.0,0.000057,39
semiconductors_and_sme,854190,2021,100,BGR,Bulgaria,f,15335.0,0.000039,40
semiconductors_and_sme,854190,2021,32,ARG,Argentina,f,14125.0,0.000036,41
semiconductors_and_sme,854190,2021,504,MAR,Morocco,f,13884.0,0.000035,42
semiconductors_and_sme,854190,2021,218,ECU,Ecuador,f,8827.0,0.000022,43
semiconductors_and_sme,854190,2021,579,NOR,Norway,f,7150.0,0.000018,44
semiconductors_and_sme,854190,2021,440,LTU,Lithuania,f,5171.0,0.000013,45
semiconductors_and_sme,854190,2021,554,NZL,New Zealand,f,4506.0,0.000011,46
semiconductors_and_sme,854190,2021,784,ARE,United Arab Emirates,f,4190.0,0.000011,47
semiconductors_and_sme,854190,2021,818,EGY,Egypt,f,3252.0,0.000008,48
semiconductors_and_sme,854190,2021,214,DOM,Dominican Rep.,f,3225.0,0.000008,49
semiconductors_and_sme,854190,2021,703,SVK,Slovakia,f,2278.0,0.000006,50
semiconductors_and_sme,854190,2022,458,MYS,Malaysia,f,135491090.0,0.262678,1
semiconductors_and_sme,854190,2022,704,VNM,Viet Nam,f,85388497.0,0.165544,2
semiconductors_and_sme,854190,2022,490,TWN,Taiwan,f,57417521.0,0.111316,3
semiconductors_and_sme,854190,2022,392,JPN,Japan,f,55375264.0,0.107357,4
semiconductors_and_sme,854190,2022,484,MEX,Mexico,f,51653919.0,0.100142,5
semiconductors_and_sme,854190,2022,156,CHN,China,f,44020065.0,0.085342,6
semiconductors_and_sme,854190,2022,410,KOR,Rep. of Korea,f,17030855.0,0.033018,7
semiconductors_and_sme,854190,2022,56,BEL,Belgium,f,13235932.0,0.025661,8
semiconductors_and_sme,854190,2022,276,DEU,Germany,f,13010714.0,0.025224,9
semiconductors_and_sme,854190,2022,208,DNK,Denmark,f,8457264.0,0.016396,10
semiconductors_and_sme,854190,2022,251,FRA,France,f,5595809.0,0.010849,11
semiconductors_and_sme,854190,2022,826,GBR,United Kingdom,f,4022519.0,0.007799,12
semiconductors_and_sme,854190,2022,380,ITA,Italy,f,3619556.0,0.007017,13
semiconductors_and_sme,854190,2022,702,SGP,Singapore,f,2619180.0,0.005078,14
semiconductors_and_sme,854190,2022,699,IND,India,f,2418427.0,0.004689,15
semiconductors_and_sme,854190,2022,124,CAN,Canada,f,2067372.0,0.004008,16
semiconductors_and_sme,854190,2022,764,THA,Thailand,f,1732854.0,0.003360,17
semiconductors_and_sme,854190,2022,608,PHL,Philippines,f,1705555.0,0.003307,18
semiconductors_and_sme,854190,2022,360,IDN,Indonesia,f,1610645.0,0.003123,19
semiconductors_and_sme,854190,2022,616,POL,Poland,f,1486063.0,0.002881,20
semiconductors_and_sme,854190,2022,36,AUS,Australia,f,1474099.0,0.002858,21
semiconductors_and_sme,854190,2022,752,SWE,Sweden,f,1446819.0,0.002805,22
semiconductors_and_sme,854190,2022,528,NLD,Netherlands,f,1419836.0,0.002753,23
semiconductors_and_sme,854190,2022,40,AUT,Austria,f,603174.0,0.001169,24
semiconductors_and_sme,854190,2022,376,ISR,Israel,f,527844.0,0.001023,25
semiconductors_and_sme,854190,2022,792,TUR,Türkiye,f,301119.0,0.000584,26
semiconductors_and_sme,854190,2022,724,ESP,Spain,f,250595.0,0.000486,27
semiconductors_and_sme,854190,2022,643,RUS,Russian Federation,f,209886.0,0.000407,28
semiconductors_and_sme,854190,2022,372,IRL,Ireland,f,178389.0,0.000346,29
semiconductors_and_sme,854190,2022,112,BLR,Belarus,f,178327.0,0.000346,30
semiconductors_and_sme,854190,2022,579,NOR,Norway,f,176979.0,0.000343,31
semiconductors_and_sme,854190,2022,757,CHE,Switzerland,f,161761.0,0.000314,32
semiconductors_and_sme,854190,2022,344,HKG,"China, Hong Kong SAR",f,150648.0,0.000292,33
semiconductors_and_sme,854190,2022,246,FIN,Finland,f,131262.0,0.000254,34
semiconductors_and_sme,854190,2022,76,BRA,Brazil,f,86417.0,0.000168,35
semiconductors_and_sme,854190,2022,348,HUN,Hungary,f,70275.0,0.000136,36
semiconductors_and_sme,854190,2022,203,CZE,Czechia,f,61178.0,0.000119,37
semiconductors_and_sme,854190,2022,703,SVK,Slovakia,f,60682.0,0.000118,38
semiconductors_and_sme,854190,2022,188,CRI,Costa Rica,f,42047.0,0.000082,39
semiconductors_and_sme,854190,2022,504,MAR,Morocco,f,37347.0,0.000072,40
semiconductors_and_sme,854190,2022,152,CHL,Chile,f,31248.0,0.000061,41
semiconductors_and_sme,854190,2022,470,MLT,Malta,f,28839.0,0.000056,42
semiconductors_and_sme,854190,2022,804,UKR,Ukraine,f,25500.0,0.000049,43
semiconductors_and_sme,854190,2022,554,NZL,New Zealand,f,22622.0,0.000044,44
semiconductors_and_sme,854190,2022,233,EST,Estonia,f,21944.0,0.000043,45
semiconductors_and_sme,854190,2022,710,ZAF,South Africa,f,20961.0,0.000041,46
semiconductors_and_sme,854190,2022,642,ROU,Romania,f,13337.0,0.000026,47
semiconductors_and_sme,854190,2022,32,ARG,Argentina,f,12434.0,0.000024,48
semiconductors_and_sme,854190,2022,222,SLV,El Salvador,f,12191.0,0.000024,49
semiconductors_and_sme,854190,2022,191,HRV,Croatia,f,12041.0,0.000023,50
semiconductors_and_sme,854190,2022,214,DOM,Dominican Rep.,f,11303.0,0.000022,51
semiconductors_and_sme,854190,2022,104,MMR,Myanmar,f,10525.0,0.000020,52
semiconductors_and_sme,854190,2022,428,LVA,Latvia,f,9728.0,0.000019,53
semiconductors_and_sme,854190,2022,604,PER,Peru,f,7501.0,0.000015,54
semiconductors_and_sme,854190,2022,100,BGR,Bulgaria,f,6354.0,0.000012,55
semiconductors_and_sme,854190,2022,352,ISL,Iceland,f,5708.0,0.000011,56
semiconductors_and_sme,854190,2022,688,SRB,Serbia,f,5526.0,0.000011,57
semiconductors_and_sme,854190,2022,170,COL,Colombia,f,4495.0,0.000009,58
semiconductors_and_sme,854190,2022,705,SVN,Slovenia,f,4310.0,0.000008,59
semiconductors_and_sme,854190,2022,48,BHR,Bahrain,f,4055.0,0.000008,60
semiconductors_and_sme,854190,2022,788,TUN,Tunisia,f,3717.0,0.000007,61
semiconductors_and_sme,854190,2022,440,LTU,Lithuania,f,2245.0,0.000004,62
semiconductors_and_sme,854190,2022,748,SWZ,Eswatini,f,2147.0,0.000004,63
semiconductors_and_sme,854190,2023,458,MYS,Malaysia,f,105601296.0,0.246138,1
semiconductors_and_sme,854190,2023,484,MEX,Mexico,f,73116838.0,0.170423,2
semiconductors_and_sme,854190,2023,704,VNM,Viet Nam,f,67575821.0,0.157508,3
semiconductors_and_sme,854190,2023,392,JPN,Japan,f,53504894.0,0.124711,4
semiconductors_and_sme,854190,2023,490,TWN,Taiwan,f,29936785.0,0.069777,5
semiconductors_and_sme,854190,2023,156,CHN,China,f,20067017.0,0.046773,6
semiconductors_and_sme,854190,2023,410,KOR,Rep. of Korea,f,15380236.0,0.035849,7
semiconductors_and_sme,854190,2023,276,DEU,Germany,f,13535893.0,0.031550,8
semiconductors_and_sme,854190,2023,208,DNK,Denmark,f,11827428.0,0.027568,9
semiconductors_and_sme,854190,2023,56,BEL,Belgium,f,11305061.0,0.026350,10
semiconductors_and_sme,854190,2023,251,FRA,France,f,4033826.0,0.009402,11
semiconductors_and_sme,854190,2023,826,GBR,United Kingdom,f,3775903.0,0.008801,12
semiconductors_and_sme,854190,2023,360,IDN,Indonesia,f,3224630.0,0.007516,13
semiconductors_and_sme,854190,2023,702,SGP,Singapore,f,2272023.0,0.005296,14
semiconductors_and_sme,854190,2023,380,ITA,Italy,f,1872192.0,0.004364,15
semiconductors_and_sme,854190,2023,124,CAN,Canada,f,1785126.0,0.004161,16
semiconductors_and_sme,854190,2023,764,THA,Thailand,f,1347371.0,0.003140,17
semiconductors_and_sme,854190,2023,608,PHL,Philippines,f,1285838.0,0.002997,18
semiconductors_and_sme,854190,2023,40,AUT,Austria,f,1253598.0,0.002922,19
semiconductors_and_sme,854190,2023,752,SWE,Sweden,f,1232728.0,0.002873,20
semiconductors_and_sme,854190,2023,699,IND,India,f,1193042.0,0.002781,21
semiconductors_and_sme,854190,2023,616,POL,Poland,f,1030984.0,0.002403,22
semiconductors_and_sme,854190,2023,100,BGR,Bulgaria,f,686385.0,0.001600,23
semiconductors_and_sme,854190,2023,528,NLD,Netherlands,f,553025.0,0.001289,24
semiconductors_and_sme,854190,2023,757,CHE,Switzerland,f,423629.0,0.000987,25
semiconductors_and_sme,854190,2023,724,ESP,Spain,f,241817.0,0.000564,26
semiconductors_and_sme,854190,2023,376,ISR,Israel,f,222103.0,0.000518,27
semiconductors_and_sme,854190,2023,372,IRL,Ireland,f,114359.0,0.000267,28
semiconductors_and_sme,854190,2023,792,TUR,Türkiye,f,108845.0,0.000254,29
semiconductors_and_sme,854190,2023,246,FIN,Finland,f,90450.0,0.000211,30
semiconductors_and_sme,854190,2023,36,AUS,Australia,f,73363.0,0.000171,31
semiconductors_and_sme,854190,2023,344,HKG,"China, Hong Kong SAR",f,65151.0,0.000152,32
semiconductors_and_sme,854190,2023,76,BRA,Brazil,f,52132.0,0.000122,33
semiconductors_and_sme,854190,2023,703,SVK,Slovakia,f,49257.0,0.000115,34
semiconductors_and_sme,854190,2023,440,LTU,Lithuania,f,39940.0,0.000093,35
semiconductors_and_sme,854190,2023,504,MAR,Morocco,f,29043.0,0.000068,36
semiconductors_and_sme,854190,2023,233,EST,Estonia,f,28490.0,0.000066,37
semiconductors_and_sme,854190,2023,579,NOR,Norway,f,26752.0,0.000062,38
semiconductors_and_sme,854190,2023,214,DOM,Dominican Rep.,f,22377.0,0.000052,39
semiconductors_and_sme,854190,2023,188,CRI,Costa Rica,f,15088.0,0.000035,40
semiconductors_and_sme,854190,2023,203,CZE,Czechia,f,9235.0,0.000022,41
semiconductors_and_sme,854190,2023,352,ISL,Iceland,f,8834.0,0.000021,42
semiconductors_and_sme,854190,2023,705,SVN,Slovenia,f,6436.0,0.000015,43
semiconductors_and_sme,854190,2023,554,NZL,New Zealand,f,3709.0,0.000009,44
semiconductors_and_sme,854190,2023,152,CHL,Chile,f,3440.0,0.000008,45
semiconductors_and_sme,854190,2024,704,VNM,Viet Nam,f,183384876.0,0.286515,1
semiconductors_and_sme,854190,2024,458,MYS,Malaysia,f,120657722.0,0.188512,2
semiconductors_and_sme,854190,2024,392,JPN,Japan,f,66982189.0,0.104651,3
semiconductors_and_sme,854190,2024,484,MEX,Mexico,f,66006064.0,0.103126,4
semiconductors_and_sme,854190,2024,410,KOR,Rep. of Korea,f,47746296.0,0.074597,5
semiconductors_and_sme,854190,2024,490,TWN,Taiwan,f,40902075.0,0.063904,6
semiconductors_and_sme,854190,2024,764,THA,Thailand,f,28130614.0,0.043950,7
semiconductors_and_sme,854190,2024,156,CHN,China,f,19051475.0,0.029765,8
semiconductors_and_sme,854190,2024,56,BEL,Belgium,f,14182179.0,0.022158,9
semiconductors_and_sme,854190,2024,208,DNK,Denmark,f,13990983.0,0.021859,10
semiconductors_and_sme,854190,2024,276,DEU,Germany,f,9240521.0,0.014437,11
semiconductors_and_sme,854190,2024,251,FRA,France,f,5229915.0,0.008171,12
semiconductors_and_sme,854190,2024,608,PHL,Philippines,f,3224167.0,0.005037,13
semiconductors_and_sme,854190,2024,826,GBR,United Kingdom,f,2736037.0,0.004275,14
semiconductors_and_sme,854190,2024,792,TUR,Türkiye,f,2484646.0,0.003882,15
semiconductors_and_sme,854190,2024,360,IDN,Indonesia,f,2295355.0,0.003586,16
semiconductors_and_sme,854190,2024,702,SGP,Singapore,f,2185072.0,0.003414,17
semiconductors_and_sme,854190,2024,699,IND,India,f,2159809.0,0.003374,18
semiconductors_and_sme,854190,2024,40,AUT,Austria,f,2070465.0,0.003235,19
semiconductors_and_sme,854190,2024,124,CAN,Canada,f,1822949.0,0.002848,20
semiconductors_and_sme,854190,2024,380,ITA,Italy,f,1664288.0,0.002600,21
semiconductors_and_sme,854190,2024,757,CHE,Switzerland,f,1009545.0,0.001577,22
semiconductors_and_sme,854190,2024,100,BGR,Bulgaria,f,702493.0,0.001098,23
semiconductors_and_sme,854190,2024,752,SWE,Sweden,f,568707.0,0.000889,24
semiconductors_and_sme,854190,2024,528,NLD,Netherlands,f,373161.0,0.000583,25
semiconductors_and_sme,854190,2024,116,KHM,Cambodia,f,345600.0,0.000540,26
semiconductors_and_sme,854190,2024,376,ISR,Israel,f,168224.0,0.000263,27
semiconductors_and_sme,854190,2024,616,POL,Poland,f,152029.0,0.000238,28
semiconductors_and_sme,854190,2024,36,AUS,Australia,f,135607.0,0.000212,29
semiconductors_and_sme,854190,2024,372,IRL,Ireland,f,89786.0,0.000140,30
semiconductors_and_sme,854190,2024,724,ESP,Spain,f,68967.0,0.000108,31
semiconductors_and_sme,854190,2024,203,CZE,Czechia,f,60541.0,0.000095,32
semiconductors_and_sme,854190,2024,504,MAR,Morocco,f,39742.0,0.000062,33
semiconductors_and_sme,854190,2024,554,NZL,New Zealand,f,34834.0,0.000054,34
semiconductors_and_sme,854190,2024,348,HUN,Hungary,f,26417.0,0.000041,35
semiconductors_and_sme,854190,2024,579,NOR,Norway,f,26014.0,0.000041,36
semiconductors_and_sme,854190,2024,233,EST,Estonia,f,24525.0,0.000038,37
semiconductors_and_sme,854190,2024,246,FIN,Finland,f,22622.0,0.000035,38
semiconductors_and_sme,854190,2024,191,HRV,Croatia,f,17209.0,0.000027,39
semiconductors_and_sme,854190,2024,446,MAC,"China, Macao SAR",f,14610.0,0.000023,40
semiconductors_and_sme,854190,2024,804,UKR,Ukraine,f,9569.0,0.000015,41
semiconductors_and_sme,854190,2024,688,SRB,Serbia,f,5353.0,0.000008,42
semiconductors_and_sme,854190,2024,784,ARE,United Arab Emirates,f,4501.0,0.000007,43
semiconductors_and_sme,854190,2024,120,CMR,Cameroon,f,4050.0,0.000006,44
semiconductors_and_sme,854190,2024,440,LTU,Lithuania,f,2464.0,0.000004,45
semiconductors_and_sme,854190,2025,704,VNM,Viet Nam,f,337030312.0,0.404359,1
semiconductors_and_sme,854190,2025,458,MYS,Malaysia,f,140221299.0,0.168233,2
semiconductors_and_sme,854190,2025,764,THA,Thailand,f,83644731.0,0.100354,3
semiconductors_and_sme,854190,2025,484,MEX,Mexico,f,49688899.0,0.059615,4
semiconductors_and_sme,854190,2025,410,KOR,Rep. of Korea,f,40382356.0,0.048450,5
semiconductors_and_sme,854190,2025,392,JPN,Japan,f,35832583.0,0.042991,6
semiconductors_and_sme,854190,2025,490,TWN,Taiwan,f,34195285.0,0.041026,7
semiconductors_and_sme,854190,2025,418,LAO,Lao People's Dem. Rep.,f,21621040.0,0.025940,8
semiconductors_and_sme,854190,2025,208,DNK,Denmark,f,20956142.0,0.025143,9
semiconductors_and_sme,854190,2025,156,CHN,China,f,19564146.0,0.023472,10
semiconductors_and_sme,854190,2025,276,DEU,Germany,f,17502503.0,0.020999,11
semiconductors_and_sme,854190,2025,56,BEL,Belgium,f,5553068.0,0.006662,12
semiconductors_and_sme,854190,2025,251,FRA,France,f,4229735.0,0.005075,13
semiconductors_and_sme,854190,2025,699,IND,India,f,3983640.0,0.004779,14
semiconductors_and_sme,854190,2025,792,TUR,Türkiye,f,3484506.0,0.004181,15
semiconductors_and_sme,854190,2025,608,PHL,Philippines,f,3010874.0,0.003612,16
semiconductors_and_sme,854190,2025,826,GBR,United Kingdom,f,1809681.0,0.002171,17
semiconductors_and_sme,854190,2025,40,AUT,Austria,f,1788813.0,0.002146,18
semiconductors_and_sme,854190,2025,380,ITA,Italy,f,1764903.0,0.002117,19
semiconductors_and_sme,854190,2025,360,IDN,Indonesia,f,1690126.0,0.002028,20
semiconductors_and_sme,854190,2025,702,SGP,Singapore,f,1246241.0,0.001495,21
semiconductors_and_sme,854190,2025,124,CAN,Canada,f,895840.0,0.001075,22
semiconductors_and_sme,854190,2025,752,SWE,Sweden,f,646167.0,0.000775,23
semiconductors_and_sme,854190,2025,528,NLD,Netherlands,f,494485.0,0.000593,24
semiconductors_and_sme,854190,2025,757,CHE,Switzerland,f,483780.0,0.000580,25
semiconductors_and_sme,854190,2025,116,KHM,Cambodia,f,445625.0,0.000535,26
semiconductors_and_sme,854190,2025,100,BGR,Bulgaria,f,360252.0,0.000432,27
semiconductors_and_sme,854190,2025,376,ISR,Israel,f,203295.0,0.000244,28
semiconductors_and_sme,854190,2025,616,POL,Poland,f,121708.0,0.000146,29
semiconductors_and_sme,854190,2025,372,IRL,Ireland,f,107361.0,0.000129,30
semiconductors_and_sme,854190,2025,724,ESP,Spain,f,105224.0,0.000126,31
semiconductors_and_sme,854190,2025,36,AUS,Australia,f,86626.0,0.000104,32
semiconductors_and_sme,854190,2025,348,HUN,Hungary,f,58131.0,0.000070,33
semiconductors_and_sme,854190,2025,344,HKG,"China, Hong Kong SAR",f,50410.0,0.000060,34
semiconductors_and_sme,854190,2025,446,MAC,"China, Macao SAR",f,45561.0,0.000055,35
semiconductors_and_sme,854190,2025,504,MAR,Morocco,f,40868.0,0.000049,36
semiconductors_and_sme,854190,2025,642,ROU,Romania,f,25905.0,0.000031,37
semiconductors_and_sme,854190,2025,203,CZE,Czechia,f,25164.0,0.000030,38
semiconductors_and_sme,854190,2025,188,CRI,Costa Rica,f,19957.0,0.000024,39
semiconductors_and_sme,854190,2025,646,RWA,Rwanda,f,18535.0,0.000022,40
semiconductors_and_sme,854190,2025,233,EST,Estonia,f,14475.0,0.000017,41
semiconductors_and_sme,854190,2025,579,NOR,Norway,f,10934.0,0.000013,42
semiconductors_and_sme,854190,2025,554,NZL,New Zealand,f,9624.0,0.000012,43
semiconductors_and_sme,854190,2025,268,GEO,Georgia,f,7503.0,0.000009,44
semiconductors_and_sme,854190,2025,703,SVK,Slovakia,f,6091.0,0.000007,45
semiconductors_and_sme,854190,2025,428,LVA,Latvia,f,3480.0,0.000004,46
semiconductors_and_sme,854190,2025,328,GUY,Guyana,f,3001.0,0.000004,47
semiconductors_and_sme,854190,2025,440,LTU,Lithuania,f,2539.0,0.000003,48
semiconductors_and_sme,854231,2018,458,MYS,Malaysia,f,13059117785.0,0.604048,1
semiconductors_and_sme,854231,2018,156,CHN,China,f,1682933492.0,0.077844,2
semiconductors_and_sme,854231,2018,490,TWN,Taiwan,f,1369701873.0,0.063355,3
semiconductors_and_sme,854231,2018,704,VNM,Viet Nam,f,1359893806.0,0.062902,4
semiconductors_and_sme,854231,2018,372,IRL,Ireland,f,1048993919.0,0.048521,5
semiconductors_and_sme,854231,2018,124,CAN,Canada,f,719225350.0,0.033268,6
semiconductors_and_sme,854231,2018,392,JPN,Japan,f,553848231.0,0.025618,7
semiconductors_and_sme,854231,2018,410,KOR,Rep. of Korea,f,483719021.0,0.022374,8
semiconductors_and_sme,854231,2018,608,PHL,Philippines,f,444392582.0,0.020555,9
semiconductors_and_sme,854231,2018,764,THA,Thailand,f,229686272.0,0.010624,10
semiconductors_and_sme,854231,2018,276,DEU,Germany,f,129950117.0,0.006011,11
semiconductors_and_sme,854231,2018,702,SGP,Singapore,f,124305030.0,0.005750,12
semiconductors_and_sme,854231,2018,376,ISR,Israel,f,76033806.0,0.003517,13
semiconductors_and_sme,854231,2018,251,FRA,France,f,70313044.0,0.003252,14
semiconductors_and_sme,854231,2018,470,MLT,Malta,f,58972940.0,0.002728,15
semiconductors_and_sme,854231,2018,826,GBR,United Kingdom,f,38691290.0,0.001790,16
semiconductors_and_sme,854231,2018,484,MEX,Mexico,f,38390271.0,0.001776,17
semiconductors_and_sme,854231,2018,360,IDN,Indonesia,f,20706596.0,0.000958,18
semiconductors_and_sme,854231,2018,188,CRI,Costa Rica,f,18621654.0,0.000861,19
semiconductors_and_sme,854231,2018,380,ITA,Italy,f,13314236.0,0.000616,20
semiconductors_and_sme,854231,2018,344,HKG,"China, Hong Kong SAR",f,11720243.0,0.000542,21
semiconductors_and_sme,854231,2018,757,CHE,Switzerland,f,8480803.0,0.000392,22
semiconductors_and_sme,854231,2018,792,TUR,Türkiye,f,8464378.0,0.000392,23
semiconductors_and_sme,854231,2018,504,MAR,Morocco,f,7099212.0,0.000328,24
semiconductors_and_sme,854231,2018,752,SWE,Sweden,f,5934213.0,0.000274,25
semiconductors_and_sme,854231,2018,724,ESP,Spain,f,5879443.0,0.000272,26
semiconductors_and_sme,854231,2018,528,NLD,Netherlands,f,4722587.0,0.000218,27
semiconductors_and_sme,854231,2018,40,AUT,Austria,f,3978402.0,0.000184,28
semiconductors_and_sme,854231,2018,56,BEL,Belgium,f,2990193.0,0.000138,29
semiconductors_and_sme,854231,2018,203,CZE,Czechia,f,2704326.0,0.000125,30
semiconductors_and_sme,854231,2018,208,DNK,Denmark,f,2384306.0,0.000110,31
semiconductors_and_sme,854231,2018,699,IND,India,f,2133704.0,0.000099,32
semiconductors_and_sme,854231,2018,579,NOR,Norway,f,1895656.0,0.000088,33
semiconductors_and_sme,854231,2018,348,HUN,Hungary,f,1290814.0,0.000060,34
semiconductors_and_sme,854231,2018,100,BGR,Bulgaria,f,1213621.0,0.000056,35
semiconductors_and_sme,854231,2018,703,SVK,Slovakia,f,1057997.0,0.000049,36
semiconductors_and_sme,854231,2018,76,BRA,Brazil,f,827814.0,0.000038,37
semiconductors_and_sme,854231,2018,446,MAC,"China, Macao SAR",f,694352.0,0.000032,38
semiconductors_and_sme,854231,2018,620,PRT,Portugal,f,631608.0,0.000029,39
semiconductors_and_sme,854231,2018,36,AUS,Australia,f,542282.0,0.000025,40
semiconductors_and_sme,854231,2018,616,POL,Poland,f,493224.0,0.000023,41
semiconductors_and_sme,854231,2018,480,MUS,Mauritius,f,491999.0,0.000023,42
semiconductors_and_sme,854231,2018,554,NZL,New Zealand,f,308628.0,0.000014,43
semiconductors_and_sme,854231,2018,710,ZAF,South Africa,f,259236.0,0.000012,44
semiconductors_and_sme,854231,2018,246,FIN,Finland,f,234182.0,0.000011,45
semiconductors_and_sme,854231,2018,705,SVN,Slovenia,f,229191.0,0.000011,46
semiconductors_and_sme,854231,2018,144,LKA,Sri Lanka,f,227413.0,0.000011,47
semiconductors_and_sme,854231,2018,688,SRB,Serbia,f,180048.0,0.000008,48
semiconductors_and_sme,854231,2018,788,TUN,Tunisia,f,167622.0,0.000008,49
semiconductors_and_sme,854231,2018,643,RUS,Russian Federation,f,144917.0,0.000007,50
semiconductors_and_sme,854231,2018,191,HRV,Croatia,f,138491.0,0.000006,51
semiconductors_and_sme,854231,2018,233,EST,Estonia,f,119417.0,0.000006,52
semiconductors_and_sme,854231,2018,352,ISL,Iceland,f,88426.0,0.000004,53
semiconductors_and_sme,854231,2018,116,KHM,Cambodia,f,84949.0,0.000004,54
semiconductors_and_sme,854231,2018,148,TCD,Chad,f,78447.0,0.000004,55
semiconductors_and_sme,854231,2018,214,DOM,Dominican Rep.,f,71410.0,0.000003,56
semiconductors_and_sme,854231,2018,32,ARG,Argentina,f,56883.0,0.000003,57
semiconductors_and_sme,854231,2018,642,ROU,Romania,f,51390.0,0.000002,58
semiconductors_and_sme,854231,2018,152,CHL,Chile,f,44577.0,0.000002,59
semiconductors_and_sme,854231,2018,626,TLS,Timor-Leste,f,43829.0,0.000002,60
semiconductors_and_sme,854231,2018,218,ECU,Ecuador,f,39143.0,0.000002,61
semiconductors_and_sme,854231,2018,300,GRC,Greece,f,33790.0,0.000002,62
semiconductors_and_sme,854231,2018,540,NCL,New Caledonia,f,19684.0,0.000001,63
semiconductors_and_sme,854231,2018,20,AND,Andorra,f,19429.0,0.000001,64
semiconductors_and_sme,854231,2018,440,LTU,Lithuania,f,18349.0,0.000001,65
semiconductors_and_sme,854231,2018,462,MDV,Maldives,f,16646.0,0.000001,66
semiconductors_and_sme,854231,2018,662,LCA,Saint Lucia,f,15374.0,0.000001,67
semiconductors_and_sme,854231,2018,516,NAM,Namibia,f,15037.0,0.000001,68
semiconductors_and_sme,854231,2018,512,OMN,Oman,f,14015.0,0.000001,69
semiconductors_and_sme,854231,2018,170,COL,Colombia,f,13265.0,0.000001,70
semiconductors_and_sme,854231,2018,174,COM,Comoros,f,12701.0,0.000001,71
semiconductors_and_sme,854231,2018,860,UZB,Uzbekistan,f,10420.0,0.000000,72
semiconductors_and_sme,854231,2018,780,TTO,Trinidad and Tobago,f,9825.0,0.000000,73
semiconductors_and_sme,854231,2018,270,GMB,Gambia,f,9306.0,0.000000,74
semiconductors_and_sme,854231,2018,28,ATG,Antigua and Barbuda,f,9029.0,0.000000,75
semiconductors_and_sme,854231,2018,500,MSR,Montserrat,f,8785.0,0.000000,76
semiconductors_and_sme,854231,2018,268,GEO,Georgia,f,8397.0,0.000000,77
semiconductors_and_sme,854231,2018,320,GTM,Guatemala,f,7423.0,0.000000,78
semiconductors_and_sme,854231,2018,591,PAN,Panama,f,7139.0,0.000000,79
semiconductors_and_sme,854231,2018,762,TJK,Tajikistan,f,7034.0,0.000000,80
semiconductors_and_sme,854231,2018,586,PAK,Pakistan,f,6977.0,0.000000,81
semiconductors_and_sme,854231,2018,674,SMR,San Marino,f,6919.0,0.000000,82
semiconductors_and_sme,854231,2018,694,SLE,Sierra Leone,f,6478.0,0.000000,83
semiconductors_and_sme,854231,2018,682,SAU,Saudi Arabia,f,6347.0,0.000000,84
semiconductors_and_sme,854231,2018,112,BLR,Belarus,f,5140.0,0.000000,85
semiconductors_and_sme,854231,2018,654,SHN,Saint Helena,f,4835.0,0.000000,86
semiconductors_and_sme,854231,2018,196,CYP,Cyprus,f,4441.0,0.000000,87
semiconductors_and_sme,854231,2018,222,SLV,El Salvador,f,3775.0,0.000000,88
semiconductors_and_sme,854231,2018,428,LVA,Latvia,f,3650.0,0.000000,89
semiconductors_and_sme,854231,2018,92,VGB,Br. Virgin Isds,f,3625.0,0.000000,90
semiconductors_and_sme,854231,2018,678,STP,Sao Tome and Principe,f,3618.0,0.000000,91
semiconductors_and_sme,854231,2018,132,CPV,Cabo Verde,f,3141.0,0.000000,92
semiconductors_and_sme,854231,2018,48,BHR,Bahrain,f,3064.0,0.000000,93
semiconductors_and_sme,854231,2018,646,RWA,Rwanda,f,2542.0,0.000000,94
semiconductors_and_sme,854231,2018,8,ALB,Albania,f,2430.0,0.000000,95
semiconductors_and_sme,854231,2018,524,NPL,Nepal,f,2200.0,0.000000,96
semiconductors_and_sme,854231,2019,458,MYS,Malaysia,f,13572021500.0,0.621661,1
semiconductors_and_sme,854231,2019,704,VNM,Viet Nam,f,1898436766.0,0.086957,2
semiconductors_and_sme,854231,2019,490,TWN,Taiwan,f,1115764468.0,0.051107,3
semiconductors_and_sme,854231,2019,124,CAN,Canada,f,1052437384.0,0.048206,4
semiconductors_and_sme,854231,2019,156,CHN,China,f,990429979.0,0.045366,5
semiconductors_and_sme,854231,2019,372,IRL,Ireland,f,788309034.0,0.036108,6
semiconductors_and_sme,854231,2019,410,KOR,Rep. of Korea,f,561939888.0,0.025739,7
semiconductors_and_sme,854231,2019,392,JPN,Japan,f,483263038.0,0.022136,8
semiconductors_and_sme,854231,2019,608,PHL,Philippines,f,390175240.0,0.017872,9
semiconductors_and_sme,854231,2019,764,THA,Thailand,f,229337596.0,0.010505,10
semiconductors_and_sme,854231,2019,276,DEU,Germany,f,133318472.0,0.006107,11
semiconductors_and_sme,854231,2019,702,SGP,Singapore,f,129357544.0,0.005925,12
semiconductors_and_sme,854231,2019,251,FRA,France,f,94358402.0,0.004322,13
semiconductors_and_sme,854231,2019,376,ISR,Israel,f,79728201.0,0.003652,14
semiconductors_and_sme,854231,2019,470,MLT,Malta,f,72754992.0,0.003333,15
semiconductors_and_sme,854231,2019,484,MEX,Mexico,f,66030325.0,0.003024,16
semiconductors_and_sme,854231,2019,826,GBR,United Kingdom,f,36001975.0,0.001649,17
semiconductors_and_sme,854231,2019,188,CRI,Costa Rica,f,26824134.0,0.001229,18
semiconductors_and_sme,854231,2019,360,IDN,Indonesia,f,20634664.0,0.000945,19
semiconductors_and_sme,854231,2019,792,TUR,Türkiye,f,13488295.0,0.000618,20
semiconductors_and_sme,854231,2019,380,ITA,Italy,f,12822954.0,0.000587,21
semiconductors_and_sme,854231,2019,724,ESP,Spain,f,10049587.0,0.000460,22
semiconductors_and_sme,854231,2019,757,CHE,Switzerland,f,9360880.0,0.000429,23
semiconductors_and_sme,854231,2019,344,HKG,"China, Hong Kong SAR",f,6679440.0,0.000306,24
semiconductors_and_sme,854231,2019,208,DNK,Denmark,f,5785238.0,0.000265,25
semiconductors_and_sme,854231,2019,752,SWE,Sweden,f,5146939.0,0.000236,26
semiconductors_and_sme,854231,2019,40,AUT,Austria,f,3973155.0,0.000182,27
semiconductors_and_sme,854231,2019,56,BEL,Belgium,f,3442383.0,0.000158,28
semiconductors_and_sme,854231,2019,699,IND,India,f,2952124.0,0.000135,29
semiconductors_and_sme,854231,2019,504,MAR,Morocco,f,2627671.0,0.000120,30
semiconductors_and_sme,854231,2019,528,NLD,Netherlands,f,2590631.0,0.000119,31
semiconductors_and_sme,854231,2019,203,CZE,Czechia,f,1448362.0,0.000066,32
semiconductors_and_sme,854231,2019,703,SVK,Slovakia,f,1271638.0,0.000058,33
semiconductors_and_sme,854231,2019,788,TUN,Tunisia,f,1011637.0,0.000046,34
semiconductors_and_sme,854231,2019,620,PRT,Portugal,f,980087.0,0.000045,35
semiconductors_and_sme,854231,2019,36,AUS,Australia,f,871521.0,0.000040,36
semiconductors_and_sme,854231,2019,348,HUN,Hungary,f,717400.0,0.000033,37
semiconductors_and_sme,854231,2019,246,FIN,Finland,f,696886.0,0.000032,38
semiconductors_and_sme,854231,2019,76,BRA,Brazil,f,595873.0,0.000027,39
semiconductors_and_sme,854231,2019,579,NOR,Norway,f,557348.0,0.000026,40
semiconductors_and_sme,854231,2019,616,POL,Poland,f,477213.0,0.000022,41
semiconductors_and_sme,854231,2019,446,MAC,"China, Macao SAR",f,332301.0,0.000015,42
semiconductors_and_sme,854231,2019,710,ZAF,South Africa,f,313927.0,0.000014,43
semiconductors_and_sme,854231,2019,170,COL,Colombia,f,304663.0,0.000014,44
semiconductors_and_sme,854231,2019,554,NZL,New Zealand,f,290934.0,0.000013,45
semiconductors_and_sme,854231,2019,100,BGR,Bulgaria,f,237835.0,0.000011,46
semiconductors_and_sme,854231,2019,705,SVN,Slovenia,f,224682.0,0.000010,47
semiconductors_and_sme,854231,2019,144,LKA,Sri Lanka,f,198416.0,0.000009,48
semiconductors_and_sme,854231,2019,440,LTU,Lithuania,f,129985.0,0.000006,49
semiconductors_and_sme,854231,2019,231,ETH,Ethiopia,f,103817.0,0.000005,50
semiconductors_and_sme,854231,2019,642,ROU,Romania,f,88562.0,0.000004,51
semiconductors_and_sme,854231,2019,516,NAM,Namibia,f,86154.0,0.000004,52
semiconductors_and_sme,854231,2019,540,NCL,New Caledonia,f,77979.0,0.000004,53
semiconductors_and_sme,854231,2019,466,MLI,Mali,f,73540.0,0.000003,54
semiconductors_and_sme,854231,2019,352,ISL,Iceland,f,64979.0,0.000003,55
semiconductors_and_sme,854231,2019,191,HRV,Croatia,f,53190.0,0.000002,56
semiconductors_and_sme,854231,2019,262,DJI,Djibouti,f,51306.0,0.000002,57
semiconductors_and_sme,854231,2019,480,MUS,Mauritius,f,51061.0,0.000002,58
semiconductors_and_sme,854231,2019,442,LUX,Luxembourg,f,49079.0,0.000002,59
semiconductors_and_sme,854231,2019,148,TCD,Chad,f,48970.0,0.000002,60
semiconductors_and_sme,854231,2019,694,SLE,Sierra Leone,f,46321.0,0.000002,61
semiconductors_and_sme,854231,2019,784,ARE,United Arab Emirates,f,41538.0,0.000002,62
semiconductors_and_sme,854231,2019,388,JAM,Jamaica,f,39586.0,0.000002,63
semiconductors_and_sme,854231,2019,706,SOM,Somalia,f,28663.0,0.000001,64
semiconductors_and_sme,854231,2019,682,SAU,Saudi Arabia,f,27790.0,0.000001,65
semiconductors_and_sme,854231,2019,152,CHL,Chile,f,26973.0,0.000001,66
semiconductors_and_sme,854231,2019,600,PRY,Paraguay,f,25086.0,0.000001,67
semiconductors_and_sme,854231,2019,428,LVA,Latvia,f,20083.0,0.000001,68
semiconductors_and_sme,854231,2019,218,ECU,Ecuador,f,20003.0,0.000001,69
semiconductors_and_sme,854231,2019,233,EST,Estonia,f,19258.0,0.000001,70
semiconductors_and_sme,854231,2019,68,BOL,Bolivia (Plurinational State of),f,14818.0,0.000001,71
semiconductors_and_sme,854231,2019,662,LCA,Saint Lucia,f,14426.0,0.000001,72
semiconductors_and_sme,854231,2019,320,GTM,Guatemala,f,13518.0,0.000001,73
semiconductors_and_sme,854231,2019,116,KHM,Cambodia,f,13249.0,0.000001,74
semiconductors_and_sme,854231,2019,222,SLV,El Salvador,f,11051.0,0.000001,75
semiconductors_and_sme,854231,2019,32,ARG,Argentina,f,10875.0,0.000000,76
semiconductors_and_sme,854231,2019,688,SRB,Serbia,f,9277.0,0.000000,77
semiconductors_and_sme,854231,2019,92,VGB,Br. Virgin Isds,f,8050.0,0.000000,78
semiconductors_and_sme,854231,2019,780,TTO,Trinidad and Tobago,f,6850.0,0.000000,79
semiconductors_and_sme,854231,2019,598,PNG,Papua New Guinea,f,6120.0,0.000000,80
semiconductors_and_sme,854231,2019,634,QAT,Qatar,f,4729.0,0.000000,81
semiconductors_and_sme,854231,2019,4,AFG,Afghanistan,f,4075.0,0.000000,82
semiconductors_and_sme,854231,2019,674,SMR,San Marino,f,3893.0,0.000000,83
semiconductors_and_sme,854231,2019,626,TLS,Timor-Leste,f,3330.0,0.000000,84
semiconductors_and_sme,854231,2019,643,RUS,Russian Federation,f,3170.0,0.000000,85
semiconductors_and_sme,854231,2019,332,HTI,Haiti,f,2798.0,0.000000,86
semiconductors_and_sme,854231,2019,214,DOM,Dominican Rep.,f,2274.0,0.000000,87
semiconductors_and_sme,854231,2019,768,TGO,Togo,f,2240.0,0.000000,88
semiconductors_and_sme,854231,2020,458,MYS,Malaysia,f,13386734048.0,0.625439,1
semiconductors_and_sme,854231,2020,704,VNM,Viet Nam,f,2510843257.0,0.117309,2
semiconductors_and_sme,854231,2020,156,CHN,China,f,1303615089.0,0.060906,3
semiconductors_and_sme,854231,2020,490,TWN,Taiwan,f,1162059137.0,0.054292,4
semiconductors_and_sme,854231,2020,372,IRL,Ireland,f,483698835.0,0.022599,5
semiconductors_and_sme,854231,2020,410,KOR,Rep. of Korea,f,436809972.0,0.020408,6
semiconductors_and_sme,854231,2020,392,JPN,Japan,f,429772599.0,0.020079,7
semiconductors_and_sme,854231,2020,124,CAN,Canada,f,299298457.0,0.013983,8
semiconductors_and_sme,854231,2020,608,PHL,Philippines,f,286281045.0,0.013375,9
semiconductors_and_sme,854231,2020,764,THA,Thailand,f,266669305.0,0.012459,10
semiconductors_and_sme,854231,2020,376,ISR,Israel,f,250877681.0,0.011721,11
semiconductors_and_sme,854231,2020,702,SGP,Singapore,f,117489844.0,0.005489,12
semiconductors_and_sme,854231,2020,276,DEU,Germany,f,104268241.0,0.004872,13
semiconductors_and_sme,854231,2020,484,MEX,Mexico,f,76760130.0,0.003586,14
semiconductors_and_sme,854231,2020,470,MLT,Malta,f,67796208.0,0.003167,15
semiconductors_and_sme,854231,2020,251,FRA,France,f,61934597.0,0.002894,16
semiconductors_and_sme,854231,2020,188,CRI,Costa Rica,f,28827769.0,0.001347,17
semiconductors_and_sme,854231,2020,792,TUR,Türkiye,f,24742073.0,0.001156,18
semiconductors_and_sme,854231,2020,826,GBR,United Kingdom,f,18952381.0,0.000885,19
semiconductors_and_sme,854231,2020,360,IDN,Indonesia,f,15088337.0,0.000705,20
semiconductors_and_sme,854231,2020,480,MUS,Mauritius,f,9668505.0,0.000452,21
semiconductors_and_sme,854231,2020,757,CHE,Switzerland,f,7669728.0,0.000358,22
semiconductors_and_sme,854231,2020,724,ESP,Spain,f,7253831.0,0.000339,23
semiconductors_and_sme,854231,2020,752,SWE,Sweden,f,6940261.0,0.000324,24
semiconductors_and_sme,854231,2020,528,NLD,Netherlands,f,6518156.0,0.000305,25
semiconductors_and_sme,854231,2020,344,HKG,"China, Hong Kong SAR",f,4401570.0,0.000206,26
semiconductors_and_sme,854231,2020,380,ITA,Italy,f,4327882.0,0.000202,27
semiconductors_and_sme,854231,2020,40,AUT,Austria,f,3553667.0,0.000166,28
semiconductors_and_sme,854231,2020,56,BEL,Belgium,f,2843589.0,0.000133,29
semiconductors_and_sme,854231,2020,203,CZE,Czechia,f,2304805.0,0.000108,30
semiconductors_and_sme,854231,2020,699,IND,India,f,1787413.0,0.000084,31
semiconductors_and_sme,854231,2020,504,MAR,Morocco,f,1580450.0,0.000074,32
semiconductors_and_sme,854231,2020,76,BRA,Brazil,f,1306296.0,0.000061,33
semiconductors_and_sme,854231,2020,620,PRT,Portugal,f,1273927.0,0.000060,34
semiconductors_and_sme,854231,2020,616,POL,Poland,f,1247651.0,0.000058,35
semiconductors_and_sme,854231,2020,208,DNK,Denmark,f,924437.0,0.000043,36
semiconductors_and_sme,854231,2020,36,AUS,Australia,f,851695.0,0.000040,37
semiconductors_and_sme,854231,2020,703,SVK,Slovakia,f,732949.0,0.000034,38
semiconductors_and_sme,854231,2020,579,NOR,Norway,f,594069.0,0.000028,39
semiconductors_and_sme,854231,2020,654,SHN,Saint Helena,f,561076.0,0.000026,40
semiconductors_and_sme,854231,2020,352,ISL,Iceland,f,510214.0,0.000024,41
semiconductors_and_sme,854231,2020,246,FIN,Finland,f,495245.0,0.000023,42
semiconductors_and_sme,854231,2020,705,SVN,Slovenia,f,358179.0,0.000017,43
semiconductors_and_sme,854231,2020,348,HUN,Hungary,f,296685.0,0.000014,44
semiconductors_and_sme,854231,2020,710,ZAF,South Africa,f,269124.0,0.000013,45
semiconductors_and_sme,854231,2020,404,KEN,Kenya,f,261750.0,0.000012,46
semiconductors_and_sme,854231,2020,100,BGR,Bulgaria,f,224914.0,0.000011,47
semiconductors_and_sme,854231,2020,768,TGO,Togo,f,220442.0,0.000010,48
semiconductors_and_sme,854231,2020,788,TUN,Tunisia,f,208693.0,0.000010,49
semiconductors_and_sme,854231,2020,440,LTU,Lithuania,f,185406.0,0.000009,50
semiconductors_and_sme,854231,2020,554,NZL,New Zealand,f,173477.0,0.000008,51
semiconductors_and_sme,854231,2020,642,ROU,Romania,f,142873.0,0.000007,52
semiconductors_and_sme,854231,2020,144,LKA,Sri Lanka,f,136000.0,0.000006,53
semiconductors_and_sme,854231,2020,170,COL,Colombia,f,131645.0,0.000006,54
semiconductors_and_sme,854231,2020,643,RUS,Russian Federation,f,113822.0,0.000005,55
semiconductors_and_sme,854231,2020,72,BWA,Botswana,f,109980.0,0.000005,56
semiconductors_and_sme,854231,2020,136,CYM,Cayman Isds,f,104792.0,0.000005,57
semiconductors_and_sme,854231,2020,191,HRV,Croatia,f,87504.0,0.000004,58
semiconductors_and_sme,854231,2020,20,AND,Andorra,f,80636.0,0.000004,59
semiconductors_and_sme,854231,2020,48,BHR,Bahrain,f,78265.0,0.000004,60
semiconductors_and_sme,854231,2020,233,EST,Estonia,f,63225.0,0.000003,61
semiconductors_and_sme,854231,2020,540,NCL,New Caledonia,f,50966.0,0.000002,62
semiconductors_and_sme,854231,2020,68,BOL,Bolivia (Plurinational State of),f,50136.0,0.000002,63
semiconductors_and_sme,854231,2020,784,ARE,United Arab Emirates,f,49475.0,0.000002,64
semiconductors_and_sme,854231,2020,268,GEO,Georgia,f,47733.0,0.000002,65
semiconductors_and_sme,854231,2020,442,LUX,Luxembourg,f,37826.0,0.000002,66
semiconductors_and_sme,854231,2020,466,MLI,Mali,f,36888.0,0.000002,67
semiconductors_and_sme,854231,2020,428,LVA,Latvia,f,28871.0,0.000001,68
semiconductors_and_sme,854231,2020,368,IRQ,Iraq,f,27595.0,0.000001,69
semiconductors_and_sme,854231,2020,516,NAM,Namibia,f,27469.0,0.000001,70
semiconductors_and_sme,854231,2020,214,DOM,Dominican Rep.,f,24292.0,0.000001,71
semiconductors_and_sme,854231,2020,478,MRT,Mauritania,f,21153.0,0.000001,72
semiconductors_and_sme,854231,2020,388,JAM,Jamaica,f,20989.0,0.000001,73
semiconductors_and_sme,854231,2020,218,ECU,Ecuador,f,20422.0,0.000001,74
semiconductors_and_sme,854231,2020,604,PER,Peru,f,19816.0,0.000001,75
semiconductors_and_sme,854231,2020,400,JOR,Jordan,f,17478.0,0.000001,76
semiconductors_and_sme,854231,2020,686,SEN,Senegal,f,14087.0,0.000001,77
semiconductors_and_sme,854231,2020,796,TCA,Turks and Caicos Isds,f,13321.0,0.000001,78
semiconductors_and_sme,854231,2020,446,MAC,"China, Macao SAR",f,12919.0,0.000001,79
semiconductors_and_sme,854231,2020,706,SOM,Somalia,f,12340.0,0.000001,80
semiconductors_and_sme,854231,2020,148,TCD,Chad,f,9373.0,0.000000,81
semiconductors_and_sme,854231,2020,600,PRY,Paraguay,f,8000.0,0.000000,82
semiconductors_and_sme,854231,2020,634,QAT,Qatar,f,7625.0,0.000000,83
semiconductors_and_sme,854231,2020,662,LCA,Saint Lucia,f,7208.0,0.000000,84
semiconductors_and_sme,854231,2020,120,CMR,Cameroon,f,7000.0,0.000000,85
semiconductors_and_sme,854231,2020,454,MWI,Malawi,f,6624.0,0.000000,86
semiconductors_and_sme,854231,2020,336,VAT,Holy See (Vatican City State),f,5119.0,0.000000,87
semiconductors_and_sme,854231,2020,682,SAU,Saudi Arabia,f,4867.0,0.000000,88
semiconductors_and_sme,854231,2020,51,ARM,Armenia,f,4854.0,0.000000,89
semiconductors_and_sme,854231,2020,762,TJK,Tajikistan,f,4496.0,0.000000,90
semiconductors_and_sme,854231,2020,674,SMR,San Marino,f,3530.0,0.000000,91
semiconductors_and_sme,854231,2020,152,CHL,Chile,f,2762.0,0.000000,92
semiconductors_and_sme,854231,2020,591,PAN,Panama,f,2680.0,0.000000,93
semiconductors_and_sme,854231,2020,300,GRC,Greece,f,2058.0,0.000000,94
semiconductors_and_sme,854231,2021,458,MYS,Malaysia,f,16814937049.0,0.610313,1
semiconductors_and_sme,854231,2021,704,VNM,Viet Nam,f,2686823486.0,0.097521,2
semiconductors_and_sme,854231,2021,156,CHN,China,f,1659021299.0,0.060216,3
semiconductors_and_sme,854231,2021,490,TWN,Taiwan,f,1476248689.0,0.053582,4
semiconductors_and_sme,854231,2021,372,IRL,Ireland,f,1325128642.0,0.048097,5
semiconductors_and_sme,854231,2021,410,KOR,Rep. of Korea,f,639129636.0,0.023198,6
semiconductors_and_sme,854231,2021,376,ISR,Israel,f,516158368.0,0.018734,7
semiconductors_and_sme,854231,2021,392,JPN,Japan,f,495760839.0,0.017994,8
semiconductors_and_sme,854231,2021,764,THA,Thailand,f,383762199.0,0.013929,9
semiconductors_and_sme,854231,2021,608,PHL,Philippines,f,311965415.0,0.011323,10
semiconductors_and_sme,854231,2021,124,CAN,Canada,f,310614273.0,0.011274,11
semiconductors_and_sme,854231,2021,702,SGP,Singapore,f,262762119.0,0.009537,12
semiconductors_and_sme,854231,2021,276,DEU,Germany,f,175041984.0,0.006353,13
semiconductors_and_sme,854231,2021,470,MLT,Malta,f,122699665.0,0.004453,14
semiconductors_and_sme,854231,2021,188,CRI,Costa Rica,f,108176079.0,0.003926,15
semiconductors_and_sme,854231,2021,484,MEX,Mexico,f,92974253.0,0.003375,16
semiconductors_and_sme,854231,2021,251,FRA,France,f,42269997.0,0.001534,17
semiconductors_and_sme,854231,2021,826,GBR,United Kingdom,f,26595667.0,0.000965,18
semiconductors_and_sme,854231,2021,792,TUR,Türkiye,f,14237457.0,0.000517,19
semiconductors_and_sme,854231,2021,757,CHE,Switzerland,f,9863866.0,0.000358,20
semiconductors_and_sme,854231,2021,380,ITA,Italy,f,8174516.0,0.000297,21
semiconductors_and_sme,854231,2021,344,HKG,"China, Hong Kong SAR",f,6737152.0,0.000245,22
semiconductors_and_sme,854231,2021,360,IDN,Indonesia,f,6212325.0,0.000225,23
semiconductors_and_sme,854231,2021,752,SWE,Sweden,f,6075078.0,0.000221,24
semiconductors_and_sme,854231,2021,724,ESP,Spain,f,5915536.0,0.000215,25
semiconductors_and_sme,854231,2021,40,AUT,Austria,f,4373006.0,0.000159,26
semiconductors_and_sme,854231,2021,528,NLD,Netherlands,f,4026584.0,0.000146,27
semiconductors_and_sme,854231,2021,504,MAR,Morocco,f,3958765.0,0.000144,28
semiconductors_and_sme,854231,2021,208,DNK,Denmark,f,3710397.0,0.000135,29
semiconductors_and_sme,854231,2021,56,BEL,Belgium,f,3696957.0,0.000134,30
semiconductors_and_sme,854231,2021,203,CZE,Czechia,f,3608588.0,0.000131,31
semiconductors_and_sme,854231,2021,699,IND,India,f,3369908.0,0.000122,32
semiconductors_and_sme,854231,2021,584,MHL,Marshall Isds,f,2773068.0,0.000101,33
semiconductors_and_sme,854231,2021,36,AUS,Australia,f,1876088.0,0.000068,34
semiconductors_and_sme,854231,2021,616,POL,Poland,f,1832053.0,0.000066,35
semiconductors_and_sme,854231,2021,620,PRT,Portugal,f,1570804.0,0.000057,36
semiconductors_and_sme,854231,2021,348,HUN,Hungary,f,1326600.0,0.000048,37
semiconductors_and_sme,854231,2021,703,SVK,Slovakia,f,1070491.0,0.000039,38
semiconductors_and_sme,854231,2021,246,FIN,Finland,f,845286.0,0.000031,39
semiconductors_and_sme,854231,2021,705,SVN,Slovenia,f,562982.0,0.000020,40
semiconductors_and_sme,854231,2021,579,NOR,Norway,f,500874.0,0.000018,41
semiconductors_and_sme,854231,2021,20,AND,Andorra,f,466376.0,0.000017,42
semiconductors_and_sme,854231,2021,404,KEN,Kenya,f,374385.0,0.000014,43
semiconductors_and_sme,854231,2021,31,AZE,Azerbaijan,f,373992.0,0.000014,44
semiconductors_and_sme,854231,2021,710,ZAF,South Africa,f,360003.0,0.000013,45
semiconductors_and_sme,854231,2021,76,BRA,Brazil,f,351734.0,0.000013,46
semiconductors_and_sme,854231,2021,144,LKA,Sri Lanka,f,331504.0,0.000012,47
semiconductors_and_sme,854231,2021,100,BGR,Bulgaria,f,293658.0,0.000011,48
semiconductors_and_sme,854231,2021,268,GEO,Georgia,f,266129.0,0.000010,49
semiconductors_and_sme,854231,2021,440,LTU,Lithuania,f,262387.0,0.000010,50
semiconductors_and_sme,854231,2021,642,ROU,Romania,f,235773.0,0.000009,51
semiconductors_and_sme,854231,2021,52,BRB,Barbados,f,213514.0,0.000008,52
semiconductors_and_sme,854231,2021,554,NZL,New Zealand,f,199527.0,0.000007,53
semiconductors_and_sme,854231,2021,807,MKD,North Macedonia,f,158950.0,0.000006,54
semiconductors_and_sme,854231,2021,191,HRV,Croatia,f,103966.0,0.000004,55
semiconductors_and_sme,854231,2021,690,SYC,Seychelles,f,98163.0,0.000004,56
semiconductors_and_sme,854231,2021,446,MAC,"China, Macao SAR",f,89916.0,0.000003,57
semiconductors_and_sme,854231,2021,352,ISL,Iceland,f,60584.0,0.000002,58
semiconductors_and_sme,854231,2021,214,DOM,Dominican Rep.,f,52279.0,0.000002,59
semiconductors_and_sme,854231,2021,152,CHL,Chile,f,49935.0,0.000002,60
semiconductors_and_sme,854231,2021,784,ARE,United Arab Emirates,f,44059.0,0.000002,61
semiconductors_and_sme,854231,2021,862,VEN,Venezuela,f,36740.0,0.000001,62
semiconductors_and_sme,854231,2021,688,SRB,Serbia,f,36238.0,0.000001,63
semiconductors_and_sme,854231,2021,643,RUS,Russian Federation,f,35464.0,0.000001,64
semiconductors_and_sme,854231,2021,516,NAM,Namibia,f,34141.0,0.000001,65
semiconductors_and_sme,854231,2021,72,BWA,Botswana,f,32017.0,0.000001,66
semiconductors_and_sme,854231,2021,112,BLR,Belarus,f,29364.0,0.000001,67
semiconductors_and_sme,854231,2021,466,MLI,Mali,f,25650.0,0.000001,68
semiconductors_and_sme,854231,2021,233,EST,Estonia,f,25368.0,0.000001,69
semiconductors_and_sme,854231,2021,768,TGO,Togo,f,21718.0,0.000001,70
semiconductors_and_sme,854231,2021,218,ECU,Ecuador,f,21084.0,0.000001,71
semiconductors_and_sme,854231,2021,170,COL,Colombia,f,20770.0,0.000001,72
semiconductors_and_sme,854231,2021,222,SLV,El Salvador,f,17721.0,0.000001,73
semiconductors_and_sme,854231,2021,442,LUX,Luxembourg,f,15613.0,0.000001,74
semiconductors_and_sme,854231,2021,120,CMR,Cameroon,f,15350.0,0.000001,75
semiconductors_and_sme,854231,2021,694,SLE,Sierra Leone,f,14020.0,0.000001,76
semiconductors_and_sme,854231,2021,32,ARG,Argentina,f,13776.0,0.000001,77
semiconductors_and_sme,854231,2021,678,STP,Sao Tome and Principe,f,13033.0,0.000000,78
semiconductors_and_sme,854231,2021,136,CYM,Cayman Isds,f,11447.0,0.000000,79
semiconductors_and_sme,854231,2021,116,KHM,Cambodia,f,11264.0,0.000000,80
semiconductors_and_sme,854231,2021,414,KWT,Kuwait,f,11145.0,0.000000,81
semiconductors_and_sme,854231,2021,480,MUS,Mauritius,f,10411.0,0.000000,82
semiconductors_and_sme,854231,2021,300,GRC,Greece,f,10373.0,0.000000,83
semiconductors_and_sme,854231,2021,12,DZA,Algeria,f,10075.0,0.000000,84
semiconductors_and_sme,854231,2021,388,JAM,Jamaica,f,8669.0,0.000000,85
semiconductors_and_sme,854231,2021,598,PNG,Papua New Guinea,f,7992.0,0.000000,86
semiconductors_and_sme,854231,2021,428,LVA,Latvia,f,7372.0,0.000000,87
semiconductors_and_sme,854231,2021,788,TUN,Tunisia,f,5923.0,0.000000,88
semiconductors_and_sme,854231,2021,454,MWI,Malawi,f,5845.0,0.000000,89
semiconductors_and_sme,854231,2021,540,NCL,New Caledonia,f,5700.0,0.000000,90
semiconductors_and_sme,854231,2021,804,UKR,Ukraine,f,5320.0,0.000000,91
semiconductors_and_sme,854231,2021,104,MMR,Myanmar,f,5145.0,0.000000,92
semiconductors_and_sme,854231,2021,634,QAT,Qatar,f,4161.0,0.000000,93
semiconductors_and_sme,854231,2021,340,HND,Honduras,f,4075.0,0.000000,94
semiconductors_and_sme,854231,2021,196,CYP,Cyprus,f,3250.0,0.000000,95
semiconductors_and_sme,854231,2021,496,MNG,Mongolia,f,3120.0,0.000000,96
semiconductors_and_sme,854231,2021,462,MDV,Maldives,f,3084.0,0.000000,97
semiconductors_and_sme,854231,2021,566,NGA,Nigeria,f,2625.0,0.000000,98
semiconductors_and_sme,854231,2022,458,MYS,Malaysia,f,10747867556.0,0.438663,1
semiconductors_and_sme,854231,2022,490,TWN,Taiwan,f,2664015962.0,0.108729,2
semiconductors_and_sme,854231,2022,704,VNM,Viet Nam,f,2258618790.0,0.092183,3
semiconductors_and_sme,854231,2022,372,IRL,Ireland,f,2071317383.0,0.084539,4
semiconductors_and_sme,854231,2022,156,CHN,China,f,1496015787.0,0.061058,5
semiconductors_and_sme,854231,2022,376,ISR,Israel,f,1127214377.0,0.046006,6
semiconductors_and_sme,854231,2022,188,CRI,Costa Rica,f,805052481.0,0.032857,7
semiconductors_and_sme,854231,2022,410,KOR,Rep. of Korea,f,734869450.0,0.029993,8
semiconductors_and_sme,854231,2022,392,JPN,Japan,f,494155239.0,0.020168,9
semiconductors_and_sme,854231,2022,764,THA,Thailand,f,486995486.0,0.019876,10
semiconductors_and_sme,854231,2022,608,PHL,Philippines,f,419687198.0,0.017129,11
semiconductors_and_sme,854231,2022,124,CAN,Canada,f,332205305.0,0.013559,12
semiconductors_and_sme,854231,2022,276,DEU,Germany,f,217511757.0,0.008878,13
semiconductors_and_sme,854231,2022,702,SGP,Singapore,f,171282047.0,0.006991,14
semiconductors_and_sme,854231,2022,470,MLT,Malta,f,123934668.0,0.005058,15
semiconductors_and_sme,854231,2022,484,MEX,Mexico,f,113426988.0,0.004629,16
semiconductors_and_sme,854231,2022,251,FRA,France,f,62264357.0,0.002541,17
semiconductors_and_sme,854231,2022,826,GBR,United Kingdom,f,33227695.0,0.001356,18
semiconductors_and_sme,854231,2022,404,KEN,Kenya,f,20908786.0,0.000853,19
semiconductors_and_sme,854231,2022,380,ITA,Italy,f,13660297.0,0.000558,20
semiconductors_and_sme,854231,2022,757,CHE,Switzerland,f,13299744.0,0.000543,21
semiconductors_and_sme,854231,2022,344,HKG,"China, Hong Kong SAR",f,11434932.0,0.000467,22
semiconductors_and_sme,854231,2022,792,TUR,Türkiye,f,7675313.0,0.000313,23
semiconductors_and_sme,854231,2022,724,ESP,Spain,f,6435129.0,0.000263,24
semiconductors_and_sme,854231,2022,40,AUT,Austria,f,6245469.0,0.000255,25
semiconductors_and_sme,854231,2022,752,SWE,Sweden,f,6023101.0,0.000246,26
semiconductors_and_sme,854231,2022,528,NLD,Netherlands,f,5761533.0,0.000235,27
semiconductors_and_sme,854231,2022,504,MAR,Morocco,f,5564411.0,0.000227,28
semiconductors_and_sme,854231,2022,699,IND,India,f,5485798.0,0.000224,29
semiconductors_and_sme,854231,2022,360,IDN,Indonesia,f,5075434.0,0.000207,30
semiconductors_and_sme,854231,2022,203,CZE,Czechia,f,3418549.0,0.000140,31
semiconductors_and_sme,854231,2022,352,ISL,Iceland,f,3371268.0,0.000138,32
semiconductors_and_sme,854231,2022,208,DNK,Denmark,f,3361533.0,0.000137,33
semiconductors_and_sme,854231,2022,56,BEL,Belgium,f,3209979.0,0.000131,34
semiconductors_and_sme,854231,2022,20,AND,Andorra,f,3046921.0,0.000124,35
semiconductors_and_sme,854231,2022,246,FIN,Finland,f,2801813.0,0.000114,36
semiconductors_and_sme,854231,2022,703,SVK,Slovakia,f,2333257.0,0.000095,37
semiconductors_and_sme,854231,2022,36,AUS,Australia,f,1742553.0,0.000071,38
semiconductors_and_sme,854231,2022,616,POL,Poland,f,1716072.0,0.000070,39
semiconductors_and_sme,854231,2022,76,BRA,Brazil,f,1141559.0,0.000047,40
semiconductors_and_sme,854231,2022,579,NOR,Norway,f,1015216.0,0.000041,41
semiconductors_and_sme,854231,2022,620,PRT,Portugal,f,1000969.0,0.000041,42
semiconductors_and_sme,854231,2022,348,HUN,Hungary,f,986307.0,0.000040,43
semiconductors_and_sme,854231,2022,710,ZAF,South Africa,f,896347.0,0.000037,44
semiconductors_and_sme,854231,2022,554,NZL,New Zealand,f,512227.0,0.000021,45
semiconductors_and_sme,854231,2022,705,SVN,Slovenia,f,494368.0,0.000020,46
semiconductors_and_sme,854231,2022,440,LTU,Lithuania,f,413975.0,0.000017,47
semiconductors_and_sme,854231,2022,428,LVA,Latvia,f,237536.0,0.000010,48
semiconductors_and_sme,854231,2022,670,VCT,Saint Vincent and the Grenadines,f,235877.0,0.000010,49
semiconductors_and_sme,854231,2022,400,JOR,Jordan,f,199681.0,0.000008,50
semiconductors_and_sme,854231,2022,100,BGR,Bulgaria,f,177943.0,0.000007,51
semiconductors_and_sme,854231,2022,642,ROU,Romania,f,172488.0,0.000007,52
semiconductors_and_sme,854231,2022,116,KHM,Cambodia,f,153744.0,0.000006,53
semiconductors_and_sme,854231,2022,784,ARE,United Arab Emirates,f,138745.0,0.000006,54
semiconductors_and_sme,854231,2022,24,AGO,Angola,f,129124.0,0.000005,55
semiconductors_and_sme,854231,2022,144,LKA,Sri Lanka,f,118579.0,0.000005,56
semiconductors_and_sme,854231,2022,682,SAU,Saudi Arabia,f,105309.0,0.000004,57
semiconductors_and_sme,854231,2022,417,KGZ,Kyrgyzstan,f,95961.0,0.000004,58
semiconductors_and_sme,854231,2022,686,SEN,Senegal,f,88644.0,0.000004,59
semiconductors_and_sme,854231,2022,214,DOM,Dominican Rep.,f,87494.0,0.000004,60
semiconductors_and_sme,854231,2022,233,EST,Estonia,f,78562.0,0.000003,61
semiconductors_and_sme,854231,2022,152,CHL,Chile,f,74699.0,0.000003,62
semiconductors_and_sme,854231,2022,584,MHL,Marshall Isds,f,70080.0,0.000003,63
semiconductors_and_sme,854231,2022,300,GRC,Greece,f,63109.0,0.000003,64
semiconductors_and_sme,854231,2022,104,MMR,Myanmar,f,49224.0,0.000002,65
semiconductors_and_sme,854231,2022,562,NER,Niger,f,41490.0,0.000002,66
semiconductors_and_sme,854231,2022,591,PAN,Panama,f,37935.0,0.000002,67
semiconductors_and_sme,854231,2022,478,MRT,Mauritania,f,36934.0,0.000002,68
semiconductors_and_sme,854231,2022,191,HRV,Croatia,f,36694.0,0.000001,69
semiconductors_and_sme,854231,2022,480,MUS,Mauritius,f,30098.0,0.000001,70
semiconductors_and_sme,854231,2022,887,YEM,Yemen,f,26733.0,0.000001,71
semiconductors_and_sme,854231,2022,807,MKD,North Macedonia,f,26069.0,0.000001,72
semiconductors_and_sme,854231,2022,136,CYM,Cayman Isds,f,26008.0,0.000001,73
semiconductors_and_sme,854231,2022,446,MAC,"China, Macao SAR",f,25233.0,0.000001,74
semiconductors_and_sme,854231,2022,643,RUS,Russian Federation,f,17925.0,0.000001,75
semiconductors_and_sme,854231,2022,442,LUX,Luxembourg,f,15550.0,0.000001,76
semiconductors_and_sme,854231,2022,170,COL,Colombia,f,14905.0,0.000001,77
semiconductors_and_sme,854231,2022,788,TUN,Tunisia,f,14739.0,0.000001,78
semiconductors_and_sme,854231,2022,466,MLI,Mali,f,11992.0,0.000000,79
semiconductors_and_sme,854231,2022,600,PRY,Paraguay,f,10700.0,0.000000,80
semiconductors_and_sme,854231,2022,626,TLS,Timor-Leste,f,9825.0,0.000000,81
semiconductors_and_sme,854231,2022,646,RWA,Rwanda,f,7434.0,0.000000,82
semiconductors_and_sme,854231,2022,196,CYP,Cyprus,f,7135.0,0.000000,83
semiconductors_and_sme,854231,2022,234,FRO,Faroe Isds,f,6611.0,0.000000,84
semiconductors_and_sme,854231,2022,499,MNE,Montenegro,f,5475.0,0.000000,85
semiconductors_and_sme,854231,2022,780,TTO,Trinidad and Tobago,f,5075.0,0.000000,86
semiconductors_and_sme,854231,2022,678,STP,Sao Tome and Principe,f,4171.0,0.000000,87
semiconductors_and_sme,854231,2022,604,PER,Peru,f,3729.0,0.000000,88
semiconductors_and_sme,854231,2022,86,IOT,Br. Indian Ocean Terr.,f,3713.0,0.000000,89
semiconductors_and_sme,854231,2022,858,URY,Uruguay,f,3458.0,0.000000,90
semiconductors_and_sme,854231,2022,32,ARG,Argentina,f,3215.0,0.000000,91
semiconductors_and_sme,854231,2022,818,EGY,Egypt,f,2999.0,0.000000,92
semiconductors_and_sme,854231,2022,662,LCA,Saint Lucia,f,2972.0,0.000000,93
semiconductors_and_sme,854231,2022,688,SRB,Serbia,f,2469.0,0.000000,94
semiconductors_and_sme,854231,2022,762,TJK,Tajikistan,f,2284.0,0.000000,95
semiconductors_and_sme,854231,2022,112,BLR,Belarus,f,2060.0,0.000000,96
semiconductors_and_sme,854231,2023,458,MYS,Malaysia,f,6659322009.0,0.328311,1
semiconductors_and_sme,854231,2023,490,TWN,Taiwan,f,2775735532.0,0.136846,2
semiconductors_and_sme,854231,2023,376,ISR,Israel,f,1979092417.0,0.097571,3
semiconductors_and_sme,854231,2023,372,IRL,Ireland,f,1678907868.0,0.082772,4
semiconductors_and_sme,854231,2023,704,VNM,Viet Nam,f,1666662974.0,0.082168,5
semiconductors_and_sme,854231,2023,188,CRI,Costa Rica,f,1094155358.0,0.053943,6
semiconductors_and_sme,854231,2023,156,CHN,China,f,991051929.0,0.048860,7
semiconductors_and_sme,854231,2023,410,KOR,Rep. of Korea,f,879320655.0,0.043351,8
semiconductors_and_sme,854231,2023,392,JPN,Japan,f,520860093.0,0.025679,9
semiconductors_and_sme,854231,2023,764,THA,Thailand,f,483045320.0,0.023815,10
semiconductors_and_sme,854231,2023,276,DEU,Germany,f,376555100.0,0.018565,11
semiconductors_and_sme,854231,2023,608,PHL,Philippines,f,354357407.0,0.017470,12
semiconductors_and_sme,854231,2023,702,SGP,Singapore,f,272967856.0,0.013458,13
semiconductors_and_sme,854231,2023,124,CAN,Canada,f,199103128.0,0.009816,14
semiconductors_and_sme,854231,2023,484,MEX,Mexico,f,81523540.0,0.004019,15
semiconductors_and_sme,854231,2023,470,MLT,Malta,f,66667871.0,0.003287,16
semiconductors_and_sme,854231,2023,251,FRA,France,f,53745848.0,0.002650,17
semiconductors_and_sme,854231,2023,826,GBR,United Kingdom,f,25867229.0,0.001275,18
semiconductors_and_sme,854231,2023,792,TUR,Türkiye,f,14098565.0,0.000695,19
semiconductors_and_sme,854231,2023,528,NLD,Netherlands,f,13965680.0,0.000689,20
semiconductors_and_sme,854231,2023,757,CHE,Switzerland,f,13563180.0,0.000669,21
semiconductors_and_sme,854231,2023,380,ITA,Italy,f,10343867.0,0.000510,22
semiconductors_and_sme,854231,2023,724,ESP,Spain,f,6784438.0,0.000334,23
semiconductors_and_sme,854231,2023,752,SWE,Sweden,f,6698187.0,0.000330,24
semiconductors_and_sme,854231,2023,699,IND,India,f,6599640.0,0.000325,25
semiconductors_and_sme,854231,2023,504,MAR,Morocco,f,5272540.0,0.000260,26
semiconductors_and_sme,854231,2023,203,CZE,Czechia,f,5124837.0,0.000253,27
semiconductors_and_sme,854231,2023,40,AUT,Austria,f,5059560.0,0.000249,28
semiconductors_and_sme,854231,2023,344,HKG,"China, Hong Kong SAR",f,4517760.0,0.000223,29
semiconductors_and_sme,854231,2023,360,IDN,Indonesia,f,4330163.0,0.000213,30
semiconductors_and_sme,854231,2023,246,FIN,Finland,f,4015242.0,0.000198,31
semiconductors_and_sme,854231,2023,56,BEL,Belgium,f,3743744.0,0.000185,32
semiconductors_and_sme,854231,2023,616,POL,Poland,f,3483603.0,0.000172,33
semiconductors_and_sme,854231,2023,208,DNK,Denmark,f,2040443.0,0.000101,34
semiconductors_and_sme,854231,2023,620,PRT,Portugal,f,1925750.0,0.000095,35
semiconductors_and_sme,854231,2023,579,NOR,Norway,f,1473546.0,0.000073,36
semiconductors_and_sme,854231,2023,352,ISL,Iceland,f,1299005.0,0.000064,37
semiconductors_and_sme,854231,2023,36,AUS,Australia,f,1094293.0,0.000054,38
semiconductors_and_sme,854231,2023,703,SVK,Slovakia,f,970945.0,0.000048,39
semiconductors_and_sme,854231,2023,100,BGR,Bulgaria,f,794321.0,0.000039,40
semiconductors_and_sme,854231,2023,710,ZAF,South Africa,f,686503.0,0.000034,41
semiconductors_and_sme,854231,2023,807,MKD,North Macedonia,f,665261.0,0.000033,42
semiconductors_and_sme,854231,2023,20,AND,Andorra,f,634493.0,0.000031,43
semiconductors_and_sme,854231,2023,76,BRA,Brazil,f,625183.0,0.000031,44
semiconductors_and_sme,854231,2023,440,LTU,Lithuania,f,605461.0,0.000030,45
semiconductors_and_sme,854231,2023,642,ROU,Romania,f,473877.0,0.000023,46
semiconductors_and_sme,854231,2023,554,NZL,New Zealand,f,469487.0,0.000023,47
semiconductors_and_sme,854231,2023,705,SVN,Slovenia,f,452071.0,0.000022,48
semiconductors_and_sme,854231,2023,233,EST,Estonia,f,383416.0,0.000019,49
semiconductors_and_sme,854231,2023,780,TTO,Trinidad and Tobago,f,375449.0,0.000019,50
semiconductors_and_sme,854231,2023,643,RUS,Russian Federation,f,304890.0,0.000015,51
semiconductors_and_sme,854231,2023,348,HUN,Hungary,f,195271.0,0.000010,52
semiconductors_and_sme,854231,2023,784,ARE,United Arab Emirates,f,174500.0,0.000009,53
semiconductors_and_sme,854231,2023,466,MLI,Mali,f,109011.0,0.000005,54
semiconductors_and_sme,854231,2023,776,TON,Tonga,f,100073.0,0.000005,55
semiconductors_and_sme,854231,2023,480,MUS,Mauritius,f,94769.0,0.000005,56
semiconductors_and_sme,854231,2023,428,LVA,Latvia,f,94466.0,0.000005,57
semiconductors_and_sme,854231,2023,152,CHL,Chile,f,91929.0,0.000005,58
semiconductors_and_sme,854231,2023,144,LKA,Sri Lanka,f,86225.0,0.000004,59
semiconductors_and_sme,854231,2023,191,HRV,Croatia,f,83470.0,0.000004,60
semiconductors_and_sme,854231,2023,104,MMR,Myanmar,f,78839.0,0.000004,61
semiconductors_and_sme,854231,2023,170,COL,Colombia,f,60149.0,0.000003,62
semiconductors_and_sme,854231,2023,788,TUN,Tunisia,f,57537.0,0.000003,63
semiconductors_and_sme,854231,2023,300,GRC,Greece,f,47430.0,0.000002,64
semiconductors_and_sme,854231,2023,694,SLE,Sierra Leone,f,47196.0,0.000002,65
semiconductors_and_sme,854231,2023,446,MAC,"China, Macao SAR",f,34157.0,0.000002,66
semiconductors_and_sme,854231,2023,214,DOM,Dominican Rep.,f,29608.0,0.000001,67
semiconductors_and_sme,854231,2023,136,CYM,Cayman Isds,f,29243.0,0.000001,68
semiconductors_and_sme,854231,2023,404,KEN,Kenya,f,27432.0,0.000001,69
semiconductors_and_sme,854231,2023,340,HND,Honduras,f,26284.0,0.000001,70
semiconductors_and_sme,854231,2023,8,ALB,Albania,f,25120.0,0.000001,71
semiconductors_and_sme,854231,2023,804,UKR,Ukraine,f,23525.0,0.000001,72
semiconductors_and_sme,854231,2023,400,JOR,Jordan,f,22584.0,0.000001,73
semiconductors_and_sme,854231,2023,688,SRB,Serbia,f,21345.0,0.000001,74
semiconductors_and_sme,854231,2023,32,ARG,Argentina,f,20837.0,0.000001,75
semiconductors_and_sme,854231,2023,116,KHM,Cambodia,f,20004.0,0.000001,76
semiconductors_and_sme,854231,2023,258,PYF,French Polynesia,f,19405.0,0.000001,77
semiconductors_and_sme,854231,2023,120,CMR,Cameroon,f,15457.0,0.000001,78
semiconductors_and_sme,854231,2023,876,WLF,Wallis and Futuna Isds,f,14852.0,0.000001,79
semiconductors_and_sme,854231,2023,516,NAM,Namibia,f,12706.0,0.000001,80
semiconductors_and_sme,854231,2023,442,LUX,Luxembourg,f,12011.0,0.000001,81
semiconductors_and_sme,854231,2023,598,PNG,Papua New Guinea,f,11119.0,0.000001,82
semiconductors_and_sme,854231,2023,682,SAU,Saudi Arabia,f,10944.0,0.000001,83
semiconductors_and_sme,854231,2023,690,SYC,Seychelles,f,8856.0,0.000000,84
semiconductors_and_sme,854231,2023,328,GUY,Guyana,f,7715.0,0.000000,85
semiconductors_and_sme,854231,2023,388,JAM,Jamaica,f,7450.0,0.000000,86
semiconductors_and_sme,854231,2023,678,STP,Sao Tome and Principe,f,7067.0,0.000000,87
semiconductors_and_sme,854231,2023,332,HTI,Haiti,f,6489.0,0.000000,88
semiconductors_and_sme,854231,2023,430,LBR,Liberia,f,6419.0,0.000000,89
semiconductors_and_sme,854231,2023,626,TLS,Timor-Leste,f,5724.0,0.000000,90
semiconductors_and_sme,854231,2023,520,NRU,Naoero,f,4997.0,0.000000,91
semiconductors_and_sme,854231,2023,508,MOZ,Mozambique,f,3156.0,0.000000,92
semiconductors_and_sme,854231,2023,654,SHN,Saint Helena,f,2977.0,0.000000,93
semiconductors_and_sme,854231,2024,490,TWN,Taiwan,f,8061643339.0,0.284177,1
semiconductors_and_sme,854231,2024,458,MYS,Malaysia,f,7700789495.0,0.271457,2
semiconductors_and_sme,854231,2024,376,ISR,Israel,f,4111829912.0,0.144944,3
semiconductors_and_sme,854231,2024,372,IRL,Ireland,f,1914890898.0,0.067501,4
semiconductors_and_sme,854231,2024,704,VNM,Viet Nam,f,1277254205.0,0.045024,5
semiconductors_and_sme,854231,2024,188,CRI,Costa Rica,f,1219886060.0,0.043002,6
semiconductors_and_sme,854231,2024,410,KOR,Rep. of Korea,f,1147856748.0,0.040463,7
semiconductors_and_sme,854231,2024,156,CHN,China,f,859630614.0,0.030302,8
semiconductors_and_sme,854231,2024,392,JPN,Japan,f,418543002.0,0.014754,9
semiconductors_and_sme,854231,2024,276,DEU,Germany,f,388009659.0,0.013678,10
semiconductors_and_sme,854231,2024,124,CAN,Canada,f,241282032.0,0.008505,11
semiconductors_and_sme,854231,2024,764,THA,Thailand,f,235746486.0,0.008310,12
semiconductors_and_sme,854231,2024,608,PHL,Philippines,f,226852391.0,0.007997,13
semiconductors_and_sme,854231,2024,702,SGP,Singapore,f,178106319.0,0.006278,14
semiconductors_and_sme,854231,2024,470,MLT,Malta,f,86595568.0,0.003053,15
semiconductors_and_sme,854231,2024,484,MEX,Mexico,f,85129458.0,0.003001,16
semiconductors_and_sme,854231,2024,251,FRA,France,f,71057827.0,0.002505,17
semiconductors_and_sme,854231,2024,757,CHE,Switzerland,f,17811978.0,0.000628,18
semiconductors_and_sme,854231,2024,792,TUR,Türkiye,f,17509803.0,0.000617,19
semiconductors_and_sme,854231,2024,826,GBR,United Kingdom,f,16582540.0,0.000585,20
semiconductors_and_sme,854231,2024,528,NLD,Netherlands,f,8985721.0,0.000317,21
semiconductors_and_sme,854231,2024,208,DNK,Denmark,f,8237465.0,0.000290,22
semiconductors_and_sme,854231,2024,752,SWE,Sweden,f,7710459.0,0.000272,23
semiconductors_and_sme,854231,2024,380,ITA,Italy,f,7602647.0,0.000268,24
semiconductors_and_sme,854231,2024,40,AUT,Austria,f,7079844.0,0.000250,25
semiconductors_and_sme,854231,2024,724,ESP,Spain,f,6603611.0,0.000233,26
semiconductors_and_sme,854231,2024,352,ISL,Iceland,f,5548166.0,0.000196,27
semiconductors_and_sme,854231,2024,203,CZE,Czechia,f,4793927.0,0.000169,28
semiconductors_and_sme,854231,2024,504,MAR,Morocco,f,3663138.0,0.000129,29
semiconductors_and_sme,854231,2024,699,IND,India,f,3354622.0,0.000118,30
semiconductors_and_sme,854231,2024,56,BEL,Belgium,f,3239177.0,0.000114,31
semiconductors_and_sme,854231,2024,360,IDN,Indonesia,f,2849333.0,0.000100,32
semiconductors_and_sme,854231,2024,344,HKG,"China, Hong Kong SAR",f,2566377.0,0.000090,33
semiconductors_and_sme,854231,2024,616,POL,Poland,f,1826579.0,0.000064,34
semiconductors_and_sme,854231,2024,710,ZAF,South Africa,f,1581489.0,0.000056,35
semiconductors_and_sme,854231,2024,620,PRT,Portugal,f,1466545.0,0.000052,36
semiconductors_and_sme,854231,2024,591,PAN,Panama,f,1155336.0,0.000041,37
semiconductors_and_sme,854231,2024,579,NOR,Norway,f,1035133.0,0.000036,38
semiconductors_and_sme,854231,2024,642,ROU,Romania,f,1025282.0,0.000036,39
semiconductors_and_sme,854231,2024,440,LTU,Lithuania,f,935398.0,0.000033,40
semiconductors_and_sme,854231,2024,348,HUN,Hungary,f,785895.0,0.000028,41
semiconductors_and_sme,854231,2024,688,SRB,Serbia,f,785214.0,0.000028,42
semiconductors_and_sme,854231,2024,300,GRC,Greece,f,678706.0,0.000024,43
semiconductors_and_sme,854231,2024,36,AUS,Australia,f,647482.0,0.000023,44
semiconductors_and_sme,854231,2024,246,FIN,Finland,f,632188.0,0.000022,45
semiconductors_and_sme,854231,2024,446,MAC,"China, Macao SAR",f,607282.0,0.000021,46
semiconductors_and_sme,854231,2024,703,SVK,Slovakia,f,607211.0,0.000021,47
semiconductors_and_sme,854231,2024,100,BGR,Bulgaria,f,543915.0,0.000019,48
semiconductors_and_sme,854231,2024,554,NZL,New Zealand,f,500487.0,0.000018,49
semiconductors_and_sme,854231,2024,784,ARE,United Arab Emirates,f,409220.0,0.000014,50
semiconductors_and_sme,854231,2024,340,HND,Honduras,f,397435.0,0.000014,51
semiconductors_and_sme,854231,2024,76,BRA,Brazil,f,396409.0,0.000014,52
semiconductors_and_sme,854231,2024,705,SVN,Slovenia,f,380275.0,0.000013,53
semiconductors_and_sme,854231,2024,780,TTO,Trinidad and Tobago,f,322633.0,0.000011,54
semiconductors_and_sme,854231,2024,144,LKA,Sri Lanka,f,316762.0,0.000011,55
semiconductors_and_sme,854231,2024,20,AND,Andorra,f,291755.0,0.000010,56
semiconductors_and_sme,854231,2024,218,ECU,Ecuador,f,285915.0,0.000010,57
semiconductors_and_sme,854231,2024,862,VEN,Venezuela,f,215331.0,0.000008,58
semiconductors_and_sme,854231,2024,233,EST,Estonia,f,160175.0,0.000006,59
semiconductors_and_sme,854231,2024,51,ARM,Armenia,f,149254.0,0.000005,60
semiconductors_and_sme,854231,2024,170,COL,Colombia,f,131433.0,0.000005,61
semiconductors_and_sme,854231,2024,860,UZB,Uzbekistan,f,93913.0,0.000003,62
semiconductors_and_sme,854231,2024,428,LVA,Latvia,f,93398.0,0.000003,63
semiconductors_and_sme,854231,2024,8,ALB,Albania,f,80051.0,0.000003,64
semiconductors_and_sme,854231,2024,466,MLI,Mali,f,75844.0,0.000003,65
semiconductors_and_sme,854231,2024,214,DOM,Dominican Rep.,f,72445.0,0.000003,66
semiconductors_and_sme,854231,2024,788,TUN,Tunisia,f,72439.0,0.000003,67
semiconductors_and_sme,854231,2024,191,HRV,Croatia,f,59933.0,0.000002,68
semiconductors_and_sme,854231,2024,116,KHM,Cambodia,f,57998.0,0.000002,69
semiconductors_and_sme,854231,2024,478,MRT,Mauritania,f,48606.0,0.000002,70
semiconductors_and_sme,854231,2024,626,TLS,Timor-Leste,f,47969.0,0.000002,71
semiconductors_and_sme,854231,2024,643,RUS,Russian Federation,f,29850.0,0.000001,72
semiconductors_and_sme,854231,2024,32,ARG,Argentina,f,26880.0,0.000001,73
semiconductors_and_sme,854231,2024,800,UGA,Uganda,f,25599.0,0.000001,74
semiconductors_and_sme,854231,2024,604,PER,Peru,f,21838.0,0.000001,75
semiconductors_and_sme,854231,2024,136,CYM,Cayman Isds,f,19291.0,0.000001,76
semiconductors_and_sme,854231,2024,516,NAM,Namibia,f,17610.0,0.000001,77
semiconductors_and_sme,854231,2024,442,LUX,Luxembourg,f,15136.0,0.000001,78
semiconductors_and_sme,854231,2024,152,CHL,Chile,f,10304.0,0.000000,79
semiconductors_and_sme,854231,2024,682,SAU,Saudi Arabia,f,4907.0,0.000000,80
semiconductors_and_sme,854231,2024,268,GEO,Georgia,f,4339.0,0.000000,81
semiconductors_and_sme,854231,2024,798,TUV,Tuvalu,f,3950.0,0.000000,82
semiconductors_and_sme,854231,2024,260,ATF,Fr. South Antarctic Terr.,f,3687.0,0.000000,83
semiconductors_and_sme,854231,2024,480,MUS,Mauritius,f,3098.0,0.000000,84
semiconductors_and_sme,854231,2024,104,MMR,Myanmar,f,3020.0,0.000000,85
semiconductors_and_sme,854231,2024,212,DMA,Dominica,f,2275.0,0.000000,86
semiconductors_and_sme,854231,2025,490,TWN,Taiwan,f,10199909984.0,0.312576,1
semiconductors_and_sme,854231,2025,458,MYS,Malaysia,f,9259316151.0,0.283751,2
semiconductors_and_sme,854231,2025,376,ISR,Israel,f,4331856713.0,0.132750,3
semiconductors_and_sme,854231,2025,188,CRI,Costa Rica,f,2340851759.0,0.071735,4
semiconductors_and_sme,854231,2025,372,IRL,Ireland,f,1779962150.0,0.054547,5
semiconductors_and_sme,854231,2025,704,VNM,Viet Nam,f,981626101.0,0.030082,6
semiconductors_and_sme,854231,2025,156,CHN,China,f,868731685.0,0.026622,7
semiconductors_and_sme,854231,2025,410,KOR,Rep. of Korea,f,759265988.0,0.023268,8
semiconductors_and_sme,854231,2025,276,DEU,Germany,f,432489799.0,0.013254,9
semiconductors_and_sme,854231,2025,392,JPN,Japan,f,398309920.0,0.012206,10
semiconductors_and_sme,854231,2025,702,SGP,Singapore,f,287198546.0,0.008801,11
semiconductors_and_sme,854231,2025,764,THA,Thailand,f,217780875.0,0.006674,12
semiconductors_and_sme,854231,2025,124,CAN,Canada,f,187452543.0,0.005744,13
semiconductors_and_sme,854231,2025,608,PHL,Philippines,f,162878738.0,0.004991,14
semiconductors_and_sme,854231,2025,251,FRA,France,f,102033326.0,0.003127,15
semiconductors_and_sme,854231,2025,470,MLT,Malta,f,98442746.0,0.003017,16
semiconductors_and_sme,854231,2025,484,MEX,Mexico,f,75484438.0,0.002313,17
semiconductors_and_sme,854231,2025,40,AUT,Austria,f,28263591.0,0.000866,18
semiconductors_and_sme,854231,2025,380,ITA,Italy,f,17150134.0,0.000526,19
semiconductors_and_sme,854231,2025,757,CHE,Switzerland,f,14463030.0,0.000443,20
semiconductors_and_sme,854231,2025,826,GBR,United Kingdom,f,11525761.0,0.000353,21
semiconductors_and_sme,854231,2025,208,DNK,Denmark,f,9264726.0,0.000284,22
semiconductors_and_sme,854231,2025,752,SWE,Sweden,f,8704919.0,0.000267,23
semiconductors_and_sme,854231,2025,528,NLD,Netherlands,f,6762581.0,0.000207,24
semiconductors_and_sme,854231,2025,699,IND,India,f,5966430.0,0.000183,25
semiconductors_and_sme,854231,2025,56,BEL,Belgium,f,4317843.0,0.000132,26
semiconductors_and_sme,854231,2025,724,ESP,Spain,f,4315706.0,0.000132,27
semiconductors_and_sme,854231,2025,344,HKG,"China, Hong Kong SAR",f,3691786.0,0.000113,28
semiconductors_and_sme,854231,2025,440,LTU,Lithuania,f,3379748.0,0.000104,29
semiconductors_and_sme,854231,2025,352,ISL,Iceland,f,3344498.0,0.000102,30
semiconductors_and_sme,854231,2025,360,IDN,Indonesia,f,3287475.0,0.000101,31
semiconductors_and_sme,854231,2025,203,CZE,Czechia,f,2765802.0,0.000085,32
semiconductors_and_sme,854231,2025,792,TUR,Türkiye,f,2604387.0,0.000080,33
semiconductors_and_sme,854231,2025,504,MAR,Morocco,f,2373855.0,0.000073,34
semiconductors_and_sme,854231,2025,616,POL,Poland,f,2263205.0,0.000069,35
semiconductors_and_sme,854231,2025,20,AND,Andorra,f,1570810.0,0.000048,36
semiconductors_and_sme,854231,2025,579,NOR,Norway,f,1428950.0,0.000044,37
semiconductors_and_sme,854231,2025,348,HUN,Hungary,f,1146035.0,0.000035,38
semiconductors_and_sme,854231,2025,710,ZAF,South Africa,f,991523.0,0.000030,39
semiconductors_and_sme,854231,2025,76,BRA,Brazil,f,954103.0,0.000029,40
semiconductors_and_sme,854231,2025,36,AUS,Australia,f,912130.0,0.000028,41
semiconductors_and_sme,854231,2025,642,ROU,Romania,f,792532.0,0.000024,42
semiconductors_and_sme,854231,2025,784,ARE,United Arab Emirates,f,693663.0,0.000021,43
semiconductors_and_sme,854231,2025,703,SVK,Slovakia,f,524206.0,0.000016,44
semiconductors_and_sme,854231,2025,554,NZL,New Zealand,f,399356.0,0.000012,45
semiconductors_and_sme,854231,2025,620,PRT,Portugal,f,372843.0,0.000011,46
semiconductors_and_sme,854231,2025,466,MLI,Mali,f,370884.0,0.000011,47
semiconductors_and_sme,854231,2025,100,BGR,Bulgaria,f,330264.0,0.000010,48
semiconductors_and_sme,854231,2025,516,NAM,Namibia,f,327993.0,0.000010,49
semiconductors_and_sme,854231,2025,428,LVA,Latvia,f,291105.0,0.000009,50
semiconductors_and_sme,854231,2025,682,SAU,Saudi Arabia,f,282364.0,0.000009,51
semiconductors_and_sme,854231,2025,398,KAZ,Kazakhstan,f,250347.0,0.000008,52
semiconductors_and_sme,854231,2025,222,SLV,El Salvador,f,225097.0,0.000007,53
semiconductors_and_sme,854231,2025,320,GTM,Guatemala,f,209354.0,0.000006,54
semiconductors_and_sme,854231,2025,340,HND,Honduras,f,205123.0,0.000006,55
semiconductors_and_sme,854231,2025,144,LKA,Sri Lanka,f,187283.0,0.000006,56
semiconductors_and_sme,854231,2025,480,MUS,Mauritius,f,158968.0,0.000005,57
semiconductors_and_sme,854231,2025,705,SVN,Slovenia,f,154024.0,0.000005,58
semiconductors_and_sme,854231,2025,116,KHM,Cambodia,f,144256.0,0.000004,59
semiconductors_and_sme,854231,2025,246,FIN,Finland,f,139693.0,0.000004,60
semiconductors_and_sme,854231,2025,688,SRB,Serbia,f,130775.0,0.000004,61
semiconductors_and_sme,854231,2025,170,COL,Colombia,f,84168.0,0.000003,62
semiconductors_and_sme,854231,2025,8,ALB,Albania,f,72803.0,0.000002,63
semiconductors_and_sme,854231,2025,646,RWA,Rwanda,f,68079.0,0.000002,64
semiconductors_and_sme,854231,2025,196,CYP,Cyprus,f,65065.0,0.000002,65
semiconductors_and_sme,854231,2025,218,ECU,Ecuador,f,50839.0,0.000002,66
semiconductors_and_sme,854231,2025,191,HRV,Croatia,f,49440.0,0.000002,67
semiconductors_and_sme,854231,2025,233,EST,Estonia,f,37400.0,0.000001,68
semiconductors_and_sme,854231,2025,446,MAC,"China, Macao SAR",f,17803.0,0.000001,69
semiconductors_and_sme,854231,2025,662,LCA,Saint Lucia,f,16362.0,0.000001,70
semiconductors_and_sme,854231,2025,300,GRC,Greece,f,12853.0,0.000000,71
semiconductors_and_sme,854231,2025,112,BLR,Belarus,f,12703.0,0.000000,72
semiconductors_and_sme,854231,2025,132,CPV,Cabo Verde,f,11837.0,0.000000,73
semiconductors_and_sme,854231,2025,804,UKR,Ukraine,f,9075.0,0.000000,74
semiconductors_and_sme,854231,2025,768,TGO,Togo,f,8415.0,0.000000,75
semiconductors_and_sme,854231,2025,776,TON,Tonga,f,7034.0,0.000000,76
semiconductors_and_sme,854231,2025,400,JOR,Jordan,f,7025.0,0.000000,77
semiconductors_and_sme,854231,2025,70,BIH,Bosnia Herzegovina,f,5342.0,0.000000,78
semiconductors_and_sme,854231,2025,788,TUN,Tunisia,f,4951.0,0.000000,79
semiconductors_and_sme,854231,2025,780,TTO,Trinidad and Tobago,f,4450.0,0.000000,80
semiconductors_and_sme,854231,2025,670,VCT,Saint Vincent and the Grenadines,f,4050.0,0.000000,81
semiconductors_and_sme,854231,2025,694,SLE,Sierra Leone,f,3742.0,0.000000,82
semiconductors_and_sme,854231,2025,32,ARG,Argentina,f,2363.0,0.000000,83
semiconductors_and_sme,854232,2018,490,TWN,Taiwan,f,857186958.0,0.282876,1
semiconductors_and_sme,854232,2018,156,CHN,China,f,662383010.0,0.218589,2
semiconductors_and_sme,854232,2018,458,MYS,Malaysia,f,368180373.0,0.121501,3
semiconductors_and_sme,854232,2018,702,SGP,Singapore,f,298234930.0,0.098419,4
semiconductors_and_sme,854232,2018,410,KOR,Rep. of Korea,f,290304229.0,0.095802,5
semiconductors_and_sme,854232,2018,392,JPN,Japan,f,237483103.0,0.078371,6
semiconductors_and_sme,854232,2018,764,THA,Thailand,f,160812946.0,0.053069,7
semiconductors_and_sme,854232,2018,608,PHL,Philippines,f,109072610.0,0.035994,8
semiconductors_and_sme,854232,2018,251,FRA,France,f,10823916.0,0.003572,9
semiconductors_and_sme,854232,2018,699,IND,India,f,9428116.0,0.003111,10
semiconductors_and_sme,854232,2018,344,HKG,"China, Hong Kong SAR",f,6872057.0,0.002268,11
semiconductors_and_sme,854232,2018,276,DEU,Germany,f,6130174.0,0.002023,12
semiconductors_and_sme,854232,2018,826,GBR,United Kingdom,f,4380319.0,0.001446,13
semiconductors_and_sme,854232,2018,124,CAN,Canada,f,2055413.0,0.000678,14
semiconductors_and_sme,854232,2018,188,CRI,Costa Rica,f,930218.0,0.000307,15
semiconductors_and_sme,854232,2018,528,NLD,Netherlands,f,909133.0,0.000300,16
semiconductors_and_sme,854232,2018,484,MEX,Mexico,f,615509.0,0.000203,17
semiconductors_and_sme,854232,2018,703,SVK,Slovakia,f,586913.0,0.000194,18
semiconductors_and_sme,854232,2018,376,ISR,Israel,f,491439.0,0.000162,19
semiconductors_and_sme,854232,2018,380,ITA,Italy,f,451269.0,0.000149,20
semiconductors_and_sme,854232,2018,470,MLT,Malta,f,398183.0,0.000131,21
semiconductors_and_sme,854232,2018,40,AUT,Austria,f,366256.0,0.000121,22
semiconductors_and_sme,854232,2018,704,VNM,Viet Nam,f,333713.0,0.000110,23
semiconductors_and_sme,854232,2018,757,CHE,Switzerland,f,246560.0,0.000081,24
semiconductors_and_sme,854232,2018,372,IRL,Ireland,f,232851.0,0.000077,25
semiconductors_and_sme,854232,2018,360,IDN,Indonesia,f,216013.0,0.000071,26
semiconductors_and_sme,854232,2018,148,TCD,Chad,f,123694.0,0.000041,27
semiconductors_and_sme,854232,2018,724,ESP,Spain,f,122541.0,0.000040,28
semiconductors_and_sme,854232,2018,208,DNK,Denmark,f,112736.0,0.000037,29
semiconductors_and_sme,854232,2018,36,AUS,Australia,f,95398.0,0.000031,30
semiconductors_and_sme,854232,2018,784,ARE,United Arab Emirates,f,83413.0,0.000028,31
semiconductors_and_sme,854232,2018,792,TUR,Türkiye,f,73056.0,0.000024,32
semiconductors_and_sme,854232,2018,76,BRA,Brazil,f,71409.0,0.000024,33
semiconductors_and_sme,854232,2018,752,SWE,Sweden,f,58830.0,0.000019,34
semiconductors_and_sme,854232,2018,579,NOR,Norway,f,53245.0,0.000018,35
semiconductors_and_sme,854232,2018,586,PAK,Pakistan,f,34887.0,0.000012,36
semiconductors_and_sme,854232,2018,428,LVA,Latvia,f,30828.0,0.000010,37
semiconductors_and_sme,854232,2018,348,HUN,Hungary,f,30159.0,0.000010,38
semiconductors_and_sme,854232,2018,804,UKR,Ukraine,f,29487.0,0.000010,39
semiconductors_and_sme,854232,2018,56,BEL,Belgium,f,25688.0,0.000008,40
semiconductors_and_sme,854232,2018,246,FIN,Finland,f,23630.0,0.000008,41
semiconductors_and_sme,854232,2018,616,POL,Poland,f,22627.0,0.000007,42
semiconductors_and_sme,854232,2018,108,BDI,Burundi,f,20000.0,0.000007,43
semiconductors_and_sme,854232,2018,454,MWI,Malawi,f,18255.0,0.000006,44
semiconductors_and_sme,854232,2018,504,MAR,Morocco,f,16645.0,0.000005,45
semiconductors_and_sme,854232,2018,203,CZE,Czechia,f,16275.0,0.000005,46
semiconductors_and_sme,854232,2018,705,SVN,Slovenia,f,12427.0,0.000004,47
semiconductors_and_sme,854232,2018,591,PAN,Panama,f,11166.0,0.000004,48
semiconductors_and_sme,854232,2018,710,ZAF,South Africa,f,7840.0,0.000003,49
semiconductors_and_sme,854232,2018,620,PRT,Portugal,f,7329.0,0.000002,50
semiconductors_and_sme,854232,2018,554,NZL,New Zealand,f,6649.0,0.000002,51
semiconductors_and_sme,854232,2018,642,ROU,Romania,f,6641.0,0.000002,52
semiconductors_and_sme,854232,2018,694,SLE,Sierra Leone,f,6450.0,0.000002,53
semiconductors_and_sme,854232,2018,233,EST,Estonia,f,6232.0,0.000002,54
semiconductors_and_sme,854232,2018,516,NAM,Namibia,f,3491.0,0.000001,55
semiconductors_and_sme,854232,2018,788,TUN,Tunisia,f,2867.0,0.000001,56
semiconductors_and_sme,854232,2019,490,TWN,Taiwan,f,473368405.0,0.262794,1
semiconductors_and_sme,854232,2019,458,MYS,Malaysia,f,420274516.0,0.233318,2
semiconductors_and_sme,854232,2019,410,KOR,Rep. of Korea,f,248706031.0,0.138071,3
semiconductors_and_sme,854232,2019,392,JPN,Japan,f,174551586.0,0.096904,4
semiconductors_and_sme,854232,2019,702,SGP,Singapore,f,170155119.0,0.094463,5
semiconductors_and_sme,854232,2019,156,CHN,China,f,124098081.0,0.068894,6
semiconductors_and_sme,854232,2019,764,THA,Thailand,f,107301896.0,0.059569,7
semiconductors_and_sme,854232,2019,608,PHL,Philippines,f,51999339.0,0.028868,8
semiconductors_and_sme,854232,2019,251,FRA,France,f,12743504.0,0.007075,9
semiconductors_and_sme,854232,2019,344,HKG,"China, Hong Kong SAR",f,4847302.0,0.002691,10
semiconductors_and_sme,854232,2019,276,DEU,Germany,f,3693752.0,0.002051,11
semiconductors_and_sme,854232,2019,826,GBR,United Kingdom,f,2214342.0,0.001229,12
semiconductors_and_sme,854232,2019,704,VNM,Viet Nam,f,1307370.0,0.000726,13
semiconductors_and_sme,854232,2019,124,CAN,Canada,f,1050796.0,0.000583,14
semiconductors_and_sme,854232,2019,484,MEX,Mexico,f,984747.0,0.000547,15
semiconductors_and_sme,854232,2019,188,CRI,Costa Rica,f,572338.0,0.000318,16
semiconductors_and_sme,854232,2019,376,ISR,Israel,f,370205.0,0.000206,17
semiconductors_and_sme,854232,2019,203,CZE,Czechia,f,360218.0,0.000200,18
semiconductors_and_sme,854232,2019,40,AUT,Austria,f,321203.0,0.000178,19
semiconductors_and_sme,854232,2019,724,ESP,Spain,f,243652.0,0.000135,20
semiconductors_and_sme,854232,2019,380,ITA,Italy,f,215518.0,0.000120,21
semiconductors_and_sme,854232,2019,116,KHM,Cambodia,f,164015.0,0.000091,22
semiconductors_and_sme,854232,2019,528,NLD,Netherlands,f,158260.0,0.000088,23
semiconductors_and_sme,854232,2019,372,IRL,Ireland,f,151985.0,0.000084,24
semiconductors_and_sme,854232,2019,470,MLT,Malta,f,147080.0,0.000082,25
semiconductors_and_sme,854232,2019,360,IDN,Indonesia,f,145913.0,0.000081,26
semiconductors_and_sme,854232,2019,699,IND,India,f,139721.0,0.000078,27
semiconductors_and_sme,854232,2019,208,DNK,Denmark,f,130530.0,0.000072,28
semiconductors_and_sme,854232,2019,642,ROU,Romania,f,127826.0,0.000071,29
semiconductors_and_sme,854232,2019,56,BEL,Belgium,f,118183.0,0.000066,30
semiconductors_and_sme,854232,2019,332,HTI,Haiti,f,94113.0,0.000052,31
semiconductors_and_sme,854232,2019,579,NOR,Norway,f,82511.0,0.000046,32
semiconductors_and_sme,854232,2019,757,CHE,Switzerland,f,81917.0,0.000045,33
semiconductors_and_sme,854232,2019,705,SVN,Slovenia,f,80275.0,0.000045,34
semiconductors_and_sme,854232,2019,752,SWE,Sweden,f,42612.0,0.000024,35
semiconductors_and_sme,854232,2019,792,TUR,Türkiye,f,42091.0,0.000023,36
semiconductors_and_sme,854232,2019,706,SOM,Somalia,f,27382.0,0.000015,37
semiconductors_and_sme,854232,2019,348,HUN,Hungary,f,25651.0,0.000014,38
semiconductors_and_sme,854232,2019,703,SVK,Slovakia,f,24451.0,0.000014,39
semiconductors_and_sme,854232,2019,710,ZAF,South Africa,f,23043.0,0.000013,40
semiconductors_and_sme,854232,2019,36,AUS,Australia,f,22903.0,0.000013,41
semiconductors_and_sme,854232,2019,233,EST,Estonia,f,19575.0,0.000011,42
semiconductors_and_sme,854232,2019,400,JOR,Jordan,f,15893.0,0.000009,43
semiconductors_and_sme,854232,2019,246,FIN,Finland,f,11878.0,0.000007,44
semiconductors_and_sme,854232,2019,616,POL,Poland,f,11731.0,0.000007,45
semiconductors_and_sme,854232,2019,196,CYP,Cyprus,f,7422.0,0.000004,46
semiconductors_and_sme,854232,2019,788,TUN,Tunisia,f,4491.0,0.000002,47
semiconductors_and_sme,854232,2019,100,BGR,Bulgaria,f,3238.0,0.000002,48
semiconductors_and_sme,854232,2019,643,RUS,Russian Federation,f,3119.0,0.000002,49
semiconductors_and_sme,854232,2019,340,HND,Honduras,f,2448.0,0.000001,50
semiconductors_and_sme,854232,2019,804,UKR,Ukraine,f,2288.0,0.000001,51
semiconductors_and_sme,854232,2020,490,TWN,Taiwan,f,498796836.0,0.294853,1
semiconductors_and_sme,854232,2020,410,KOR,Rep. of Korea,f,273343640.0,0.161581,2
semiconductors_and_sme,854232,2020,458,MYS,Malaysia,f,259897517.0,0.153633,3
semiconductors_and_sme,854232,2020,702,SGP,Singapore,f,253004188.0,0.149558,4
semiconductors_and_sme,854232,2020,392,JPN,Japan,f,151406564.0,0.089501,5
semiconductors_and_sme,854232,2020,764,THA,Thailand,f,93581739.0,0.055319,6
semiconductors_and_sme,854232,2020,156,CHN,China,f,90388919.0,0.053431,7
semiconductors_and_sme,854232,2020,608,PHL,Philippines,f,33497035.0,0.019801,8
semiconductors_and_sme,854232,2020,251,FRA,France,f,14397495.0,0.008511,9
semiconductors_and_sme,854232,2020,124,CAN,Canada,f,8690925.0,0.005137,10
semiconductors_and_sme,854232,2020,344,HKG,"China, Hong Kong SAR",f,3365259.0,0.001989,11
semiconductors_and_sme,854232,2020,276,DEU,Germany,f,3005410.0,0.001777,12
semiconductors_and_sme,854232,2020,826,GBR,United Kingdom,f,2831925.0,0.001674,13
semiconductors_and_sme,854232,2020,704,VNM,Viet Nam,f,908237.0,0.000537,14
semiconductors_and_sme,854232,2020,484,MEX,Mexico,f,816389.0,0.000483,15
semiconductors_and_sme,854232,2020,516,NAM,Namibia,f,498881.0,0.000295,16
semiconductors_and_sme,854232,2020,360,IDN,Indonesia,f,498638.0,0.000295,17
semiconductors_and_sme,854232,2020,376,ISR,Israel,f,447868.0,0.000265,18
semiconductors_and_sme,854232,2020,372,IRL,Ireland,f,277419.0,0.000164,19
semiconductors_and_sme,854232,2020,40,AUT,Austria,f,267171.0,0.000158,20
semiconductors_and_sme,854232,2020,724,ESP,Spain,f,212153.0,0.000125,21
semiconductors_and_sme,854232,2020,757,CHE,Switzerland,f,184838.0,0.000109,22
semiconductors_and_sme,854232,2020,380,ITA,Italy,f,182398.0,0.000108,23
semiconductors_and_sme,854232,2020,752,SWE,Sweden,f,159309.0,0.000094,24
semiconductors_and_sme,854232,2020,528,NLD,Netherlands,f,131514.0,0.000078,25
semiconductors_and_sme,854232,2020,36,AUS,Australia,f,129090.0,0.000076,26
semiconductors_and_sme,854232,2020,56,BEL,Belgium,f,122439.0,0.000072,27
semiconductors_and_sme,854232,2020,792,TUR,Türkiye,f,83257.0,0.000049,28
semiconductors_and_sme,854232,2020,616,POL,Poland,f,79490.0,0.000047,29
semiconductors_and_sme,854232,2020,642,ROU,Romania,f,70755.0,0.000042,30
semiconductors_and_sme,854232,2020,699,IND,India,f,66398.0,0.000039,31
semiconductors_and_sme,854232,2020,288,GHA,Ghana,f,50620.0,0.000030,32
semiconductors_and_sme,854232,2020,208,DNK,Denmark,f,42458.0,0.000025,33
semiconductors_and_sme,854232,2020,646,RWA,Rwanda,f,34130.0,0.000020,34
semiconductors_and_sme,854232,2020,579,NOR,Norway,f,33438.0,0.000020,35
semiconductors_and_sme,854232,2020,188,CRI,Costa Rica,f,26810.0,0.000016,36
semiconductors_and_sme,854232,2020,348,HUN,Hungary,f,22162.0,0.000013,37
semiconductors_and_sme,854232,2020,620,PRT,Portugal,f,18668.0,0.000011,38
semiconductors_and_sme,854232,2020,203,CZE,Czechia,f,16112.0,0.000010,39
semiconductors_and_sme,854232,2020,480,MUS,Mauritius,f,14450.0,0.000009,40
semiconductors_and_sme,854232,2020,703,SVK,Slovakia,f,13292.0,0.000008,41
semiconductors_and_sme,854232,2020,643,RUS,Russian Federation,f,10852.0,0.000006,42
semiconductors_and_sme,854232,2020,233,EST,Estonia,f,8922.0,0.000005,43
semiconductors_and_sme,854232,2020,191,HRV,Croatia,f,7263.0,0.000004,44
semiconductors_and_sme,854232,2020,222,SLV,El Salvador,f,5583.0,0.000003,45
semiconductors_and_sme,854232,2020,504,MAR,Morocco,f,5532.0,0.000003,46
semiconductors_and_sme,854232,2020,470,MLT,Malta,f,4194.0,0.000002,47
semiconductors_and_sme,854232,2020,404,KEN,Kenya,f,3805.0,0.000002,48
semiconductors_and_sme,854232,2020,446,MAC,"China, Macao SAR",f,3514.0,0.000002,49
semiconductors_and_sme,854232,2020,120,CMR,Cameroon,f,3016.0,0.000002,50
semiconductors_and_sme,854232,2020,214,DOM,Dominican Rep.,f,2910.0,0.000002,51
semiconductors_and_sme,854232,2020,148,TCD,Chad,f,2638.0,0.000002,52
semiconductors_and_sme,854232,2020,796,TCA,Turks and Caicos Isds,f,2569.0,0.000002,53
semiconductors_and_sme,854232,2020,196,CYP,Cyprus,f,2285.0,0.000001,54
semiconductors_and_sme,854232,2020,76,BRA,Brazil,f,2118.0,0.000001,55
semiconductors_and_sme,854232,2021,490,TWN,Taiwan,f,1111938491.0,0.498953,1
semiconductors_and_sme,854232,2021,410,KOR,Rep. of Korea,f,536541769.0,0.240759,2
semiconductors_and_sme,854232,2021,764,THA,Thailand,f,119996052.0,0.053845,3
semiconductors_and_sme,854232,2021,702,SGP,Singapore,f,109385164.0,0.049084,4
semiconductors_and_sme,854232,2021,156,CHN,China,f,98465897.0,0.044184,5
semiconductors_and_sme,854232,2021,458,MYS,Malaysia,f,80537533.0,0.036139,6
semiconductors_and_sme,854232,2021,392,JPN,Japan,f,75804445.0,0.034015,7
semiconductors_and_sme,854232,2021,608,PHL,Philippines,f,48262315.0,0.021656,8
semiconductors_and_sme,854232,2021,124,CAN,Canada,f,15324740.0,0.006877,9
semiconductors_and_sme,854232,2021,251,FRA,France,f,14070329.0,0.006314,10
semiconductors_and_sme,854232,2021,704,VNM,Viet Nam,f,4084096.0,0.001833,11
semiconductors_and_sme,854232,2021,276,DEU,Germany,f,3675125.0,0.001649,12
semiconductors_and_sme,854232,2021,826,GBR,United Kingdom,f,2432073.0,0.001091,13
semiconductors_and_sme,854232,2021,484,MEX,Mexico,f,1248604.0,0.000560,14
semiconductors_and_sme,854232,2021,344,HKG,"China, Hong Kong SAR",f,967257.0,0.000434,15
semiconductors_and_sme,854232,2021,188,CRI,Costa Rica,f,942898.0,0.000423,16
semiconductors_and_sme,854232,2021,376,ISR,Israel,f,917010.0,0.000411,17
semiconductors_and_sme,854232,2021,40,AUT,Austria,f,561473.0,0.000252,18
semiconductors_and_sme,854232,2021,56,BEL,Belgium,f,421426.0,0.000189,19
semiconductors_and_sme,854232,2021,380,ITA,Italy,f,348194.0,0.000156,20
semiconductors_and_sme,854232,2021,724,ESP,Spain,f,299197.0,0.000134,21
semiconductors_and_sme,854232,2021,616,POL,Poland,f,279970.0,0.000126,22
semiconductors_and_sme,854232,2021,703,SVK,Slovakia,f,238911.0,0.000107,23
semiconductors_and_sme,854232,2021,372,IRL,Ireland,f,186496.0,0.000084,24
semiconductors_and_sme,854232,2021,528,NLD,Netherlands,f,155478.0,0.000070,25
semiconductors_and_sme,854232,2021,642,ROU,Romania,f,150188.0,0.000067,26
semiconductors_and_sme,854232,2021,76,BRA,Brazil,f,136407.0,0.000061,27
semiconductors_and_sme,854232,2021,792,TUR,Türkiye,f,120075.0,0.000054,28
semiconductors_and_sme,854232,2021,246,FIN,Finland,f,98132.0,0.000044,29
semiconductors_and_sme,854232,2021,757,CHE,Switzerland,f,94543.0,0.000042,30
semiconductors_and_sme,854232,2021,579,NOR,Norway,f,84713.0,0.000038,31
semiconductors_and_sme,854232,2021,699,IND,India,f,83967.0,0.000038,32
semiconductors_and_sme,854232,2021,470,MLT,Malta,f,72865.0,0.000033,33
semiconductors_and_sme,854232,2021,348,HUN,Hungary,f,69233.0,0.000031,34
semiconductors_and_sme,854232,2021,752,SWE,Sweden,f,60145.0,0.000027,35
semiconductors_and_sme,854232,2021,360,IDN,Indonesia,f,50907.0,0.000023,36
semiconductors_and_sme,854232,2021,710,ZAF,South Africa,f,50650.0,0.000023,37
semiconductors_and_sme,854232,2021,466,MLI,Mali,f,45484.0,0.000020,38
semiconductors_and_sme,854232,2021,428,LVA,Latvia,f,39902.0,0.000018,39
semiconductors_and_sme,854232,2021,796,TCA,Turks and Caicos Isds,f,39191.0,0.000018,40
semiconductors_and_sme,854232,2021,804,UKR,Ukraine,f,29200.0,0.000013,41
semiconductors_and_sme,854232,2021,882,WSM,Samoa,f,29041.0,0.000013,42
semiconductors_and_sme,854232,2021,222,SLV,El Salvador,f,28870.0,0.000013,43
semiconductors_and_sme,854232,2021,196,CYP,Cyprus,f,27901.0,0.000013,44
semiconductors_and_sme,854232,2021,620,PRT,Portugal,f,26183.0,0.000012,45
semiconductors_and_sme,854232,2021,504,MAR,Morocco,f,23464.0,0.000011,46
semiconductors_and_sme,854232,2021,36,AUS,Australia,f,22405.0,0.000010,47
semiconductors_and_sme,854232,2021,554,NZL,New Zealand,f,21409.0,0.000010,48
semiconductors_and_sme,854232,2021,100,BGR,Bulgaria,f,19333.0,0.000009,49
semiconductors_and_sme,854232,2021,203,CZE,Czechia,f,8940.0,0.000004,50
semiconductors_and_sme,854232,2021,208,DNK,Denmark,f,7438.0,0.000003,51
semiconductors_and_sme,854232,2021,784,ARE,United Arab Emirates,f,6764.0,0.000003,52
semiconductors_and_sme,854232,2021,191,HRV,Croatia,f,3370.0,0.000002,53
semiconductors_and_sme,854232,2021,20,AND,Andorra,f,3309.0,0.000001,54
semiconductors_and_sme,854232,2021,32,ARG,Argentina,f,2684.0,0.000001,55
semiconductors_and_sme,854232,2021,705,SVN,Slovenia,f,2270.0,0.000001,56
semiconductors_and_sme,854232,2022,490,TWN,Taiwan,f,1213866404.0,0.437839,1
semiconductors_and_sme,854232,2022,410,KOR,Rep. of Korea,f,548963729.0,0.198010,2
semiconductors_and_sme,854232,2022,458,MYS,Malaysia,f,339132715.0,0.122324,3
semiconductors_and_sme,854232,2022,764,THA,Thailand,f,157041265.0,0.056644,4
semiconductors_and_sme,854232,2022,156,CHN,China,f,146613808.0,0.052883,5
semiconductors_and_sme,854232,2022,702,SGP,Singapore,f,122042872.0,0.044021,6
semiconductors_and_sme,854232,2022,392,JPN,Japan,f,114179505.0,0.041184,7
semiconductors_and_sme,854232,2022,608,PHL,Philippines,f,64832802.0,0.023385,8
semiconductors_and_sme,854232,2022,251,FRA,France,f,20020420.0,0.007221,9
semiconductors_and_sme,854232,2022,124,CAN,Canada,f,18344643.0,0.006617,10
semiconductors_and_sme,854232,2022,704,VNM,Viet Nam,f,10522988.0,0.003796,11
semiconductors_and_sme,854232,2022,276,DEU,Germany,f,3783787.0,0.001365,12
semiconductors_and_sme,854232,2022,344,HKG,"China, Hong Kong SAR",f,2735774.0,0.000987,13
semiconductors_and_sme,854232,2022,484,MEX,Mexico,f,2289748.0,0.000826,14
semiconductors_and_sme,854232,2022,826,GBR,United Kingdom,f,1738541.0,0.000627,15
semiconductors_and_sme,854232,2022,40,AUT,Austria,f,920327.0,0.000332,16
semiconductors_and_sme,854232,2022,376,ISR,Israel,f,821564.0,0.000296,17
semiconductors_and_sme,854232,2022,724,ESP,Spain,f,675319.0,0.000244,18
semiconductors_and_sme,854232,2022,757,CHE,Switzerland,f,385620.0,0.000139,19
semiconductors_and_sme,854232,2022,380,ITA,Italy,f,357728.0,0.000129,20
semiconductors_and_sme,854232,2022,703,SVK,Slovakia,f,346522.0,0.000125,21
semiconductors_and_sme,854232,2022,504,MAR,Morocco,f,325881.0,0.000118,22
semiconductors_and_sme,854232,2022,616,POL,Poland,f,317469.0,0.000115,23
semiconductors_and_sme,854232,2022,372,IRL,Ireland,f,297265.0,0.000107,24
semiconductors_and_sme,854232,2022,36,AUS,Australia,f,238500.0,0.000086,25
semiconductors_and_sme,854232,2022,188,CRI,Costa Rica,f,223773.0,0.000081,26
semiconductors_and_sme,854232,2022,470,MLT,Malta,f,178976.0,0.000065,27
semiconductors_and_sme,854232,2022,528,NLD,Netherlands,f,130284.0,0.000047,28
semiconductors_and_sme,854232,2022,203,CZE,Czechia,f,123908.0,0.000045,29
semiconductors_and_sme,854232,2022,76,BRA,Brazil,f,120644.0,0.000044,30
semiconductors_and_sme,854232,2022,56,BEL,Belgium,f,88710.0,0.000032,31
semiconductors_and_sme,854232,2022,807,MKD,North Macedonia,f,80300.0,0.000029,32
semiconductors_and_sme,854232,2022,360,IDN,Indonesia,f,79048.0,0.000029,33
semiconductors_and_sme,854232,2022,579,NOR,Norway,f,63417.0,0.000023,34
semiconductors_and_sme,854232,2022,208,DNK,Denmark,f,60075.0,0.000022,35
semiconductors_and_sme,854232,2022,620,PRT,Portugal,f,47899.0,0.000017,36
semiconductors_and_sme,854232,2022,699,IND,India,f,41138.0,0.000015,37
semiconductors_and_sme,854232,2022,792,TUR,Türkiye,f,31077.0,0.000011,38
semiconductors_and_sme,854232,2022,784,ARE,United Arab Emirates,f,29827.0,0.000011,39
semiconductors_and_sme,854232,2022,100,BGR,Bulgaria,f,28599.0,0.000010,40
semiconductors_and_sme,854232,2022,642,ROU,Romania,f,25890.0,0.000009,41
semiconductors_and_sme,854232,2022,196,CYP,Cyprus,f,22963.0,0.000008,42
semiconductors_and_sme,854232,2022,752,SWE,Sweden,f,21236.0,0.000008,43
semiconductors_and_sme,854232,2022,152,CHL,Chile,f,19410.0,0.000007,44
semiconductors_and_sme,854232,2022,348,HUN,Hungary,f,18561.0,0.000007,45
semiconductors_and_sme,854232,2022,51,ARM,Armenia,f,17409.0,0.000006,46
semiconductors_and_sme,854232,2022,191,HRV,Croatia,f,16938.0,0.000006,47
semiconductors_and_sme,854232,2022,858,URY,Uruguay,f,15450.0,0.000006,48
semiconductors_and_sme,854232,2022,554,NZL,New Zealand,f,15299.0,0.000006,49
semiconductors_and_sme,854232,2022,32,ARG,Argentina,f,15058.0,0.000005,50
semiconductors_and_sme,854232,2022,222,SLV,El Salvador,f,14444.0,0.000005,51
semiconductors_and_sme,854232,2022,440,LTU,Lithuania,f,11402.0,0.000004,52
semiconductors_and_sme,854232,2022,246,FIN,Finland,f,9844.0,0.000004,53
semiconductors_and_sme,854232,2022,462,MDV,Maldives,f,6587.0,0.000002,54
semiconductors_and_sme,854232,2022,218,ECU,Ecuador,f,6527.0,0.000002,55
semiconductors_and_sme,854232,2022,428,LVA,Latvia,f,6300.0,0.000002,56
semiconductors_and_sme,854232,2022,170,COL,Colombia,f,6090.0,0.000002,57
semiconductors_and_sme,854232,2022,705,SVN,Slovenia,f,5208.0,0.000002,58
semiconductors_and_sme,854232,2022,660,AIA,Anguilla,f,5060.0,0.000002,59
semiconductors_and_sme,854232,2022,20,AND,Andorra,f,4502.0,0.000002,60
semiconductors_and_sme,854232,2022,516,NAM,Namibia,f,4089.0,0.000001,61
semiconductors_and_sme,854232,2022,710,ZAF,South Africa,f,3897.0,0.000001,62
semiconductors_and_sme,854232,2022,626,TLS,Timor-Leste,f,3804.0,0.000001,63
semiconductors_and_sme,854232,2022,400,JOR,Jordan,f,2891.0,0.000001,64
semiconductors_and_sme,854232,2022,788,TUN,Tunisia,f,2286.0,0.000001,65
semiconductors_and_sme,854232,2023,490,TWN,Taiwan,f,728519335.0,0.358452,1
semiconductors_and_sme,854232,2023,458,MYS,Malaysia,f,514473606.0,0.253136,2
semiconductors_and_sme,854232,2023,410,KOR,Rep. of Korea,f,236493837.0,0.116362,3
semiconductors_and_sme,854232,2023,702,SGP,Singapore,f,123262958.0,0.060649,4
semiconductors_and_sme,854232,2023,392,JPN,Japan,f,117780853.0,0.057952,5
semiconductors_and_sme,854232,2023,156,CHN,China,f,107643280.0,0.052964,6
semiconductors_and_sme,854232,2023,764,THA,Thailand,f,87114626.0,0.042863,7
semiconductors_and_sme,854232,2023,608,PHL,Philippines,f,43835848.0,0.021568,8
semiconductors_and_sme,854232,2023,251,FRA,France,f,27469712.0,0.013516,9
semiconductors_and_sme,854232,2023,124,CAN,Canada,f,21766526.0,0.010710,10
semiconductors_and_sme,854232,2023,704,VNM,Viet Nam,f,6485298.0,0.003191,11
semiconductors_and_sme,854232,2023,276,DEU,Germany,f,5323023.0,0.002619,12
semiconductors_and_sme,854232,2023,484,MEX,Mexico,f,2009460.0,0.000989,13
semiconductors_and_sme,854232,2023,40,AUT,Austria,f,1947882.0,0.000958,14
semiconductors_and_sme,854232,2023,826,GBR,United Kingdom,f,1479375.0,0.000728,15
semiconductors_and_sme,854232,2023,724,ESP,Spain,f,879274.0,0.000433,16
semiconductors_and_sme,854232,2023,752,SWE,Sweden,f,803093.0,0.000395,17
semiconductors_and_sme,854232,2023,376,ISR,Israel,f,644718.0,0.000317,18
semiconductors_and_sme,854232,2023,360,IDN,Indonesia,f,631764.0,0.000311,19
semiconductors_and_sme,854232,2023,792,TUR,Türkiye,f,414381.0,0.000204,20
semiconductors_and_sme,854232,2023,188,CRI,Costa Rica,f,395031.0,0.000194,21
semiconductors_and_sme,854232,2023,528,NLD,Netherlands,f,383969.0,0.000189,22
semiconductors_and_sme,854232,2023,380,ITA,Italy,f,376639.0,0.000185,23
semiconductors_and_sme,854232,2023,208,DNK,Denmark,f,372267.0,0.000183,24
semiconductors_and_sme,854232,2023,616,POL,Poland,f,356273.0,0.000175,25
semiconductors_and_sme,854232,2023,703,SVK,Slovakia,f,237642.0,0.000117,26
semiconductors_and_sme,854232,2023,699,IND,India,f,168469.0,0.000083,27
semiconductors_and_sme,854232,2023,344,HKG,"China, Hong Kong SAR",f,167422.0,0.000082,28
semiconductors_and_sme,854232,2023,642,ROU,Romania,f,151213.0,0.000074,29
semiconductors_and_sme,854232,2023,258,PYF,French Polynesia,f,136830.0,0.000067,30
semiconductors_and_sme,854232,2023,56,BEL,Belgium,f,85302.0,0.000042,31
semiconductors_and_sme,854232,2023,757,CHE,Switzerland,f,84219.0,0.000041,32
semiconductors_and_sme,854232,2023,36,AUS,Australia,f,72505.0,0.000036,33
semiconductors_and_sme,854232,2023,372,IRL,Ireland,f,67526.0,0.000033,34
semiconductors_and_sme,854232,2023,222,SLV,El Salvador,f,57484.0,0.000028,35
semiconductors_and_sme,854232,2023,100,BGR,Bulgaria,f,43768.0,0.000022,36
semiconductors_and_sme,854232,2023,646,RWA,Rwanda,f,33030.0,0.000016,37
semiconductors_and_sme,854232,2023,579,NOR,Norway,f,32792.0,0.000016,38
semiconductors_and_sme,854232,2023,504,MAR,Morocco,f,31518.0,0.000016,39
semiconductors_and_sme,854232,2023,116,KHM,Cambodia,f,30258.0,0.000015,40
semiconductors_and_sme,854232,2023,196,CYP,Cyprus,f,19800.0,0.000010,41
semiconductors_and_sme,854232,2023,705,SVN,Slovenia,f,18252.0,0.000009,42
semiconductors_and_sme,854232,2023,620,PRT,Portugal,f,12401.0,0.000006,43
semiconductors_and_sme,854232,2023,470,MLT,Malta,f,11738.0,0.000006,44
semiconductors_and_sme,854232,2023,76,BRA,Brazil,f,11336.0,0.000006,45
semiconductors_and_sme,854232,2023,440,LTU,Lithuania,f,11317.0,0.000006,46
semiconductors_and_sme,854232,2023,788,TUN,Tunisia,f,11309.0,0.000006,47
semiconductors_and_sme,854232,2023,388,JAM,Jamaica,f,9563.0,0.000005,48
semiconductors_and_sme,854232,2023,203,CZE,Czechia,f,8694.0,0.000004,49
semiconductors_and_sme,854232,2023,246,FIN,Finland,f,7278.0,0.000004,50
semiconductors_and_sme,854232,2023,404,KEN,Kenya,f,5329.0,0.000003,51
semiconductors_and_sme,854232,2023,348,HUN,Hungary,f,4500.0,0.000002,52
semiconductors_and_sme,854232,2023,191,HRV,Croatia,f,3461.0,0.000002,53
semiconductors_and_sme,854232,2023,710,ZAF,South Africa,f,2151.0,0.000001,54
semiconductors_and_sme,854232,2023,446,MAC,"China, Macao SAR",f,2129.0,0.000001,55
semiconductors_and_sme,854232,2024,490,TWN,Taiwan,f,652867884.0,0.346973,1
semiconductors_and_sme,854232,2024,410,KOR,Rep. of Korea,f,433630817.0,0.230457,2
semiconductors_and_sme,854232,2024,392,JPN,Japan,f,235783920.0,0.125310,3
semiconductors_and_sme,854232,2024,458,MYS,Malaysia,f,210635382.0,0.111944,4
semiconductors_and_sme,854232,2024,156,CHN,China,f,94125395.0,0.050024,5
semiconductors_and_sme,854232,2024,702,SGP,Singapore,f,74233660.0,0.039452,6
semiconductors_and_sme,854232,2024,764,THA,Thailand,f,53614492.0,0.028494,7
semiconductors_and_sme,854232,2024,704,VNM,Viet Nam,f,35464518.0,0.018848,8
semiconductors_and_sme,854232,2024,608,PHL,Philippines,f,27655626.0,0.014698,9
semiconductors_and_sme,854232,2024,251,FRA,France,f,23611348.0,0.012548,10
semiconductors_and_sme,854232,2024,124,CAN,Canada,f,20008488.0,0.010634,11
semiconductors_and_sme,854232,2024,276,DEU,Germany,f,6181684.0,0.003285,12
semiconductors_and_sme,854232,2024,484,MEX,Mexico,f,3311392.0,0.001760,13
semiconductors_and_sme,854232,2024,826,GBR,United Kingdom,f,1932546.0,0.001027,14
semiconductors_and_sme,854232,2024,757,CHE,Switzerland,f,1640471.0,0.000872,15
semiconductors_and_sme,854232,2024,40,AUT,Austria,f,993029.0,0.000528,16
semiconductors_and_sme,854232,2024,188,CRI,Costa Rica,f,943661.0,0.000502,17
semiconductors_and_sme,854232,2024,376,ISR,Israel,f,927818.0,0.000493,18
semiconductors_and_sme,854232,2024,724,ESP,Spain,f,492396.0,0.000262,19
semiconductors_and_sme,854232,2024,344,HKG,"China, Hong Kong SAR",f,461740.0,0.000245,20
semiconductors_and_sme,854232,2024,528,NLD,Netherlands,f,429222.0,0.000228,21
semiconductors_and_sme,854232,2024,76,BRA,Brazil,f,413890.0,0.000220,22
semiconductors_and_sme,854232,2024,699,IND,India,f,319862.0,0.000170,23
semiconductors_and_sme,854232,2024,380,ITA,Italy,f,312020.0,0.000166,24
semiconductors_and_sme,854232,2024,642,ROU,Romania,f,246072.0,0.000131,25
semiconductors_and_sme,854232,2024,554,NZL,New Zealand,f,194980.0,0.000104,26
semiconductors_and_sme,854232,2024,360,IDN,Indonesia,f,168598.0,0.000090,27
semiconductors_and_sme,854232,2024,56,BEL,Belgium,f,138179.0,0.000073,28
semiconductors_and_sme,854232,2024,208,DNK,Denmark,f,135539.0,0.000072,29
semiconductors_and_sme,854232,2024,616,POL,Poland,f,92795.0,0.000049,30
semiconductors_and_sme,854232,2024,620,PRT,Portugal,f,87237.0,0.000046,31
semiconductors_and_sme,854232,2024,36,AUS,Australia,f,86726.0,0.000046,32
semiconductors_and_sme,854232,2024,372,IRL,Ireland,f,65618.0,0.000035,33
semiconductors_and_sme,854232,2024,752,SWE,Sweden,f,65446.0,0.000035,34
semiconductors_and_sme,854232,2024,682,SAU,Saudi Arabia,f,55695.0,0.000030,35
semiconductors_and_sme,854232,2024,348,HUN,Hungary,f,37950.0,0.000020,36
semiconductors_and_sme,854232,2024,579,NOR,Norway,f,37930.0,0.000020,37
semiconductors_and_sme,854232,2024,203,CZE,Czechia,f,37092.0,0.000020,38
semiconductors_and_sme,854232,2024,100,BGR,Bulgaria,f,25025.0,0.000013,39
semiconductors_and_sme,854232,2024,604,PER,Peru,f,24365.0,0.000013,40
semiconductors_and_sme,854232,2024,710,ZAF,South Africa,f,21250.0,0.000011,41
semiconductors_and_sme,854232,2024,246,FIN,Finland,f,14018.0,0.000007,42
semiconductors_and_sme,854232,2024,214,DOM,Dominican Rep.,f,14000.0,0.000007,43
semiconductors_and_sme,854232,2024,705,SVN,Slovenia,f,13102.0,0.000007,44
semiconductors_and_sme,854232,2024,116,KHM,Cambodia,f,12663.0,0.000007,45
semiconductors_and_sme,854232,2024,504,MAR,Morocco,f,8242.0,0.000004,46
semiconductors_and_sme,854232,2024,233,EST,Estonia,f,7565.0,0.000004,47
semiconductors_and_sme,854232,2024,512,OMN,Oman,f,6530.0,0.000003,48
semiconductors_and_sme,854232,2024,583,FSM,FS Micronesia,f,6044.0,0.000003,49
semiconductors_and_sme,854232,2024,428,LVA,Latvia,f,4892.0,0.000003,50
semiconductors_and_sme,854232,2024,104,MMR,Myanmar,f,4157.0,0.000002,51
semiconductors_and_sme,854232,2024,332,HTI,Haiti,f,2695.0,0.000001,52
semiconductors_and_sme,854232,2024,440,LTU,Lithuania,f,2171.0,0.000001,53
semiconductors_and_sme,854232,2024,478,MRT,Mauritania,f,2160.0,0.000001,54
semiconductors_and_sme,854232,2025,490,TWN,Taiwan,f,808084725.0,0.348371,1
semiconductors_and_sme,854232,2025,410,KOR,Rep. of Korea,f,576409029.0,0.248494,2
semiconductors_and_sme,854232,2025,392,JPN,Japan,f,326499462.0,0.140756,3
semiconductors_and_sme,854232,2025,458,MYS,Malaysia,f,252867708.0,0.109013,4
semiconductors_and_sme,854232,2025,156,CHN,China,f,97432060.0,0.042004,5
semiconductors_and_sme,854232,2025,704,VNM,Viet Nam,f,73516292.0,0.031693,6
semiconductors_and_sme,854232,2025,702,SGP,Singapore,f,66663249.0,0.028739,7
semiconductors_and_sme,854232,2025,764,THA,Thailand,f,39502510.0,0.017030,8
semiconductors_and_sme,854232,2025,251,FRA,France,f,27397451.0,0.011811,9
semiconductors_and_sme,854232,2025,608,PHL,Philippines,f,26958106.0,0.011622,10
semiconductors_and_sme,854232,2025,276,DEU,Germany,f,8654205.0,0.003731,11
semiconductors_and_sme,854232,2025,826,GBR,United Kingdom,f,3052966.0,0.001316,12
semiconductors_and_sme,854232,2025,124,CAN,Canada,f,2609196.0,0.001125,13
semiconductors_and_sme,854232,2025,484,MEX,Mexico,f,2431762.0,0.001048,14
semiconductors_and_sme,854232,2025,40,AUT,Austria,f,1101296.0,0.000475,15
semiconductors_and_sme,854232,2025,724,ESP,Spain,f,1051135.0,0.000453,16
semiconductors_and_sme,854232,2025,344,HKG,"China, Hong Kong SAR",f,867507.0,0.000374,17
semiconductors_and_sme,854232,2025,208,DNK,Denmark,f,614686.0,0.000265,18
semiconductors_and_sme,854232,2025,188,CRI,Costa Rica,f,596076.0,0.000257,19
semiconductors_and_sme,854232,2025,380,ITA,Italy,f,579370.0,0.000250,20
semiconductors_and_sme,854232,2025,699,IND,India,f,375284.0,0.000162,21
semiconductors_and_sme,854232,2025,757,CHE,Switzerland,f,333388.0,0.000144,22
semiconductors_and_sme,854232,2025,528,NLD,Netherlands,f,300651.0,0.000130,23
semiconductors_and_sme,854232,2025,56,BEL,Belgium,f,274148.0,0.000118,24
semiconductors_and_sme,854232,2025,376,ISR,Israel,f,273159.0,0.000118,25
semiconductors_and_sme,854232,2025,554,NZL,New Zealand,f,163742.0,0.000071,26
semiconductors_and_sme,854232,2025,76,BRA,Brazil,f,129697.0,0.000056,27
semiconductors_and_sme,854232,2025,616,POL,Poland,f,120271.0,0.000052,28
semiconductors_and_sme,854232,2025,360,IDN,Indonesia,f,113396.0,0.000049,29
semiconductors_and_sme,854232,2025,466,MLI,Mali,f,92538.0,0.000040,30
semiconductors_and_sme,854232,2025,792,TUR,Türkiye,f,76496.0,0.000033,31
semiconductors_and_sme,854232,2025,372,IRL,Ireland,f,58659.0,0.000025,32
semiconductors_and_sme,854232,2025,591,PAN,Panama,f,49249.0,0.000021,33
semiconductors_and_sme,854232,2025,642,ROU,Romania,f,45069.0,0.000019,34
semiconductors_and_sme,854232,2025,470,MLT,Malta,f,39101.0,0.000017,35
semiconductors_and_sme,854232,2025,300,GRC,Greece,f,34974.0,0.000015,36
semiconductors_and_sme,854232,2025,620,PRT,Portugal,f,33414.0,0.000014,37
semiconductors_and_sme,854232,2025,348,HUN,Hungary,f,32139.0,0.000014,38
semiconductors_and_sme,854232,2025,148,TCD,Chad,f,30048.0,0.000013,39
semiconductors_and_sme,854232,2025,203,CZE,Czechia,f,21618.0,0.000009,40
semiconductors_and_sme,854232,2025,784,ARE,United Arab Emirates,f,17595.0,0.000008,41
semiconductors_and_sme,854232,2025,579,NOR,Norway,f,17308.0,0.000007,42
semiconductors_and_sme,854232,2025,504,MAR,Morocco,f,16614.0,0.000007,43
semiconductors_and_sme,854232,2025,703,SVK,Slovakia,f,15011.0,0.000006,44
semiconductors_and_sme,854232,2025,705,SVN,Slovenia,f,13535.0,0.000006,45
semiconductors_and_sme,854232,2025,246,FIN,Finland,f,10375.0,0.000004,46
semiconductors_and_sme,854232,2025,233,EST,Estonia,f,9784.0,0.000004,47
semiconductors_and_sme,854232,2025,752,SWE,Sweden,f,8170.0,0.000004,48
semiconductors_and_sme,854232,2025,516,NAM,Namibia,f,7096.0,0.000003,49
semiconductors_and_sme,854232,2025,682,SAU,Saudi Arabia,f,6572.0,0.000003,50
semiconductors_and_sme,854232,2025,36,AUS,Australia,f,2149.0,0.000001,51
semiconductors_and_sme,854233,2018,484,MEX,Mexico,f,653925160.0,0.501407,1
semiconductors_and_sme,854233,2018,458,MYS,Malaysia,f,194741408.0,0.149321,2
semiconductors_and_sme,854233,2018,490,TWN,Taiwan,f,119105858.0,0.091326,3
semiconductors_and_sme,854233,2018,156,CHN,China,f,86552622.0,0.066366,4
semiconductors_and_sme,854233,2018,608,PHL,Philippines,f,83421557.0,0.063965,5
semiconductors_and_sme,854233,2018,276,DEU,Germany,f,53374666.0,0.040926,6
semiconductors_and_sme,854233,2018,764,THA,Thailand,f,50492896.0,0.038716,7
semiconductors_and_sme,854233,2018,392,JPN,Japan,f,14525679.0,0.011138,8
semiconductors_and_sme,854233,2018,410,KOR,Rep. of Korea,f,13819453.0,0.010596,9
semiconductors_and_sme,854233,2018,251,FRA,France,f,10129821.0,0.007767,10
semiconductors_and_sme,854233,2018,504,MAR,Morocco,f,5103190.0,0.003913,11
semiconductors_and_sme,854233,2018,702,SGP,Singapore,f,4852236.0,0.003721,12
semiconductors_and_sme,854233,2018,757,CHE,Switzerland,f,3722061.0,0.002854,13
semiconductors_and_sme,854233,2018,826,GBR,United Kingdom,f,2402969.0,0.001843,14
semiconductors_and_sme,854233,2018,124,CAN,Canada,f,1671950.0,0.001282,15
semiconductors_and_sme,854233,2018,752,SWE,Sweden,f,1464413.0,0.001123,16
semiconductors_and_sme,854233,2018,344,HKG,"China, Hong Kong SAR",f,1035376.0,0.000794,17
semiconductors_and_sme,854233,2018,380,ITA,Italy,f,807470.0,0.000619,18
semiconductors_and_sme,854233,2018,36,AUS,Australia,f,649218.0,0.000498,19
semiconductors_and_sme,854233,2018,704,VNM,Viet Nam,f,390091.0,0.000299,20
semiconductors_and_sme,854233,2018,699,IND,India,f,355453.0,0.000273,21
semiconductors_and_sme,854233,2018,376,ISR,Israel,f,320706.0,0.000246,22
semiconductors_and_sme,854233,2018,40,AUT,Austria,f,235590.0,0.000181,23
semiconductors_and_sme,854233,2018,724,ESP,Spain,f,234089.0,0.000179,24
semiconductors_and_sme,854233,2018,56,BEL,Belgium,f,182811.0,0.000140,25
semiconductors_and_sme,854233,2018,528,NLD,Netherlands,f,98326.0,0.000075,26
semiconductors_and_sme,854233,2018,372,IRL,Ireland,f,77031.0,0.000059,27
semiconductors_and_sme,854233,2018,208,DNK,Denmark,f,67567.0,0.000052,28
semiconductors_and_sme,854233,2018,76,BRA,Brazil,f,51084.0,0.000039,29
semiconductors_and_sme,854233,2018,348,HUN,Hungary,f,44418.0,0.000034,30
semiconductors_and_sme,854233,2018,616,POL,Poland,f,36107.0,0.000028,31
semiconductors_and_sme,854233,2018,579,NOR,Norway,f,34793.0,0.000027,32
semiconductors_and_sme,854233,2018,604,PER,Peru,f,34379.0,0.000026,33
semiconductors_and_sme,854233,2018,48,BHR,Bahrain,f,24427.0,0.000019,34
semiconductors_and_sme,854233,2018,642,ROU,Romania,f,21340.0,0.000016,35
semiconductors_and_sme,854233,2018,446,MAC,"China, Macao SAR",f,20938.0,0.000016,36
semiconductors_and_sme,854233,2018,705,SVN,Slovenia,f,15783.0,0.000012,37
semiconductors_and_sme,854233,2018,400,JOR,Jordan,f,13250.0,0.000010,38
semiconductors_and_sme,854233,2018,203,CZE,Czechia,f,12729.0,0.000010,39
semiconductors_and_sme,854233,2018,620,PRT,Portugal,f,10874.0,0.000008,40
semiconductors_and_sme,854233,2018,710,ZAF,South Africa,f,10682.0,0.000008,41
semiconductors_and_sme,854233,2018,188,CRI,Costa Rica,f,8799.0,0.000007,42
semiconductors_and_sme,854233,2018,120,CMR,Cameroon,f,7328.0,0.000006,43
semiconductors_and_sme,854233,2018,170,COL,Colombia,f,7115.0,0.000005,44
semiconductors_and_sme,854233,2018,470,MLT,Malta,f,7053.0,0.000005,45
semiconductors_and_sme,854233,2018,360,IDN,Indonesia,f,6920.0,0.000005,46
semiconductors_and_sme,854233,2018,428,LVA,Latvia,f,6892.0,0.000005,47
semiconductors_and_sme,854233,2018,804,UKR,Ukraine,f,6688.0,0.000005,48
semiconductors_and_sme,854233,2018,100,BGR,Bulgaria,f,5759.0,0.000004,49
semiconductors_and_sme,854233,2018,68,BOL,Bolivia (Plurinational State of),f,5239.0,0.000004,50
semiconductors_and_sme,854233,2018,688,SRB,Serbia,f,4974.0,0.000004,51
semiconductors_and_sme,854233,2018,682,SAU,Saudi Arabia,f,4448.0,0.000003,52
semiconductors_and_sme,854233,2018,233,EST,Estonia,f,4007.0,0.000003,53
semiconductors_and_sme,854233,2018,643,RUS,Russian Federation,f,3510.0,0.000003,54
semiconductors_and_sme,854233,2018,218,ECU,Ecuador,f,3050.0,0.000002,55
semiconductors_and_sme,854233,2018,20,AND,Andorra,f,2561.0,0.000002,56
semiconductors_and_sme,854233,2018,246,FIN,Finland,f,2500.0,0.000002,57
semiconductors_and_sme,854233,2018,300,GRC,Greece,f,2125.0,0.000002,58
semiconductors_and_sme,854233,2019,484,MEX,Mexico,f,573077756.0,0.497441,1
semiconductors_and_sme,854233,2019,458,MYS,Malaysia,f,198765277.0,0.172532,2
semiconductors_and_sme,854233,2019,490,TWN,Taiwan,f,97611359.0,0.084728,3
semiconductors_and_sme,854233,2019,608,PHL,Philippines,f,72144994.0,0.062623,4
semiconductors_and_sme,854233,2019,156,CHN,China,f,54527336.0,0.047331,5
semiconductors_and_sme,854233,2019,764,THA,Thailand,f,46862981.0,0.040678,6
semiconductors_and_sme,854233,2019,276,DEU,Germany,f,40031540.0,0.034748,7
semiconductors_and_sme,854233,2019,702,SGP,Singapore,f,14020990.0,0.012170,8
semiconductors_and_sme,854233,2019,392,JPN,Japan,f,12596876.0,0.010934,9
semiconductors_and_sme,854233,2019,410,KOR,Rep. of Korea,f,11725527.0,0.010178,10
semiconductors_and_sme,854233,2019,251,FRA,France,f,9354460.0,0.008120,11
semiconductors_and_sme,854233,2019,826,GBR,United Kingdom,f,4899025.0,0.004252,12
semiconductors_and_sme,854233,2019,36,AUS,Australia,f,4582736.0,0.003978,13
semiconductors_and_sme,854233,2019,504,MAR,Morocco,f,2921734.0,0.002536,14
semiconductors_and_sme,854233,2019,124,CAN,Canada,f,2126333.0,0.001846,15
semiconductors_and_sme,854233,2019,757,CHE,Switzerland,f,1311084.0,0.001138,16
semiconductors_and_sme,854233,2019,752,SWE,Sweden,f,1260674.0,0.001094,17
semiconductors_and_sme,854233,2019,40,AUT,Austria,f,917851.0,0.000797,18
semiconductors_and_sme,854233,2019,380,ITA,Italy,f,787352.0,0.000683,19
semiconductors_and_sme,854233,2019,699,IND,India,f,629455.0,0.000546,20
semiconductors_and_sme,854233,2019,344,HKG,"China, Hong Kong SAR",f,431390.0,0.000374,21
semiconductors_and_sme,854233,2019,376,ISR,Israel,f,314774.0,0.000273,22
semiconductors_and_sme,854233,2019,528,NLD,Netherlands,f,232810.0,0.000202,23
semiconductors_and_sme,854233,2019,704,VNM,Viet Nam,f,128611.0,0.000112,24
semiconductors_and_sme,854233,2019,188,CRI,Costa Rica,f,116919.0,0.000101,25
semiconductors_and_sme,854233,2019,76,BRA,Brazil,f,100675.0,0.000087,26
semiconductors_and_sme,854233,2019,56,BEL,Belgium,f,89975.0,0.000078,27
semiconductors_and_sme,854233,2019,616,POL,Poland,f,60162.0,0.000052,28
semiconductors_and_sme,854233,2019,100,BGR,Bulgaria,f,55840.0,0.000048,29
semiconductors_and_sme,854233,2019,686,SEN,Senegal,f,35075.0,0.000030,30
semiconductors_and_sme,854233,2019,372,IRL,Ireland,f,30069.0,0.000026,31
semiconductors_and_sme,854233,2019,703,SVK,Slovakia,f,30022.0,0.000026,32
semiconductors_and_sme,854233,2019,724,ESP,Spain,f,28509.0,0.000025,33
semiconductors_and_sme,854233,2019,710,ZAF,South Africa,f,25861.0,0.000022,34
semiconductors_and_sme,854233,2019,554,NZL,New Zealand,f,25666.0,0.000022,35
semiconductors_and_sme,854233,2019,208,DNK,Denmark,f,24505.0,0.000021,36
semiconductors_and_sme,854233,2019,705,SVN,Slovenia,f,23001.0,0.000020,37
semiconductors_and_sme,854233,2019,792,TUR,Türkiye,f,21952.0,0.000019,38
semiconductors_and_sme,854233,2019,642,ROU,Romania,f,19904.0,0.000017,39
semiconductors_and_sme,854233,2019,620,PRT,Portugal,f,19165.0,0.000017,40
semiconductors_and_sme,854233,2019,300,GRC,Greece,f,15285.0,0.000013,41
semiconductors_and_sme,854233,2019,246,FIN,Finland,f,8576.0,0.000007,42
semiconductors_and_sme,854233,2019,579,NOR,Norway,f,7988.0,0.000007,43
semiconductors_and_sme,854233,2019,348,HUN,Hungary,f,7861.0,0.000007,44
semiconductors_and_sme,854233,2019,20,AND,Andorra,f,7841.0,0.000007,45
semiconductors_and_sme,854233,2019,788,TUN,Tunisia,f,7257.0,0.000006,46
semiconductors_and_sme,854233,2019,203,CZE,Czechia,f,6362.0,0.000006,47
semiconductors_and_sme,854233,2019,428,LVA,Latvia,f,5703.0,0.000005,48
semiconductors_and_sme,854233,2019,233,EST,Estonia,f,5428.0,0.000005,49
semiconductors_and_sme,854233,2019,780,TTO,Trinidad and Tobago,f,3025.0,0.000003,50
semiconductors_and_sme,854233,2019,480,MUS,Mauritius,f,2793.0,0.000002,51
semiconductors_and_sme,854233,2019,360,IDN,Indonesia,f,2366.0,0.000002,52
semiconductors_and_sme,854233,2020,484,MEX,Mexico,f,277739651.0,0.345086,1
semiconductors_and_sme,854233,2020,458,MYS,Malaysia,f,171981906.0,0.213684,2
semiconductors_and_sme,854233,2020,490,TWN,Taiwan,f,76331773.0,0.094841,3
semiconductors_and_sme,854233,2020,608,PHL,Philippines,f,70548752.0,0.087655,4
semiconductors_and_sme,854233,2020,156,CHN,China,f,47217633.0,0.058667,5
semiconductors_and_sme,854233,2020,764,THA,Thailand,f,43734941.0,0.054340,6
semiconductors_and_sme,854233,2020,276,DEU,Germany,f,35812410.0,0.044496,7
semiconductors_and_sme,854233,2020,410,KOR,Rep. of Korea,f,20260208.0,0.025173,8
semiconductors_and_sme,854233,2020,702,SGP,Singapore,f,17646328.0,0.021925,9
semiconductors_and_sme,854233,2020,392,JPN,Japan,f,13249994.0,0.016463,10
semiconductors_and_sme,854233,2020,826,GBR,United Kingdom,f,6910424.0,0.008586,11
semiconductors_and_sme,854233,2020,251,FRA,France,f,4436437.0,0.005512,12
semiconductors_and_sme,854233,2020,76,BRA,Brazil,f,4260234.0,0.005293,13
semiconductors_and_sme,854233,2020,188,CRI,Costa Rica,f,2686667.0,0.003338,14
semiconductors_and_sme,854233,2020,36,AUS,Australia,f,2400227.0,0.002982,15
semiconductors_and_sme,854233,2020,504,MAR,Morocco,f,2317168.0,0.002879,16
semiconductors_and_sme,854233,2020,124,CAN,Canada,f,1657656.0,0.002060,17
semiconductors_and_sme,854233,2020,376,ISR,Israel,f,1075498.0,0.001336,18
semiconductors_and_sme,854233,2020,757,CHE,Switzerland,f,1036159.0,0.001287,19
semiconductors_and_sme,854233,2020,40,AUT,Austria,f,652786.0,0.000811,20
semiconductors_and_sme,854233,2020,699,IND,India,f,444282.0,0.000552,21
semiconductors_and_sme,854233,2020,704,VNM,Viet Nam,f,364684.0,0.000453,22
semiconductors_and_sme,854233,2020,246,FIN,Finland,f,307464.0,0.000382,23
semiconductors_and_sme,854233,2020,380,ITA,Italy,f,285355.0,0.000355,24
semiconductors_and_sme,854233,2020,344,HKG,"China, Hong Kong SAR",f,226698.0,0.000282,25
semiconductors_and_sme,854233,2020,752,SWE,Sweden,f,216193.0,0.000269,26
semiconductors_and_sme,854233,2020,208,DNK,Denmark,f,163711.0,0.000203,27
semiconductors_and_sme,854233,2020,116,KHM,Cambodia,f,135629.0,0.000169,28
semiconductors_and_sme,854233,2020,616,POL,Poland,f,95938.0,0.000119,29
semiconductors_and_sme,854233,2020,566,NGA,Nigeria,f,78514.0,0.000098,30
semiconductors_and_sme,854233,2020,348,HUN,Hungary,f,68052.0,0.000085,31
semiconductors_and_sme,854233,2020,528,NLD,Netherlands,f,53844.0,0.000067,32
semiconductors_and_sme,854233,2020,642,ROU,Romania,f,49721.0,0.000062,33
semiconductors_and_sme,854233,2020,56,BEL,Belgium,f,43623.0,0.000054,34
semiconductors_and_sme,854233,2020,724,ESP,Spain,f,33529.0,0.000042,35
semiconductors_and_sme,854233,2020,470,MLT,Malta,f,28968.0,0.000036,36
semiconductors_and_sme,854233,2020,705,SVN,Slovenia,f,27681.0,0.000034,37
semiconductors_and_sme,854233,2020,100,BGR,Bulgaria,f,24809.0,0.000031,38
semiconductors_and_sme,854233,2020,540,NCL,New Caledonia,f,23956.0,0.000030,39
semiconductors_and_sme,854233,2020,268,GEO,Georgia,f,22171.0,0.000028,40
semiconductors_and_sme,854233,2020,516,NAM,Namibia,f,21018.0,0.000026,41
semiconductors_and_sme,854233,2020,372,IRL,Ireland,f,18580.0,0.000023,42
semiconductors_and_sme,854233,2020,579,NOR,Norway,f,17663.0,0.000022,43
semiconductors_and_sme,854233,2020,428,LVA,Latvia,f,16929.0,0.000021,44
semiconductors_and_sme,854233,2020,500,MSR,Montserrat,f,16319.0,0.000020,45
semiconductors_and_sme,854233,2020,360,IDN,Indonesia,f,15697.0,0.000020,46
semiconductors_and_sme,854233,2020,300,GRC,Greece,f,15562.0,0.000019,47
semiconductors_and_sme,854233,2020,196,CYP,Cyprus,f,12762.0,0.000016,48
semiconductors_and_sme,854233,2020,688,SRB,Serbia,f,9083.0,0.000011,49
semiconductors_and_sme,854233,2020,554,NZL,New Zealand,f,8894.0,0.000011,50
semiconductors_and_sme,854233,2020,703,SVK,Slovakia,f,8886.0,0.000011,51
semiconductors_and_sme,854233,2020,796,TCA,Turks and Caicos Isds,f,5258.0,0.000007,52
semiconductors_and_sme,854233,2020,784,ARE,United Arab Emirates,f,5066.0,0.000006,53
semiconductors_and_sme,854233,2020,170,COL,Colombia,f,4387.0,0.000005,54
semiconductors_and_sme,854233,2020,203,CZE,Czechia,f,3248.0,0.000004,55
semiconductors_and_sme,854233,2020,792,TUR,Türkiye,f,3030.0,0.000004,56
semiconductors_and_sme,854233,2020,643,RUS,Russian Federation,f,2500.0,0.000003,57
semiconductors_and_sme,854233,2020,710,ZAF,South Africa,f,2342.0,0.000003,58
semiconductors_and_sme,854233,2020,854,BFA,Burkina Faso,f,2290.0,0.000003,59
semiconductors_and_sme,854233,2021,458,MYS,Malaysia,f,202347981.0,0.310901,1
semiconductors_and_sme,854233,2021,608,PHL,Philippines,f,78942591.0,0.121293,2
semiconductors_and_sme,854233,2021,490,TWN,Taiwan,f,77119831.0,0.118492,3
semiconductors_and_sme,854233,2021,276,DEU,Germany,f,74890621.0,0.115067,4
semiconductors_and_sme,854233,2021,156,CHN,China,f,62074049.0,0.095375,5
semiconductors_and_sme,854233,2021,764,THA,Thailand,f,55654997.0,0.085512,6
semiconductors_and_sme,854233,2021,410,KOR,Rep. of Korea,f,32597359.0,0.050085,7
semiconductors_and_sme,854233,2021,392,JPN,Japan,f,13834389.0,0.021256,8
semiconductors_and_sme,854233,2021,702,SGP,Singapore,f,10991633.0,0.016888,9
semiconductors_and_sme,854233,2021,484,MEX,Mexico,f,7770340.0,0.011939,10
semiconductors_and_sme,854233,2021,188,CRI,Costa Rica,f,6500065.0,0.009987,11
semiconductors_and_sme,854233,2021,251,FRA,France,f,4707494.0,0.007233,12
semiconductors_and_sme,854233,2021,470,MLT,Malta,f,4570490.0,0.007022,13
semiconductors_and_sme,854233,2021,504,MAR,Morocco,f,4012972.0,0.006166,14
semiconductors_and_sme,854233,2021,826,GBR,United Kingdom,f,3992008.0,0.006134,15
semiconductors_and_sme,854233,2021,76,BRA,Brazil,f,2879247.0,0.004424,16
semiconductors_and_sme,854233,2021,757,CHE,Switzerland,f,1568416.0,0.002410,17
semiconductors_and_sme,854233,2021,124,CAN,Canada,f,1440751.0,0.002214,18
semiconductors_and_sme,854233,2021,40,AUT,Austria,f,1028133.0,0.001580,19
semiconductors_and_sme,854233,2021,208,DNK,Denmark,f,534482.0,0.000821,20
semiconductors_and_sme,854233,2021,36,AUS,Australia,f,524489.0,0.000806,21
semiconductors_and_sme,854233,2021,376,ISR,Israel,f,516377.0,0.000793,22
semiconductors_and_sme,854233,2021,699,IND,India,f,506809.0,0.000779,23
semiconductors_and_sme,854233,2021,344,HKG,"China, Hong Kong SAR",f,372247.0,0.000572,24
semiconductors_and_sme,854233,2021,752,SWE,Sweden,f,271130.0,0.000417,25
semiconductors_and_sme,854233,2021,528,NLD,Netherlands,f,237624.0,0.000365,26
semiconductors_and_sme,854233,2021,380,ITA,Italy,f,107689.0,0.000165,27
semiconductors_and_sme,854233,2021,360,IDN,Indonesia,f,91583.0,0.000141,28
semiconductors_and_sme,854233,2021,724,ESP,Spain,f,82547.0,0.000127,29
semiconductors_and_sme,854233,2021,616,POL,Poland,f,70357.0,0.000108,30
semiconductors_and_sme,854233,2021,56,BEL,Belgium,f,68577.0,0.000105,31
semiconductors_and_sme,854233,2021,372,IRL,Ireland,f,62727.0,0.000096,32
semiconductors_and_sme,854233,2021,348,HUN,Hungary,f,62129.0,0.000095,33
semiconductors_and_sme,854233,2021,643,RUS,Russian Federation,f,52808.0,0.000081,34
semiconductors_and_sme,854233,2021,792,TUR,Türkiye,f,51292.0,0.000079,35
semiconductors_and_sme,854233,2021,703,SVK,Slovakia,f,44833.0,0.000069,36
semiconductors_and_sme,854233,2021,620,PRT,Portugal,f,41922.0,0.000064,37
semiconductors_and_sme,854233,2021,116,KHM,Cambodia,f,30090.0,0.000046,38
semiconductors_and_sme,854233,2021,540,NCL,New Caledonia,f,25971.0,0.000040,39
semiconductors_and_sme,854233,2021,705,SVN,Slovenia,f,21279.0,0.000033,40
semiconductors_and_sme,854233,2021,328,GUY,Guyana,f,20997.0,0.000032,41
semiconductors_and_sme,854233,2021,704,VNM,Viet Nam,f,20727.0,0.000032,42
semiconductors_and_sme,854233,2021,579,NOR,Norway,f,16271.0,0.000025,43
semiconductors_and_sme,854233,2021,428,LVA,Latvia,f,16033.0,0.000025,44
semiconductors_and_sme,854233,2021,196,CYP,Cyprus,f,14288.0,0.000022,45
semiconductors_and_sme,854233,2021,288,GHA,Ghana,f,11553.0,0.000018,46
semiconductors_and_sme,854233,2021,268,GEO,Georgia,f,10927.0,0.000017,47
semiconductors_and_sme,854233,2021,300,GRC,Greece,f,10182.0,0.000016,48
semiconductors_and_sme,854233,2021,84,BLZ,Belize,f,5710.0,0.000009,49
semiconductors_and_sme,854233,2021,352,ISL,Iceland,f,3919.0,0.000006,50
semiconductors_and_sme,854233,2021,674,SMR,San Marino,f,3847.0,0.000006,51
semiconductors_and_sme,854233,2021,120,CMR,Cameroon,f,3404.0,0.000005,52
semiconductors_and_sme,854233,2021,246,FIN,Finland,f,2732.0,0.000004,53
semiconductors_and_sme,854233,2021,446,MAC,"China, Macao SAR",f,2545.0,0.000004,54
semiconductors_and_sme,854233,2022,458,MYS,Malaysia,f,286562772.0,0.319830,1
semiconductors_and_sme,854233,2022,490,TWN,Taiwan,f,131399324.0,0.146654,2
semiconductors_and_sme,854233,2022,608,PHL,Philippines,f,108379826.0,0.120962,3
semiconductors_and_sme,854233,2022,276,DEU,Germany,f,101291443.0,0.113051,4
semiconductors_and_sme,854233,2022,764,THA,Thailand,f,91886790.0,0.102554,5
semiconductors_and_sme,854233,2022,156,CHN,China,f,78955649.0,0.088122,6
semiconductors_and_sme,854233,2022,410,KOR,Rep. of Korea,f,29794401.0,0.033253,7
semiconductors_and_sme,854233,2022,392,JPN,Japan,f,17200658.0,0.019198,8
semiconductors_and_sme,854233,2022,484,MEX,Mexico,f,13109811.0,0.014632,9
semiconductors_and_sme,854233,2022,504,MAR,Morocco,f,7243145.0,0.008084,10
semiconductors_and_sme,854233,2022,826,GBR,United Kingdom,f,6727937.0,0.007509,11
semiconductors_and_sme,854233,2022,702,SGP,Singapore,f,4320856.0,0.004822,12
semiconductors_and_sme,854233,2022,251,FRA,France,f,3900276.0,0.004353,13
semiconductors_and_sme,854233,2022,124,CAN,Canada,f,1910841.0,0.002133,14
semiconductors_and_sme,854233,2022,188,CRI,Costa Rica,f,1903079.0,0.002124,15
semiconductors_and_sme,854233,2022,344,HKG,"China, Hong Kong SAR",f,1543882.0,0.001723,16
semiconductors_and_sme,854233,2022,757,CHE,Switzerland,f,1517951.0,0.001694,17
semiconductors_and_sme,854233,2022,528,NLD,Netherlands,f,1475643.0,0.001647,18
semiconductors_and_sme,854233,2022,40,AUT,Austria,f,1392646.0,0.001554,19
semiconductors_and_sme,854233,2022,699,IND,India,f,1300085.0,0.001451,20
semiconductors_and_sme,854233,2022,76,BRA,Brazil,f,574632.0,0.000641,21
semiconductors_and_sme,854233,2022,376,ISR,Israel,f,520567.0,0.000581,22
semiconductors_and_sme,854233,2022,752,SWE,Sweden,f,470916.0,0.000526,23
semiconductors_and_sme,854233,2022,36,AUS,Australia,f,397175.0,0.000443,24
semiconductors_and_sme,854233,2022,380,ITA,Italy,f,349563.0,0.000390,25
semiconductors_and_sme,854233,2022,208,DNK,Denmark,f,206330.0,0.000230,26
semiconductors_and_sme,854233,2022,579,NOR,Norway,f,203022.0,0.000227,27
semiconductors_and_sme,854233,2022,372,IRL,Ireland,f,191115.0,0.000213,28
semiconductors_and_sme,854233,2022,246,FIN,Finland,f,162141.0,0.000181,29
semiconductors_and_sme,854233,2022,616,POL,Poland,f,142295.0,0.000159,30
semiconductors_and_sme,854233,2022,788,TUN,Tunisia,f,138450.0,0.000155,31
semiconductors_and_sme,854233,2022,620,PRT,Portugal,f,103907.0,0.000116,32
semiconductors_and_sme,854233,2022,360,IDN,Indonesia,f,84870.0,0.000095,33
semiconductors_and_sme,854233,2022,792,TUR,Türkiye,f,70521.0,0.000079,34
semiconductors_and_sme,854233,2022,56,BEL,Belgium,f,65212.0,0.000073,35
semiconductors_and_sme,854233,2022,690,SYC,Seychelles,f,59407.0,0.000066,36
semiconductors_and_sme,854233,2022,704,VNM,Viet Nam,f,51810.0,0.000058,37
semiconductors_and_sme,854233,2022,470,MLT,Malta,f,42643.0,0.000048,38
semiconductors_and_sme,854233,2022,724,ESP,Spain,f,40117.0,0.000045,39
semiconductors_and_sme,854233,2022,703,SVK,Slovakia,f,39564.0,0.000044,40
semiconductors_and_sme,854233,2022,446,MAC,"China, Macao SAR",f,35450.0,0.000040,41
semiconductors_and_sme,854233,2022,748,SWZ,Eswatini,f,35315.0,0.000039,42
semiconductors_and_sme,854233,2022,428,LVA,Latvia,f,26384.0,0.000029,43
semiconductors_and_sme,854233,2022,348,HUN,Hungary,f,20633.0,0.000023,44
semiconductors_and_sme,854233,2022,116,KHM,Cambodia,f,20113.0,0.000022,45
semiconductors_and_sme,854233,2022,203,CZE,Czechia,f,15438.0,0.000017,46
semiconductors_and_sme,854233,2022,196,CYP,Cyprus,f,13517.0,0.000015,47
semiconductors_and_sme,854233,2022,678,STP,Sao Tome and Principe,f,12990.0,0.000014,48
semiconductors_and_sme,854233,2022,705,SVN,Slovenia,f,10933.0,0.000012,49
semiconductors_and_sme,854233,2022,268,GEO,Georgia,f,10458.0,0.000012,50
semiconductors_and_sme,854233,2022,710,ZAF,South Africa,f,8710.0,0.000010,51
semiconductors_and_sme,854233,2022,104,MMR,Myanmar,f,8596.0,0.000010,52
semiconductors_and_sme,854233,2022,440,LTU,Lithuania,f,8341.0,0.000009,53
semiconductors_and_sme,854233,2022,554,NZL,New Zealand,f,6690.0,0.000007,54
semiconductors_and_sme,854233,2022,540,NCL,New Caledonia,f,6204.0,0.000007,55
semiconductors_and_sme,854233,2022,643,RUS,Russian Federation,f,5483.0,0.000006,56
semiconductors_and_sme,854233,2022,120,CMR,Cameroon,f,4028.0,0.000004,57
semiconductors_and_sme,854233,2022,100,BGR,Bulgaria,f,3462.0,0.000004,58
semiconductors_and_sme,854233,2023,458,MYS,Malaysia,f,241940886.0,0.301774,1
semiconductors_and_sme,854233,2023,490,TWN,Taiwan,f,140285607.0,0.174979,2
semiconductors_and_sme,854233,2023,608,PHL,Philippines,f,97596259.0,0.121732,3
semiconductors_and_sme,854233,2023,764,THA,Thailand,f,85757098.0,0.106965,4
semiconductors_and_sme,854233,2023,276,DEU,Germany,f,71692744.0,0.089423,5
semiconductors_and_sme,854233,2023,156,CHN,China,f,57681363.0,0.071946,6
semiconductors_and_sme,854233,2023,410,KOR,Rep. of Korea,f,51255829.0,0.063932,7
semiconductors_and_sme,854233,2023,392,JPN,Japan,f,12049471.0,0.015029,8
semiconductors_and_sme,854233,2023,484,MEX,Mexico,f,9872542.0,0.012314,9
semiconductors_and_sme,854233,2023,504,MAR,Morocco,f,7027687.0,0.008766,10
semiconductors_and_sme,854233,2023,702,SGP,Singapore,f,5646764.0,0.007043,11
semiconductors_and_sme,854233,2023,251,FRA,France,f,3529524.0,0.004402,12
semiconductors_and_sme,854233,2023,188,CRI,Costa Rica,f,2593777.0,0.003235,13
semiconductors_and_sme,854233,2023,124,CAN,Canada,f,2542339.0,0.003171,14
semiconductors_and_sme,854233,2023,40,AUT,Austria,f,1840073.0,0.002295,15
semiconductors_and_sme,854233,2023,757,CHE,Switzerland,f,1642852.0,0.002049,16
semiconductors_and_sme,854233,2023,380,ITA,Italy,f,1562933.0,0.001949,17
semiconductors_and_sme,854233,2023,376,ISR,Israel,f,1562164.0,0.001948,18
semiconductors_and_sme,854233,2023,826,GBR,United Kingdom,f,1482208.0,0.001849,19
semiconductors_and_sme,854233,2023,699,IND,India,f,816820.0,0.001019,20
semiconductors_and_sme,854233,2023,76,BRA,Brazil,f,510678.0,0.000637,21
semiconductors_and_sme,854233,2023,372,IRL,Ireland,f,341963.0,0.000427,22
semiconductors_and_sme,854233,2023,616,POL,Poland,f,305815.0,0.000381,23
semiconductors_and_sme,854233,2023,528,NLD,Netherlands,f,296903.0,0.000370,24
semiconductors_and_sme,854233,2023,470,MLT,Malta,f,272440.0,0.000340,25
semiconductors_and_sme,854233,2023,752,SWE,Sweden,f,191837.0,0.000239,26
semiconductors_and_sme,854233,2023,620,PRT,Portugal,f,187167.0,0.000233,27
semiconductors_and_sme,854233,2023,344,HKG,"China, Hong Kong SAR",f,163713.0,0.000204,28
semiconductors_and_sme,854233,2023,710,ZAF,South Africa,f,150910.0,0.000188,29
semiconductors_and_sme,854233,2023,348,HUN,Hungary,f,146217.0,0.000182,30
semiconductors_and_sme,854233,2023,208,DNK,Denmark,f,111189.0,0.000139,31
semiconductors_and_sme,854233,2023,724,ESP,Spain,f,96436.0,0.000120,32
semiconductors_and_sme,854233,2023,704,VNM,Viet Nam,f,72168.0,0.000090,33
semiconductors_and_sme,854233,2023,56,BEL,Belgium,f,71166.0,0.000089,34
semiconductors_and_sme,854233,2023,428,LVA,Latvia,f,62478.0,0.000078,35
semiconductors_and_sme,854233,2023,792,TUR,Türkiye,f,61440.0,0.000077,36
semiconductors_and_sme,854233,2023,203,CZE,Czechia,f,46765.0,0.000058,37
semiconductors_and_sme,854233,2023,360,IDN,Indonesia,f,44402.0,0.000055,38
semiconductors_and_sme,854233,2023,705,SVN,Slovenia,f,43277.0,0.000054,39
semiconductors_and_sme,854233,2023,36,AUS,Australia,f,41031.0,0.000051,40
semiconductors_and_sme,854233,2023,642,ROU,Romania,f,30760.0,0.000038,41
semiconductors_and_sme,854233,2023,703,SVK,Slovakia,f,26191.0,0.000033,42
semiconductors_and_sme,854233,2023,340,HND,Honduras,f,13800.0,0.000017,43
semiconductors_and_sme,854233,2023,446,MAC,"China, Macao SAR",f,9675.0,0.000012,44
semiconductors_and_sme,854233,2023,246,FIN,Finland,f,9258.0,0.000012,45
semiconductors_and_sme,854233,2023,440,LTU,Lithuania,f,9162.0,0.000011,46
semiconductors_and_sme,854233,2023,100,BGR,Bulgaria,f,7614.0,0.000009,47
semiconductors_and_sme,854233,2023,450,MDG,Madagascar,f,7455.0,0.000009,48
semiconductors_and_sme,854233,2023,579,NOR,Norway,f,7147.0,0.000009,49
semiconductors_and_sme,854233,2023,191,HRV,Croatia,f,5038.0,0.000006,50
semiconductors_and_sme,854233,2023,554,NZL,New Zealand,f,3165.0,0.000004,51
semiconductors_and_sme,854233,2023,196,CYP,Cyprus,f,3140.0,0.000004,52
semiconductors_and_sme,854233,2024,458,MYS,Malaysia,f,182285758.0,0.228028,1
semiconductors_and_sme,854233,2024,490,TWN,Taiwan,f,152437298.0,0.190690,2
semiconductors_and_sme,854233,2024,276,DEU,Germany,f,103077080.0,0.128943,3
semiconductors_and_sme,854233,2024,608,PHL,Philippines,f,95213136.0,0.119106,4
semiconductors_and_sme,854233,2024,410,KOR,Rep. of Korea,f,70837322.0,0.088613,5
semiconductors_and_sme,854233,2024,764,THA,Thailand,f,64108364.0,0.080196,6
semiconductors_and_sme,854233,2024,156,CHN,China,f,59970651.0,0.075020,7
semiconductors_and_sme,854233,2024,392,JPN,Japan,f,20607959.0,0.025779,8
semiconductors_and_sme,854233,2024,484,MEX,Mexico,f,6592371.0,0.008247,9
semiconductors_and_sme,854233,2024,188,CRI,Costa Rica,f,6290285.0,0.007869,10
semiconductors_and_sme,854233,2024,757,CHE,Switzerland,f,5610102.0,0.007018,11
semiconductors_and_sme,854233,2024,504,MAR,Morocco,f,4709103.0,0.005891,12
semiconductors_and_sme,854233,2024,251,FRA,France,f,4572609.0,0.005720,13
semiconductors_and_sme,854233,2024,40,AUT,Austria,f,3783462.0,0.004733,14
semiconductors_and_sme,854233,2024,124,CAN,Canada,f,3470452.0,0.004341,15
semiconductors_and_sme,854233,2024,702,SGP,Singapore,f,2758912.0,0.003451,16
semiconductors_and_sme,854233,2024,724,ESP,Spain,f,2143749.0,0.002682,17
semiconductors_and_sme,854233,2024,470,MLT,Malta,f,1640333.0,0.002052,18
semiconductors_and_sme,854233,2024,380,ITA,Italy,f,1559649.0,0.001951,19
semiconductors_and_sme,854233,2024,528,NLD,Netherlands,f,1246849.0,0.001560,20
semiconductors_and_sme,854233,2024,826,GBR,United Kingdom,f,1071610.0,0.001341,21
semiconductors_and_sme,854233,2024,208,DNK,Denmark,f,1052828.0,0.001317,22
semiconductors_and_sme,854233,2024,348,HUN,Hungary,f,1005224.0,0.001257,23
semiconductors_and_sme,854233,2024,376,ISR,Israel,f,833112.0,0.001042,24
semiconductors_and_sme,854233,2024,699,IND,India,f,508112.0,0.000636,25
semiconductors_and_sme,854233,2024,360,IDN,Indonesia,f,270535.0,0.000338,26
semiconductors_and_sme,854233,2024,36,AUS,Australia,f,265179.0,0.000332,27
semiconductors_and_sme,854233,2024,76,BRA,Brazil,f,230427.0,0.000288,28
semiconductors_and_sme,854233,2024,56,BEL,Belgium,f,211047.0,0.000264,29
semiconductors_and_sme,854233,2024,344,HKG,"China, Hong Kong SAR",f,179936.0,0.000225,30
semiconductors_and_sme,854233,2024,616,POL,Poland,f,137997.0,0.000173,31
semiconductors_and_sme,854233,2024,372,IRL,Ireland,f,130054.0,0.000163,32
semiconductors_and_sme,854233,2024,792,TUR,Türkiye,f,107500.0,0.000134,33
semiconductors_and_sme,854233,2024,752,SWE,Sweden,f,91870.0,0.000115,34
semiconductors_and_sme,854233,2024,705,SVN,Slovenia,f,71138.0,0.000089,35
semiconductors_and_sme,854233,2024,428,LVA,Latvia,f,57634.0,0.000072,36
semiconductors_and_sme,854233,2024,480,MUS,Mauritius,f,55210.0,0.000069,37
semiconductors_and_sme,854233,2024,704,VNM,Viet Nam,f,41689.0,0.000052,38
semiconductors_and_sme,854233,2024,579,NOR,Norway,f,40141.0,0.000050,39
semiconductors_and_sme,854233,2024,703,SVK,Slovakia,f,29093.0,0.000036,40
semiconductors_and_sme,854233,2024,620,PRT,Portugal,f,24774.0,0.000031,41
semiconductors_and_sme,854233,2024,300,GRC,Greece,f,15800.0,0.000020,42
semiconductors_and_sme,854233,2024,203,CZE,Czechia,f,11387.0,0.000014,43
semiconductors_and_sme,854233,2024,332,HTI,Haiti,f,10362.0,0.000013,44
semiconductors_and_sme,854233,2024,184,COK,Cook Isds,f,8450.0,0.000011,45
semiconductors_and_sme,854233,2024,688,SRB,Serbia,f,5827.0,0.000007,46
semiconductors_and_sme,854233,2024,246,FIN,Finland,f,4278.0,0.000005,47
semiconductors_and_sme,854233,2024,887,YEM,Yemen,f,4020.0,0.000005,48
semiconductors_and_sme,854233,2024,780,TTO,Trinidad and Tobago,f,3700.0,0.000005,49
semiconductors_and_sme,854233,2024,404,KEN,Kenya,f,2837.0,0.000004,50
semiconductors_and_sme,854233,2024,100,BGR,Bulgaria,f,2766.0,0.000003,51
semiconductors_and_sme,854233,2025,490,TWN,Taiwan,f,133185821.0,0.218188,1
semiconductors_and_sme,854233,2025,458,MYS,Malaysia,f,118039025.0,0.193374,2
semiconductors_and_sme,854233,2025,608,PHL,Philippines,f,91100566.0,0.149243,3
semiconductors_and_sme,854233,2025,276,DEU,Germany,f,66416475.0,0.108805,4
semiconductors_and_sme,854233,2025,764,THA,Thailand,f,48474168.0,0.079411,5
semiconductors_and_sme,854233,2025,410,KOR,Rep. of Korea,f,41339034.0,0.067722,6
semiconductors_and_sme,854233,2025,156,CHN,China,f,33475154.0,0.054840,7
semiconductors_and_sme,854233,2025,392,JPN,Japan,f,24085907.0,0.039458,8
semiconductors_and_sme,854233,2025,251,FRA,France,f,8637031.0,0.014149,9
semiconductors_and_sme,854233,2025,702,SGP,Singapore,f,7574346.0,0.012408,10
semiconductors_and_sme,854233,2025,484,MEX,Mexico,f,6847253.0,0.011217,11
semiconductors_and_sme,854233,2025,826,GBR,United Kingdom,f,4135609.0,0.006775,12
semiconductors_and_sme,854233,2025,757,CHE,Switzerland,f,3495073.0,0.005726,13
semiconductors_and_sme,854233,2025,76,BRA,Brazil,f,3454353.0,0.005659,14
semiconductors_and_sme,854233,2025,380,ITA,Italy,f,2937358.0,0.004812,15
semiconductors_and_sme,854233,2025,124,CAN,Canada,f,2604488.0,0.004267,16
semiconductors_and_sme,854233,2025,40,AUT,Austria,f,2407204.0,0.003944,17
semiconductors_and_sme,854233,2025,188,CRI,Costa Rica,f,2097914.0,0.003437,18
semiconductors_and_sme,854233,2025,528,NLD,Netherlands,f,1790734.0,0.002934,19
semiconductors_and_sme,854233,2025,504,MAR,Morocco,f,1550316.0,0.002540,20
semiconductors_and_sme,854233,2025,724,ESP,Spain,f,1262290.0,0.002068,21
semiconductors_and_sme,854233,2025,376,ISR,Israel,f,1198116.0,0.001963,22
semiconductors_and_sme,854233,2025,203,CZE,Czechia,f,1080214.0,0.001770,23
semiconductors_and_sme,854233,2025,372,IRL,Ireland,f,707128.0,0.001158,24
semiconductors_and_sme,854233,2025,348,HUN,Hungary,f,549095.0,0.000900,25
semiconductors_and_sme,854233,2025,36,AUS,Australia,f,462455.0,0.000758,26
semiconductors_and_sme,854233,2025,699,IND,India,f,327162.0,0.000536,27
semiconductors_and_sme,854233,2025,208,DNK,Denmark,f,222806.0,0.000365,28
semiconductors_and_sme,854233,2025,704,VNM,Viet Nam,f,150198.0,0.000246,29
semiconductors_and_sme,854233,2025,752,SWE,Sweden,f,149585.0,0.000245,30
semiconductors_and_sme,854233,2025,344,HKG,"China, Hong Kong SAR",f,113836.0,0.000186,31
semiconductors_and_sme,854233,2025,710,ZAF,South Africa,f,105153.0,0.000172,32
semiconductors_and_sme,854233,2025,428,LVA,Latvia,f,74914.0,0.000123,33
semiconductors_and_sme,854233,2025,616,POL,Poland,f,73959.0,0.000121,34
semiconductors_and_sme,854233,2025,792,TUR,Türkiye,f,73384.0,0.000120,35
semiconductors_and_sme,854233,2025,56,BEL,Belgium,f,64923.0,0.000106,36
semiconductors_and_sme,854233,2025,705,SVN,Slovenia,f,51614.0,0.000085,37
semiconductors_and_sme,854233,2025,360,IDN,Indonesia,f,26155.0,0.000043,38
semiconductors_and_sme,854233,2025,579,NOR,Norway,f,20025.0,0.000033,39
semiconductors_and_sme,854233,2025,246,FIN,Finland,f,16572.0,0.000027,40
semiconductors_and_sme,854233,2025,620,PRT,Portugal,f,9537.0,0.000016,41
semiconductors_and_sme,854233,2025,780,TTO,Trinidad and Tobago,f,8600.0,0.000014,42
semiconductors_and_sme,854233,2025,100,BGR,Bulgaria,f,7329.0,0.000012,43
semiconductors_and_sme,854233,2025,646,RWA,Rwanda,f,6632.0,0.000011,44
semiconductors_and_sme,854233,2025,554,NZL,New Zealand,f,4840.0,0.000008,45
semiconductors_and_sme,854233,2025,266,GAB,Gabon,f,2396.0,0.000004,46
semiconductors_and_sme,854233,2025,120,CMR,Cameroon,f,2346.0,0.000004,47
semiconductors_and_sme,854239,2018,490,TWN,Taiwan,f,1834367437.0,0.215077,1
semiconductors_and_sme,854239,2018,458,MYS,Malaysia,f,1418294700.0,0.166293,2
semiconductors_and_sme,854239,2018,410,KOR,Rep. of Korea,f,1377681284.0,0.161531,3
semiconductors_and_sme,854239,2018,608,PHL,Philippines,f,883976476.0,0.103645,4
semiconductors_and_sme,854239,2018,484,MEX,Mexico,f,703470260.0,0.082481,5
semiconductors_and_sme,854239,2018,156,CHN,China,f,699198334.0,0.081980,6
semiconductors_and_sme,854239,2018,764,THA,Thailand,f,509005628.0,0.059680,7
semiconductors_and_sme,854239,2018,392,JPN,Japan,f,347654149.0,0.040762,8
semiconductors_and_sme,854239,2018,702,SGP,Singapore,f,140667869.0,0.016493,9
semiconductors_and_sme,854239,2018,251,FRA,France,f,132001420.0,0.015477,10
semiconductors_and_sme,854239,2018,276,DEU,Germany,f,123649267.0,0.014498,11
semiconductors_and_sme,854239,2018,124,CAN,Canada,f,74877898.0,0.008779,12
semiconductors_and_sme,854239,2018,360,IDN,Indonesia,f,42528736.0,0.004986,13
semiconductors_and_sme,854239,2018,376,ISR,Israel,f,35438076.0,0.004155,14
semiconductors_and_sme,854239,2018,504,MAR,Morocco,f,32859278.0,0.003853,15
semiconductors_and_sme,854239,2018,826,GBR,United Kingdom,f,30360754.0,0.003560,16
semiconductors_and_sme,854239,2018,470,MLT,Malta,f,23373364.0,0.002740,17
semiconductors_and_sme,854239,2018,704,VNM,Viet Nam,f,15953356.0,0.001871,18
semiconductors_and_sme,854239,2018,344,HKG,"China, Hong Kong SAR",f,15646825.0,0.001835,19
semiconductors_and_sme,854239,2018,757,CHE,Switzerland,f,12681755.0,0.001487,20
semiconductors_and_sme,854239,2018,40,AUT,Austria,f,11678098.0,0.001369,21
semiconductors_and_sme,854239,2018,36,AUS,Australia,f,9085924.0,0.001065,22
semiconductors_and_sme,854239,2018,56,BEL,Belgium,f,8507158.0,0.000997,23
semiconductors_and_sme,854239,2018,348,HUN,Hungary,f,8356967.0,0.000980,24
semiconductors_and_sme,854239,2018,380,ITA,Italy,f,7403218.0,0.000868,25
semiconductors_and_sme,854239,2018,372,IRL,Ireland,f,4216606.0,0.000494,26
semiconductors_and_sme,854239,2018,642,ROU,Romania,f,4194652.0,0.000492,27
semiconductors_and_sme,854239,2018,792,TUR,Türkiye,f,2866502.0,0.000336,28
semiconductors_and_sme,854239,2018,528,NLD,Netherlands,f,2344321.0,0.000275,29
semiconductors_and_sme,854239,2018,699,IND,India,f,1920570.0,0.000225,30
semiconductors_and_sme,854239,2018,579,NOR,Norway,f,1682351.0,0.000197,31
semiconductors_and_sme,854239,2018,203,CZE,Czechia,f,1570508.0,0.000184,32
semiconductors_and_sme,854239,2018,752,SWE,Sweden,f,1524484.0,0.000179,33
semiconductors_and_sme,854239,2018,780,TTO,Trinidad and Tobago,f,1272961.0,0.000149,34
semiconductors_and_sme,854239,2018,620,PRT,Portugal,f,1263807.0,0.000148,35
semiconductors_and_sme,854239,2018,703,SVK,Slovakia,f,1147213.0,0.000135,36
semiconductors_and_sme,854239,2018,208,DNK,Denmark,f,818897.0,0.000096,37
semiconductors_and_sme,854239,2018,144,LKA,Sri Lanka,f,699614.0,0.000082,38
semiconductors_and_sme,854239,2018,724,ESP,Spain,f,664159.0,0.000078,39
semiconductors_and_sme,854239,2018,616,POL,Poland,f,607159.0,0.000071,40
semiconductors_and_sme,854239,2018,643,RUS,Russian Federation,f,395940.0,0.000046,41
semiconductors_and_sme,854239,2018,705,SVN,Slovenia,f,391480.0,0.000046,42
semiconductors_and_sme,854239,2018,554,NZL,New Zealand,f,328566.0,0.000039,43
semiconductors_and_sme,854239,2018,76,BRA,Brazil,f,246302.0,0.000029,44
semiconductors_and_sme,854239,2018,100,BGR,Bulgaria,f,197347.0,0.000023,45
semiconductors_and_sme,854239,2018,148,TCD,Chad,f,178710.0,0.000021,46
semiconductors_and_sme,854239,2018,480,MUS,Mauritius,f,166504.0,0.000020,47
semiconductors_and_sme,854239,2018,654,SHN,Saint Helena,f,159450.0,0.000019,48
semiconductors_and_sme,854239,2018,188,CRI,Costa Rica,f,142727.0,0.000017,49
semiconductors_and_sme,854239,2018,710,ZAF,South Africa,f,121551.0,0.000014,50
semiconductors_and_sme,854239,2018,246,FIN,Finland,f,118733.0,0.000014,51
semiconductors_and_sme,854239,2018,558,NIC,Nicaragua,f,108997.0,0.000013,52
semiconductors_and_sme,854239,2018,446,MAC,"China, Macao SAR",f,96457.0,0.000011,53
semiconductors_and_sme,854239,2018,748,SWZ,Eswatini,f,92526.0,0.000011,54
semiconductors_and_sme,854239,2018,136,CYM,Cayman Isds,f,78422.0,0.000009,55
semiconductors_and_sme,854239,2018,662,LCA,Saint Lucia,f,59651.0,0.000007,56
semiconductors_and_sme,854239,2018,222,SLV,El Salvador,f,44630.0,0.000005,57
semiconductors_and_sme,854239,2018,404,KEN,Kenya,f,44113.0,0.000005,58
semiconductors_and_sme,854239,2018,499,MNE,Montenegro,f,32075.0,0.000004,59
semiconductors_and_sme,854239,2018,788,TUN,Tunisia,f,31582.0,0.000004,60
semiconductors_and_sme,854239,2018,120,CMR,Cameroon,f,24545.0,0.000003,61
semiconductors_and_sme,854239,2018,440,LTU,Lithuania,f,24469.0,0.000003,62
semiconductors_and_sme,854239,2018,300,GRC,Greece,f,24130.0,0.000003,63
semiconductors_and_sme,854239,2018,414,KWT,Kuwait,f,20502.0,0.000002,64
semiconductors_and_sme,854239,2018,352,ISL,Iceland,f,20028.0,0.000002,65
semiconductors_and_sme,854239,2018,531,CUW,Curaçao,f,19692.0,0.000002,66
semiconductors_and_sme,854239,2018,400,JOR,Jordan,f,17850.0,0.000002,67
semiconductors_and_sme,854239,2018,818,EGY,Egypt,f,16925.0,0.000002,68
semiconductors_and_sme,854239,2018,388,JAM,Jamaica,f,11548.0,0.000001,69
semiconductors_and_sme,854239,2018,500,MSR,Montserrat,f,10821.0,0.000001,70
semiconductors_and_sme,854239,2018,308,GRD,Grenada,f,10616.0,0.000001,71
semiconductors_and_sme,854239,2018,694,SLE,Sierra Leone,f,10304.0,0.000001,72
semiconductors_and_sme,854239,2018,591,PAN,Panama,f,9705.0,0.000001,73
semiconductors_and_sme,854239,2018,214,DOM,Dominican Rep.,f,9433.0,0.000001,74
semiconductors_and_sme,854239,2018,152,CHL,Chile,f,8500.0,0.000001,75
semiconductors_and_sme,854239,2018,218,ECU,Ecuador,f,8372.0,0.000001,76
semiconductors_and_sme,854239,2018,562,NER,Niger,f,7987.0,0.000001,77
semiconductors_and_sme,854239,2018,320,GTM,Guatemala,f,7950.0,0.000001,78
semiconductors_and_sme,854239,2018,682,SAU,Saudi Arabia,f,7862.0,0.000001,79
semiconductors_and_sme,854239,2018,762,TJK,Tajikistan,f,7426.0,0.000001,80
semiconductors_and_sme,854239,2018,428,LVA,Latvia,f,7178.0,0.000001,81
semiconductors_and_sme,854239,2018,8,ALB,Albania,f,6920.0,0.000001,82
semiconductors_and_sme,854239,2018,688,SRB,Serbia,f,6124.0,0.000001,83
semiconductors_and_sme,854239,2018,51,ARM,Armenia,f,5650.0,0.000001,84
semiconductors_and_sme,854239,2018,583,FSM,FS Micronesia,f,5495.0,0.000001,85
semiconductors_and_sme,854239,2018,516,NAM,Namibia,f,4897.0,0.000001,86
semiconductors_and_sme,854239,2018,231,ETH,Ethiopia,f,4746.0,0.000001,87
semiconductors_and_sme,854239,2018,612,PCN,Pitcairn,f,4570.0,0.000001,88
semiconductors_and_sme,854239,2018,68,BOL,Bolivia (Plurinational State of),f,4128.0,0.000000,89
semiconductors_and_sme,854239,2018,626,TLS,Timor-Leste,f,4082.0,0.000000,90
semiconductors_and_sme,854239,2018,170,COL,Colombia,f,4066.0,0.000000,91
semiconductors_and_sme,854239,2018,462,MDV,Maldives,f,3750.0,0.000000,92
semiconductors_and_sme,854239,2018,332,HTI,Haiti,f,3375.0,0.000000,93
semiconductors_and_sme,854239,2018,784,ARE,United Arab Emirates,f,3369.0,0.000000,94
semiconductors_and_sme,854239,2018,678,STP,Sao Tome and Principe,f,3294.0,0.000000,95
semiconductors_and_sme,854239,2018,466,MLI,Mali,f,2715.0,0.000000,96
semiconductors_and_sme,854239,2018,478,MRT,Mauritania,f,2154.0,0.000000,97
semiconductors_and_sme,854239,2019,490,TWN,Taiwan,f,1989664932.0,0.247824,1
semiconductors_and_sme,854239,2019,458,MYS,Malaysia,f,1383083665.0,0.172271,2
semiconductors_and_sme,854239,2019,410,KOR,Rep. of Korea,f,1328586657.0,0.165483,3
semiconductors_and_sme,854239,2019,608,PHL,Philippines,f,661716307.0,0.082421,4
semiconductors_and_sme,854239,2019,484,MEX,Mexico,f,639330501.0,0.079632,5
semiconductors_and_sme,854239,2019,764,THA,Thailand,f,510222085.0,0.063551,6
semiconductors_and_sme,854239,2019,156,CHN,China,f,375556187.0,0.046778,7
semiconductors_and_sme,854239,2019,392,JPN,Japan,f,330892464.0,0.041215,8
semiconductors_and_sme,854239,2019,702,SGP,Singapore,f,148215807.0,0.018461,9
semiconductors_and_sme,854239,2019,124,CAN,Canada,f,133720163.0,0.016656,10
semiconductors_and_sme,854239,2019,276,DEU,Germany,f,121500386.0,0.015134,11
semiconductors_and_sme,854239,2019,251,FRA,France,f,109518351.0,0.013641,12
semiconductors_and_sme,854239,2019,372,IRL,Ireland,f,53562739.0,0.006672,13
semiconductors_and_sme,854239,2019,360,IDN,Indonesia,f,31203347.0,0.003887,14
semiconductors_and_sme,854239,2019,826,GBR,United Kingdom,f,31055503.0,0.003868,15
semiconductors_and_sme,854239,2019,348,HUN,Hungary,f,25327460.0,0.003155,16
semiconductors_and_sme,854239,2019,376,ISR,Israel,f,24932990.0,0.003106,17
semiconductors_and_sme,854239,2019,504,MAR,Morocco,f,20892650.0,0.002602,18
semiconductors_and_sme,854239,2019,704,VNM,Viet Nam,f,18208864.0,0.002268,19
semiconductors_and_sme,854239,2019,757,CHE,Switzerland,f,15479605.0,0.001928,20
semiconductors_and_sme,854239,2019,40,AUT,Austria,f,14257987.0,0.001776,21
semiconductors_and_sme,854239,2019,470,MLT,Malta,f,10164126.0,0.001266,22
semiconductors_and_sme,854239,2019,56,BEL,Belgium,f,7217648.0,0.000899,23
semiconductors_and_sme,854239,2019,344,HKG,"China, Hong Kong SAR",f,6402220.0,0.000797,24
semiconductors_and_sme,854239,2019,380,ITA,Italy,f,5824028.0,0.000725,25
semiconductors_and_sme,854239,2019,36,AUS,Australia,f,5213034.0,0.000649,26
semiconductors_and_sme,854239,2019,703,SVK,Slovakia,f,5022164.0,0.000626,27
semiconductors_and_sme,854239,2019,642,ROU,Romania,f,2379217.0,0.000296,28
semiconductors_and_sme,854239,2019,699,IND,India,f,2208713.0,0.000275,29
semiconductors_and_sme,854239,2019,792,TUR,Türkiye,f,2096125.0,0.000261,30
semiconductors_and_sme,854239,2019,528,NLD,Netherlands,f,2092005.0,0.000261,31
semiconductors_and_sme,854239,2019,579,NOR,Norway,f,2040750.0,0.000254,32
semiconductors_and_sme,854239,2019,620,PRT,Portugal,f,1781611.0,0.000222,33
semiconductors_and_sme,854239,2019,752,SWE,Sweden,f,1603177.0,0.000200,34
semiconductors_and_sme,854239,2019,616,POL,Poland,f,1208203.0,0.000150,35
semiconductors_and_sme,854239,2019,214,DOM,Dominican Rep.,f,992469.0,0.000124,36
semiconductors_and_sme,854239,2019,144,LKA,Sri Lanka,f,671411.0,0.000084,37
semiconductors_and_sme,854239,2019,643,RUS,Russian Federation,f,563598.0,0.000070,38
semiconductors_and_sme,854239,2019,203,CZE,Czechia,f,558970.0,0.000070,39
semiconductors_and_sme,854239,2019,724,ESP,Spain,f,512696.0,0.000064,40
semiconductors_and_sme,854239,2019,188,CRI,Costa Rica,f,432975.0,0.000054,41
semiconductors_and_sme,854239,2019,554,NZL,New Zealand,f,401098.0,0.000050,42
semiconductors_and_sme,854239,2019,705,SVN,Slovenia,f,294460.0,0.000037,43
semiconductors_and_sme,854239,2019,208,DNK,Denmark,f,283644.0,0.000035,44
semiconductors_and_sme,854239,2019,170,COL,Colombia,f,193438.0,0.000024,45
semiconductors_and_sme,854239,2019,710,ZAF,South Africa,f,122920.0,0.000015,46
semiconductors_and_sme,854239,2019,466,MLI,Mali,f,119492.0,0.000015,47
semiconductors_and_sme,854239,2019,246,FIN,Finland,f,106473.0,0.000013,48
semiconductors_and_sme,854239,2019,76,BRA,Brazil,f,97928.0,0.000012,49
semiconductors_and_sme,854239,2019,788,TUN,Tunisia,f,95707.0,0.000012,50
semiconductors_and_sme,854239,2019,442,LUX,Luxembourg,f,91640.0,0.000011,51
semiconductors_and_sme,854239,2019,100,BGR,Bulgaria,f,84205.0,0.000010,52
semiconductors_and_sme,854239,2019,694,SLE,Sierra Leone,f,79152.0,0.000010,53
semiconductors_and_sme,854239,2019,152,CHL,Chile,f,68320.0,0.000009,54
semiconductors_and_sme,854239,2019,320,GTM,Guatemala,f,51725.0,0.000006,55
semiconductors_and_sme,854239,2019,748,SWZ,Eswatini,f,51440.0,0.000006,56
semiconductors_and_sme,854239,2019,626,TLS,Timor-Leste,f,36615.0,0.000005,57
semiconductors_and_sme,854239,2019,780,TTO,Trinidad and Tobago,f,36347.0,0.000005,58
semiconductors_and_sme,854239,2019,586,PAK,Pakistan,f,32156.0,0.000004,59
semiconductors_and_sme,854239,2019,116,KHM,Cambodia,f,31623.0,0.000004,60
semiconductors_and_sme,854239,2019,688,SRB,Serbia,f,31086.0,0.000004,61
semiconductors_and_sme,854239,2019,191,HRV,Croatia,f,26121.0,0.000003,62
semiconductors_and_sme,854239,2019,662,LCA,Saint Lucia,f,24780.0,0.000003,63
semiconductors_and_sme,854239,2019,654,SHN,Saint Helena,f,24004.0,0.000003,64
semiconductors_and_sme,854239,2019,166,CCK,Cocos Isds,f,23950.0,0.000003,65
semiconductors_and_sme,854239,2019,440,LTU,Lithuania,f,20753.0,0.000003,66
semiconductors_and_sme,854239,2019,604,PER,Peru,f,16347.0,0.000002,67
semiconductors_and_sme,854239,2019,233,EST,Estonia,f,16089.0,0.000002,68
semiconductors_and_sme,854239,2019,682,SAU,Saudi Arabia,f,13798.0,0.000002,69
semiconductors_and_sme,854239,2019,478,MRT,Mauritania,f,12863.0,0.000002,70
semiconductors_and_sme,854239,2019,68,BOL,Bolivia (Plurinational State of),f,12652.0,0.000002,71
semiconductors_and_sme,854239,2019,887,YEM,Yemen,f,12624.0,0.000002,72
semiconductors_and_sme,854239,2019,300,GRC,Greece,f,11202.0,0.000001,73
semiconductors_and_sme,854239,2019,258,PYF,French Polynesia,f,10246.0,0.000001,74
semiconductors_and_sme,854239,2019,646,RWA,Rwanda,f,9770.0,0.000001,75
semiconductors_and_sme,854239,2019,480,MUS,Mauritius,f,8960.0,0.000001,76
semiconductors_and_sme,854239,2019,417,KGZ,Kyrgyzstan,f,7534.0,0.000001,77
semiconductors_and_sme,854239,2019,706,SOM,Somalia,f,7256.0,0.000001,78
semiconductors_and_sme,854239,2019,428,LVA,Latvia,f,6999.0,0.000001,79
semiconductors_and_sme,854239,2019,784,ARE,United Arab Emirates,f,6724.0,0.000001,80
semiconductors_and_sme,854239,2019,500,MSR,Montserrat,f,6454.0,0.000001,81
semiconductors_and_sme,854239,2019,678,STP,Sao Tome and Principe,f,6370.0,0.000001,82
semiconductors_and_sme,854239,2019,520,NRU,Naoero,f,4865.0,0.000001,83
semiconductors_and_sme,854239,2019,404,KEN,Kenya,f,4421.0,0.000001,84
semiconductors_and_sme,854239,2019,148,TCD,Chad,f,4190.0,0.000001,85
semiconductors_and_sme,854239,2019,332,HTI,Haiti,f,4190.0,0.000001,86
semiconductors_and_sme,854239,2019,446,MAC,"China, Macao SAR",f,3375.0,0.000000,87
semiconductors_and_sme,854239,2019,462,MDV,Maldives,f,3055.0,0.000000,88
semiconductors_and_sme,854239,2019,430,LBR,Liberia,f,2796.0,0.000000,89
semiconductors_and_sme,854239,2019,120,CMR,Cameroon,f,2288.0,0.000000,90
semiconductors_and_sme,854239,2019,804,UKR,Ukraine,f,2006.0,0.000000,91
semiconductors_and_sme,854239,2020,490,TWN,Taiwan,f,1928926808.0,0.249478,1
semiconductors_and_sme,854239,2020,458,MYS,Malaysia,f,1247428008.0,0.161336,2
semiconductors_and_sme,854239,2020,410,KOR,Rep. of Korea,f,1235669628.0,0.159816,3
semiconductors_and_sme,854239,2020,484,MEX,Mexico,f,1047902291.0,0.135531,4
semiconductors_and_sme,854239,2020,608,PHL,Philippines,f,549797270.0,0.071108,5
semiconductors_and_sme,854239,2020,764,THA,Thailand,f,477928514.0,0.061813,6
semiconductors_and_sme,854239,2020,156,CHN,China,f,313107661.0,0.040496,7
semiconductors_and_sme,854239,2020,392,JPN,Japan,f,273204392.0,0.035335,8
semiconductors_and_sme,854239,2020,702,SGP,Singapore,f,175076772.0,0.022644,9
semiconductors_and_sme,854239,2020,276,DEU,Germany,f,85964263.0,0.011118,10
semiconductors_and_sme,854239,2020,372,IRL,Ireland,f,85549832.0,0.011065,11
semiconductors_and_sme,854239,2020,251,FRA,France,f,67867237.0,0.008778,12
semiconductors_and_sme,854239,2020,124,CAN,Canada,f,48517933.0,0.006275,13
semiconductors_and_sme,854239,2020,826,GBR,United Kingdom,f,29576645.0,0.003825,14
semiconductors_and_sme,854239,2020,348,HUN,Hungary,f,23456748.0,0.003034,15
semiconductors_and_sme,854239,2020,376,ISR,Israel,f,22754669.0,0.002943,16
semiconductors_and_sme,854239,2020,360,IDN,Indonesia,f,18521221.0,0.002395,17
semiconductors_and_sme,854239,2020,757,CHE,Switzerland,f,13896827.0,0.001797,18
semiconductors_and_sme,854239,2020,504,MAR,Morocco,f,12131058.0,0.001569,19
semiconductors_and_sme,854239,2020,704,VNM,Viet Nam,f,10762186.0,0.001392,20
semiconductors_and_sme,854239,2020,40,AUT,Austria,f,9254356.0,0.001197,21
semiconductors_and_sme,854239,2020,344,HKG,"China, Hong Kong SAR",f,7795332.0,0.001008,22
semiconductors_and_sme,854239,2020,56,BEL,Belgium,f,7730756.0,0.001000,23
semiconductors_and_sme,854239,2020,36,AUS,Australia,f,7646507.0,0.000989,24
semiconductors_and_sme,854239,2020,470,MLT,Malta,f,4643715.0,0.000601,25
semiconductors_and_sme,854239,2020,620,PRT,Portugal,f,3582536.0,0.000463,26
semiconductors_and_sme,854239,2020,380,ITA,Italy,f,3582102.0,0.000463,27
semiconductors_and_sme,854239,2020,188,CRI,Costa Rica,f,2795633.0,0.000362,28
semiconductors_and_sme,854239,2020,528,NLD,Netherlands,f,2667456.0,0.000345,29
semiconductors_and_sme,854239,2020,579,NOR,Norway,f,2146964.0,0.000278,30
semiconductors_and_sme,854239,2020,752,SWE,Sweden,f,2070514.0,0.000268,31
semiconductors_and_sme,854239,2020,616,POL,Poland,f,1546778.0,0.000200,32
semiconductors_and_sme,854239,2020,699,IND,India,f,1316196.0,0.000170,33
semiconductors_and_sme,854239,2020,642,ROU,Romania,f,1274187.0,0.000165,34
semiconductors_and_sme,854239,2020,554,NZL,New Zealand,f,756358.0,0.000098,35
semiconductors_and_sme,854239,2020,203,CZE,Czechia,f,618392.0,0.000080,36
semiconductors_and_sme,854239,2020,144,LKA,Sri Lanka,f,596338.0,0.000077,37
semiconductors_and_sme,854239,2020,643,RUS,Russian Federation,f,575381.0,0.000074,38
semiconductors_and_sme,854239,2020,724,ESP,Spain,f,436065.0,0.000056,39
semiconductors_and_sme,854239,2020,76,BRA,Brazil,f,320035.0,0.000041,40
semiconductors_and_sme,854239,2020,208,DNK,Denmark,f,297082.0,0.000038,41
semiconductors_and_sme,854239,2020,703,SVK,Slovakia,f,291685.0,0.000038,42
semiconductors_and_sme,854239,2020,500,MSR,Montserrat,f,276251.0,0.000036,43
semiconductors_and_sme,854239,2020,246,FIN,Finland,f,256384.0,0.000033,44
semiconductors_and_sme,854239,2020,705,SVN,Slovenia,f,167977.0,0.000022,45
semiconductors_and_sme,854239,2020,710,ZAF,South Africa,f,161880.0,0.000021,46
semiconductors_and_sme,854239,2020,788,TUN,Tunisia,f,150950.0,0.000020,47
semiconductors_and_sme,854239,2020,100,BGR,Bulgaria,f,106200.0,0.000014,48
semiconductors_and_sme,854239,2020,440,LTU,Lithuania,f,71967.0,0.000009,49
semiconductors_and_sme,854239,2020,104,MMR,Myanmar,f,66632.0,0.000009,50
semiconductors_and_sme,854239,2020,792,TUR,Türkiye,f,64165.0,0.000008,51
semiconductors_and_sme,854239,2020,400,JOR,Jordan,f,50964.0,0.000007,52
semiconductors_and_sme,854239,2020,233,EST,Estonia,f,32705.0,0.000004,53
semiconductors_and_sme,854239,2020,516,NAM,Namibia,f,30557.0,0.000004,54
semiconductors_and_sme,854239,2020,112,BLR,Belarus,f,29237.0,0.000004,55
semiconductors_and_sme,854239,2020,300,GRC,Greece,f,29019.0,0.000004,56
semiconductors_and_sme,854239,2020,214,DOM,Dominican Rep.,f,28662.0,0.000004,57
semiconductors_and_sme,854239,2020,688,SRB,Serbia,f,26990.0,0.000003,58
semiconductors_and_sme,854239,2020,662,LCA,Saint Lucia,f,26435.0,0.000003,59
semiconductors_and_sme,854239,2020,136,CYM,Cayman Isds,f,22806.0,0.000003,60
semiconductors_and_sme,854239,2020,690,SYC,Seychelles,f,22648.0,0.000003,61
semiconductors_and_sme,854239,2020,694,SLE,Sierra Leone,f,21620.0,0.000003,62
semiconductors_and_sme,854239,2020,414,KWT,Kuwait,f,20588.0,0.000003,63
semiconductors_and_sme,854239,2020,352,ISL,Iceland,f,20334.0,0.000003,64
semiconductors_and_sme,854239,2020,332,HTI,Haiti,f,20056.0,0.000003,65
semiconductors_and_sme,854239,2020,368,IRQ,Iraq,f,17046.0,0.000002,66
semiconductors_and_sme,854239,2020,686,SEN,Senegal,f,15798.0,0.000002,67
semiconductors_and_sme,854239,2020,404,KEN,Kenya,f,15629.0,0.000002,68
semiconductors_and_sme,854239,2020,591,PAN,Panama,f,13983.0,0.000002,69
semiconductors_and_sme,854239,2020,480,MUS,Mauritius,f,13602.0,0.000002,70
semiconductors_and_sme,854239,2020,68,BOL,Bolivia (Plurinational State of),f,11385.0,0.000001,71
semiconductors_and_sme,854239,2020,92,VGB,Br. Virgin Isds,f,10130.0,0.000001,72
semiconductors_and_sme,854239,2020,120,CMR,Cameroon,f,10083.0,0.000001,73
semiconductors_and_sme,854239,2020,191,HRV,Croatia,f,7663.0,0.000001,74
semiconductors_and_sme,854239,2020,466,MLI,Mali,f,7000.0,0.000001,75
semiconductors_and_sme,854239,2020,222,SLV,El Salvador,f,5414.0,0.000001,76
semiconductors_and_sme,854239,2020,462,MDV,Maldives,f,4214.0,0.000001,77
semiconductors_and_sme,854239,2020,598,PNG,Papua New Guinea,f,3875.0,0.000001,78
semiconductors_and_sme,854239,2020,626,TLS,Timor-Leste,f,3743.0,0.000000,79
semiconductors_and_sme,854239,2020,196,CYP,Cyprus,f,3143.0,0.000000,80
semiconductors_and_sme,854239,2020,430,LBR,Liberia,f,3115.0,0.000000,81
semiconductors_and_sme,854239,2020,218,ECU,Ecuador,f,2987.0,0.000000,82
semiconductors_and_sme,854239,2020,706,SOM,Somalia,f,2834.0,0.000000,83
semiconductors_and_sme,854239,2020,646,RWA,Rwanda,f,2325.0,0.000000,84
semiconductors_and_sme,854239,2021,490,TWN,Taiwan,f,2685368298.0,0.255633,1
semiconductors_and_sme,854239,2021,458,MYS,Malaysia,f,1643482469.0,0.156451,2
semiconductors_and_sme,854239,2021,484,MEX,Mexico,f,1520858345.0,0.144778,3
semiconductors_and_sme,854239,2021,410,KOR,Rep. of Korea,f,1311845963.0,0.124881,4
semiconductors_and_sme,854239,2021,764,THA,Thailand,f,760101293.0,0.072358,5
semiconductors_and_sme,854239,2021,608,PHL,Philippines,f,756942908.0,0.072057,6
semiconductors_and_sme,854239,2021,156,CHN,China,f,499683219.0,0.047567,7
semiconductors_and_sme,854239,2021,392,JPN,Japan,f,295827206.0,0.028161,8
semiconductors_and_sme,854239,2021,372,IRL,Ireland,f,254167317.0,0.024195,9
semiconductors_and_sme,854239,2021,702,SGP,Singapore,f,178551776.0,0.016997,10
semiconductors_and_sme,854239,2021,276,DEU,Germany,f,139086559.0,0.013240,11
semiconductors_and_sme,854239,2021,251,FRA,France,f,74410921.0,0.007084,12
semiconductors_and_sme,854239,2021,40,AUT,Austria,f,57543577.0,0.005478,13
semiconductors_and_sme,854239,2021,124,CAN,Canada,f,46804935.0,0.004456,14
semiconductors_and_sme,854239,2021,826,GBR,United Kingdom,f,34185617.0,0.003254,15
semiconductors_and_sme,854239,2021,376,ISR,Israel,f,32215258.0,0.003067,16
semiconductors_and_sme,854239,2021,504,MAR,Morocco,f,30235936.0,0.002878,17
semiconductors_and_sme,854239,2021,348,HUN,Hungary,f,21104114.0,0.002009,18
semiconductors_and_sme,854239,2021,757,CHE,Switzerland,f,20026983.0,0.001906,19
semiconductors_and_sme,854239,2021,704,VNM,Viet Nam,f,18271846.0,0.001739,20
semiconductors_and_sme,854239,2021,470,MLT,Malta,f,16453915.0,0.001566,21
semiconductors_and_sme,854239,2021,344,HKG,"China, Hong Kong SAR",f,15617920.0,0.001487,22
semiconductors_and_sme,854239,2021,620,PRT,Portugal,f,15415557.0,0.001467,23
semiconductors_and_sme,854239,2021,360,IDN,Indonesia,f,11344918.0,0.001080,24
semiconductors_and_sme,854239,2021,56,BEL,Belgium,f,10969738.0,0.001044,25
semiconductors_and_sme,854239,2021,36,AUS,Australia,f,9051716.0,0.000862,26
semiconductors_and_sme,854239,2021,703,SVK,Slovakia,f,8074139.0,0.000769,27
semiconductors_and_sme,854239,2021,380,ITA,Italy,f,7231678.0,0.000688,28
semiconductors_and_sme,854239,2021,188,CRI,Costa Rica,f,5214146.0,0.000496,29
semiconductors_and_sme,854239,2021,616,POL,Poland,f,3460772.0,0.000329,30
semiconductors_and_sme,854239,2021,528,NLD,Netherlands,f,3082703.0,0.000293,31
semiconductors_and_sme,854239,2021,699,IND,India,f,2859277.0,0.000272,32
semiconductors_and_sme,854239,2021,579,NOR,Norway,f,2530970.0,0.000241,33
semiconductors_and_sme,854239,2021,300,GRC,Greece,f,2237802.0,0.000213,34
semiconductors_and_sme,854239,2021,752,SWE,Sweden,f,1862100.0,0.000177,35
semiconductors_and_sme,854239,2021,203,CZE,Czechia,f,1667518.0,0.000159,36
semiconductors_and_sme,854239,2021,554,NZL,New Zealand,f,936915.0,0.000089,37
semiconductors_and_sme,854239,2021,724,ESP,Spain,f,630174.0,0.000060,38
semiconductors_and_sme,854239,2021,642,ROU,Romania,f,616202.0,0.000059,39
semiconductors_and_sme,854239,2021,208,DNK,Denmark,f,615443.0,0.000059,40
semiconductors_and_sme,854239,2021,144,LKA,Sri Lanka,f,405349.0,0.000039,41
semiconductors_and_sme,854239,2021,100,BGR,Bulgaria,f,389737.0,0.000037,42
semiconductors_and_sme,854239,2021,792,TUR,Türkiye,f,372242.0,0.000035,43
semiconductors_and_sme,854239,2021,246,FIN,Finland,f,367280.0,0.000035,44
semiconductors_and_sme,854239,2021,76,BRA,Brazil,f,327021.0,0.000031,45
semiconductors_and_sme,854239,2021,643,RUS,Russian Federation,f,325984.0,0.000031,46
semiconductors_and_sme,854239,2021,705,SVN,Slovenia,f,266652.0,0.000025,47
semiconductors_and_sme,854239,2021,446,MAC,"China, Macao SAR",f,262615.0,0.000025,48
semiconductors_and_sme,854239,2021,710,ZAF,South Africa,f,169508.0,0.000016,49
semiconductors_and_sme,854239,2021,678,STP,Sao Tome and Principe,f,140725.0,0.000013,50
semiconductors_and_sme,854239,2021,233,EST,Estonia,f,105522.0,0.000010,51
semiconductors_and_sme,854239,2021,214,DOM,Dominican Rep.,f,95652.0,0.000009,52
semiconductors_and_sme,854239,2021,440,LTU,Lithuania,f,90247.0,0.000009,53
semiconductors_and_sme,854239,2021,788,TUN,Tunisia,f,79384.0,0.000008,54
semiconductors_and_sme,854239,2021,646,RWA,Rwanda,f,77045.0,0.000007,55
semiconductors_and_sme,854239,2021,384,CIV,Côte d'Ivoire,f,74108.0,0.000007,56
semiconductors_and_sme,854239,2021,20,AND,Andorra,f,60033.0,0.000006,57
semiconductors_and_sme,854239,2021,332,HTI,Haiti,f,54192.0,0.000005,58
semiconductors_and_sme,854239,2021,191,HRV,Croatia,f,47656.0,0.000005,59
semiconductors_and_sme,854239,2021,591,PAN,Panama,f,44072.0,0.000004,60
semiconductors_and_sme,854239,2021,466,MLI,Mali,f,38935.0,0.000004,61
semiconductors_and_sme,854239,2021,796,TCA,Turks and Caicos Isds,f,34015.0,0.000003,62
semiconductors_and_sme,854239,2021,152,CHL,Chile,f,33905.0,0.000003,63
semiconductors_and_sme,854239,2021,218,ECU,Ecuador,f,29518.0,0.000003,64
semiconductors_and_sme,854239,2021,428,LVA,Latvia,f,28177.0,0.000003,65
semiconductors_and_sme,854239,2021,804,UKR,Ukraine,f,27476.0,0.000003,66
semiconductors_and_sme,854239,2021,414,KWT,Kuwait,f,24874.0,0.000002,67
semiconductors_and_sme,854239,2021,92,VGB,Br. Virgin Isds,f,23730.0,0.000002,68
semiconductors_and_sme,854239,2021,562,NER,Niger,f,20420.0,0.000002,69
semiconductors_and_sme,854239,2021,748,SWZ,Eswatini,f,16269.0,0.000002,70
semiconductors_and_sme,854239,2021,586,PAK,Pakistan,f,15570.0,0.000001,71
semiconductors_and_sme,854239,2021,222,SLV,El Salvador,f,14755.0,0.000001,72
semiconductors_and_sme,854239,2021,404,KEN,Kenya,f,11911.0,0.000001,73
semiconductors_and_sme,854239,2021,807,MKD,North Macedonia,f,11068.0,0.000001,74
semiconductors_and_sme,854239,2021,480,MUS,Mauritius,f,9625.0,0.000001,75
semiconductors_and_sme,854239,2021,598,PNG,Papua New Guinea,f,8506.0,0.000001,76
semiconductors_and_sme,854239,2021,196,CYP,Cyprus,f,7896.0,0.000001,77
semiconductors_and_sme,854239,2021,531,CUW,Curaçao,f,6817.0,0.000001,78
semiconductors_and_sme,854239,2021,688,SRB,Serbia,f,5745.0,0.000001,79
semiconductors_and_sme,854239,2021,170,COL,Colombia,f,4838.0,0.000000,80
semiconductors_and_sme,854239,2021,516,NAM,Namibia,f,4466.0,0.000000,81
semiconductors_and_sme,854239,2021,462,MDV,Maldives,f,4455.0,0.000000,82
semiconductors_and_sme,854239,2021,694,SLE,Sierra Leone,f,4413.0,0.000000,83
semiconductors_and_sme,854239,2021,818,EGY,Egypt,f,3745.0,0.000000,84
semiconductors_and_sme,854239,2021,762,TJK,Tajikistan,f,3454.0,0.000000,85
semiconductors_and_sme,854239,2021,104,MMR,Myanmar,f,3445.0,0.000000,86
semiconductors_and_sme,854239,2021,32,ARG,Argentina,f,3212.0,0.000000,87
semiconductors_and_sme,854239,2021,512,OMN,Oman,f,3133.0,0.000000,88
semiconductors_and_sme,854239,2021,520,NRU,Naoero,f,3025.0,0.000000,89
semiconductors_and_sme,854239,2021,28,ATG,Antigua and Barbuda,f,2991.0,0.000000,90
semiconductors_and_sme,854239,2021,862,VEN,Venezuela,f,2902.0,0.000000,91
semiconductors_and_sme,854239,2021,583,FSM,FS Micronesia,f,2869.0,0.000000,92
semiconductors_and_sme,854239,2021,834,TZA,United Rep. of Tanzania,f,2855.0,0.000000,93
semiconductors_and_sme,854239,2021,686,SEN,Senegal,f,2484.0,0.000000,94
semiconductors_and_sme,854239,2021,784,ARE,United Arab Emirates,f,2312.0,0.000000,95
semiconductors_and_sme,854239,2021,120,CMR,Cameroon,f,2152.0,0.000000,96
semiconductors_and_sme,854239,2022,490,TWN,Taiwan,f,4033207497.0,0.266587,1
semiconductors_and_sme,854239,2022,458,MYS,Malaysia,f,2768665821.0,0.183003,2
semiconductors_and_sme,854239,2022,410,KOR,Rep. of Korea,f,1785084740.0,0.117990,3
semiconductors_and_sme,854239,2022,484,MEX,Mexico,f,1743693671.0,0.115255,4
semiconductors_and_sme,854239,2022,764,THA,Thailand,f,1275383859.0,0.084300,5
semiconductors_and_sme,854239,2022,608,PHL,Philippines,f,1154540902.0,0.076313,6
semiconductors_and_sme,854239,2022,156,CHN,China,f,852379418.0,0.056341,7
semiconductors_and_sme,854239,2022,392,JPN,Japan,f,289745974.0,0.019152,8
semiconductors_and_sme,854239,2022,372,IRL,Ireland,f,275553977.0,0.018214,9
semiconductors_and_sme,854239,2022,276,DEU,Germany,f,186170355.0,0.012305,10
semiconductors_and_sme,854239,2022,40,AUT,Austria,f,102969520.0,0.006806,11
semiconductors_and_sme,854239,2022,702,SGP,Singapore,f,100185069.0,0.006622,12
semiconductors_and_sme,854239,2022,376,ISR,Israel,f,88479142.0,0.005848,13
semiconductors_and_sme,854239,2022,251,FRA,France,f,76563740.0,0.005061,14
semiconductors_and_sme,854239,2022,504,MAR,Morocco,f,56320875.0,0.003723,15
semiconductors_and_sme,854239,2022,704,VNM,Viet Nam,f,49503609.0,0.003272,16
semiconductors_and_sme,854239,2022,124,CAN,Canada,f,45961608.0,0.003038,17
semiconductors_and_sme,854239,2022,826,GBR,United Kingdom,f,32651188.0,0.002158,18
semiconductors_and_sme,854239,2022,620,PRT,Portugal,f,28707744.0,0.001898,19
semiconductors_and_sme,854239,2022,757,CHE,Switzerland,f,27787780.0,0.001837,20
semiconductors_and_sme,854239,2022,344,HKG,"China, Hong Kong SAR",f,27515600.0,0.001819,21
semiconductors_and_sme,854239,2022,470,MLT,Malta,f,18898816.0,0.001249,22
semiconductors_and_sme,854239,2022,348,HUN,Hungary,f,15232867.0,0.001007,23
semiconductors_and_sme,854239,2022,703,SVK,Slovakia,f,14306628.0,0.000946,24
semiconductors_and_sme,854239,2022,56,BEL,Belgium,f,11281838.0,0.000746,25
semiconductors_and_sme,854239,2022,36,AUS,Australia,f,10484395.0,0.000693,26
semiconductors_and_sme,854239,2022,360,IDN,Indonesia,f,10278981.0,0.000679,27
semiconductors_and_sme,854239,2022,528,NLD,Netherlands,f,8993420.0,0.000594,28
semiconductors_and_sme,854239,2022,380,ITA,Italy,f,8257626.0,0.000546,29
semiconductors_and_sme,854239,2022,300,GRC,Greece,f,5381575.0,0.000356,30
semiconductors_and_sme,854239,2022,579,NOR,Norway,f,3019512.0,0.000200,31
semiconductors_and_sme,854239,2022,699,IND,India,f,2818025.0,0.000186,32
semiconductors_and_sme,854239,2022,752,SWE,Sweden,f,2577488.0,0.000170,33
semiconductors_and_sme,854239,2022,616,POL,Poland,f,1982291.0,0.000131,34
semiconductors_and_sme,854239,2022,203,CZE,Czechia,f,1808488.0,0.000120,35
semiconductors_and_sme,854239,2022,188,CRI,Costa Rica,f,1697789.0,0.000112,36
semiconductors_and_sme,854239,2022,144,LKA,Sri Lanka,f,1468593.0,0.000097,37
semiconductors_and_sme,854239,2022,208,DNK,Denmark,f,1083318.0,0.000072,38
semiconductors_and_sme,854239,2022,642,ROU,Romania,f,861143.0,0.000057,39
semiconductors_and_sme,854239,2022,724,ESP,Spain,f,828674.0,0.000055,40
semiconductors_and_sme,854239,2022,792,TUR,Türkiye,f,761373.0,0.000050,41
semiconductors_and_sme,854239,2022,100,BGR,Bulgaria,f,757650.0,0.000050,42
semiconductors_and_sme,854239,2022,246,FIN,Finland,f,628721.0,0.000042,43
semiconductors_and_sme,854239,2022,554,NZL,New Zealand,f,564098.0,0.000037,44
semiconductors_and_sme,854239,2022,440,LTU,Lithuania,f,543568.0,0.000036,45
semiconductors_and_sme,854239,2022,76,BRA,Brazil,f,516128.0,0.000034,46
semiconductors_and_sme,854239,2022,705,SVN,Slovenia,f,461901.0,0.000031,47
semiconductors_and_sme,854239,2022,116,KHM,Cambodia,f,339539.0,0.000022,48
semiconductors_and_sme,854239,2022,446,MAC,"China, Macao SAR",f,243347.0,0.000016,49
semiconductors_and_sme,854239,2022,20,AND,Andorra,f,193779.0,0.000013,50
semiconductors_and_sme,854239,2022,710,ZAF,South Africa,f,191711.0,0.000013,51
semiconductors_and_sme,854239,2022,562,NER,Niger,f,114797.0,0.000008,52
semiconductors_and_sme,854239,2022,480,MUS,Mauritius,f,113091.0,0.000007,53
semiconductors_and_sme,854239,2022,788,TUN,Tunisia,f,99721.0,0.000007,54
semiconductors_and_sme,854239,2022,678,STP,Sao Tome and Principe,f,79855.0,0.000005,55
semiconductors_and_sme,854239,2022,104,MMR,Myanmar,f,78906.0,0.000005,56
semiconductors_and_sme,854239,2022,196,CYP,Cyprus,f,72170.0,0.000005,57
semiconductors_and_sme,854239,2022,214,DOM,Dominican Rep.,f,70703.0,0.000005,58
semiconductors_and_sme,854239,2022,643,RUS,Russian Federation,f,62070.0,0.000004,59
semiconductors_and_sme,854239,2022,233,EST,Estonia,f,61467.0,0.000004,60
semiconductors_and_sme,854239,2022,626,TLS,Timor-Leste,f,60586.0,0.000004,61
semiconductors_and_sme,854239,2022,800,UGA,Uganda,f,56775.0,0.000004,62
semiconductors_and_sme,854239,2022,258,PYF,French Polynesia,f,56197.0,0.000004,63
semiconductors_and_sme,854239,2022,268,GEO,Georgia,f,48180.0,0.000003,64
semiconductors_and_sme,854239,2022,646,RWA,Rwanda,f,43450.0,0.000003,65
semiconductors_and_sme,854239,2022,688,SRB,Serbia,f,35014.0,0.000002,66
semiconductors_and_sme,854239,2022,466,MLI,Mali,f,34904.0,0.000002,67
semiconductors_and_sme,854239,2022,352,ISL,Iceland,f,32693.0,0.000002,68
semiconductors_and_sme,854239,2022,796,TCA,Turks and Caicos Isds,f,27991.0,0.000002,69
semiconductors_and_sme,854239,2022,336,VAT,Holy See (Vatican City State),f,26411.0,0.000002,70
semiconductors_and_sme,854239,2022,762,TJK,Tajikistan,f,25784.0,0.000002,71
semiconductors_and_sme,854239,2022,428,LVA,Latvia,f,22352.0,0.000001,72
semiconductors_and_sme,854239,2022,807,MKD,North Macedonia,f,21724.0,0.000001,73
semiconductors_and_sme,854239,2022,516,NAM,Namibia,f,21377.0,0.000001,74
semiconductors_and_sme,854239,2022,191,HRV,Croatia,f,17796.0,0.000001,75
semiconductors_and_sme,854239,2022,740,SUR,Suriname,f,17161.0,0.000001,76
semiconductors_and_sme,854239,2022,499,MNE,Montenegro,f,17075.0,0.000001,77
semiconductors_and_sme,854239,2022,500,MSR,Montserrat,f,16794.0,0.000001,78
semiconductors_and_sme,854239,2022,120,CMR,Cameroon,f,15616.0,0.000001,79
semiconductors_and_sme,854239,2022,795,TKM,Turkmenistan,f,14912.0,0.000001,80
semiconductors_and_sme,854239,2022,584,MHL,Marshall Isds,f,13993.0,0.000001,81
semiconductors_and_sme,854239,2022,332,HTI,Haiti,f,13680.0,0.000001,82
semiconductors_and_sme,854239,2022,804,UKR,Ukraine,f,12614.0,0.000001,83
semiconductors_and_sme,854239,2022,162,CXR,Christmas Isds,f,11338.0,0.000001,84
semiconductors_and_sme,854239,2022,818,EGY,Egypt,f,10258.0,0.000001,85
semiconductors_and_sme,854239,2022,604,PER,Peru,f,9475.0,0.000001,86
semiconductors_and_sme,854239,2022,68,BOL,Bolivia (Plurinational State of),f,9088.0,0.000001,87
semiconductors_and_sme,854239,2022,12,DZA,Algeria,f,8191.0,0.000001,88
semiconductors_and_sme,854239,2022,520,NRU,Naoero,f,7495.0,0.000000,89
semiconductors_and_sme,854239,2022,784,ARE,United Arab Emirates,f,7128.0,0.000000,90
semiconductors_and_sme,854239,2022,8,ALB,Albania,f,6779.0,0.000000,91
semiconductors_and_sme,854239,2022,540,NCL,New Caledonia,f,6767.0,0.000000,92
semiconductors_and_sme,854239,2022,260,ATF,Fr. South Antarctic Terr.,f,6150.0,0.000000,93
semiconductors_and_sme,854239,2022,694,SLE,Sierra Leone,f,5659.0,0.000000,94
semiconductors_and_sme,854239,2022,768,TGO,Togo,f,5593.0,0.000000,95
semiconductors_and_sme,854239,2022,860,UZB,Uzbekistan,f,5403.0,0.000000,96
semiconductors_and_sme,854239,2022,152,CHL,Chile,f,4355.0,0.000000,97
semiconductors_and_sme,854239,2022,32,ARG,Argentina,f,4133.0,0.000000,98
semiconductors_and_sme,854239,2022,686,SEN,Senegal,f,3500.0,0.000000,99
semiconductors_and_sme,854239,2022,136,CYM,Cayman Isds,f,3040.0,0.000000,100
semiconductors_and_sme,854239,2022,112,BLR,Belarus,f,2995.0,0.000000,101
semiconductors_and_sme,854239,2022,340,HND,Honduras,f,2685.0,0.000000,102
semiconductors_and_sme,854239,2022,598,PNG,Papua New Guinea,f,2489.0,0.000000,103
semiconductors_and_sme,854239,2022,170,COL,Colombia,f,2430.0,0.000000,104
semiconductors_and_sme,854239,2023,490,TWN,Taiwan,f,3649395593.0,0.288240,1
semiconductors_and_sme,854239,2023,458,MYS,Malaysia,f,2251544375.0,0.177834,2
semiconductors_and_sme,854239,2023,484,MEX,Mexico,f,1592196141.0,0.125756,3
semiconductors_and_sme,854239,2023,410,KOR,Rep. of Korea,f,1228224162.0,0.097009,4
semiconductors_and_sme,854239,2023,764,THA,Thailand,f,1170043384.0,0.092414,5
semiconductors_and_sme,854239,2023,608,PHL,Philippines,f,879810973.0,0.069490,6
semiconductors_and_sme,854239,2023,156,CHN,China,f,668861309.0,0.052829,7
semiconductors_and_sme,854239,2023,392,JPN,Japan,f,287964765.0,0.022744,8
semiconductors_and_sme,854239,2023,276,DEU,Germany,f,261932277.0,0.020688,9
semiconductors_and_sme,854239,2023,376,ISR,Israel,f,97896890.0,0.007732,10
semiconductors_and_sme,854239,2023,40,AUT,Austria,f,92689243.0,0.007321,11
semiconductors_and_sme,854239,2023,702,SGP,Singapore,f,85626427.0,0.006763,12
semiconductors_and_sme,854239,2023,251,FRA,France,f,56684601.0,0.004477,13
semiconductors_and_sme,854239,2023,620,PRT,Portugal,f,41319292.0,0.003264,14
semiconductors_and_sme,854239,2023,124,CAN,Canada,f,41223597.0,0.003256,15
semiconductors_and_sme,854239,2023,704,VNM,Viet Nam,f,36758429.0,0.002903,16
semiconductors_and_sme,854239,2023,504,MAR,Morocco,f,35971020.0,0.002841,17
semiconductors_and_sme,854239,2023,826,GBR,United Kingdom,f,25848781.0,0.002042,18
semiconductors_and_sme,854239,2023,757,CHE,Switzerland,f,25343756.0,0.002002,19
semiconductors_and_sme,854239,2023,372,IRL,Ireland,f,24245853.0,0.001915,20
semiconductors_and_sme,854239,2023,56,BEL,Belgium,f,14203734.0,0.001122,21
semiconductors_and_sme,854239,2023,470,MLT,Malta,f,13263599.0,0.001048,22
semiconductors_and_sme,854239,2023,348,HUN,Hungary,f,11836146.0,0.000935,23
semiconductors_and_sme,854239,2023,344,HKG,"China, Hong Kong SAR",f,10061393.0,0.000795,24
semiconductors_and_sme,854239,2023,528,NLD,Netherlands,f,8415518.0,0.000665,25
semiconductors_and_sme,854239,2023,36,AUS,Australia,f,7762787.0,0.000613,26
semiconductors_and_sme,854239,2023,380,ITA,Italy,f,6577420.0,0.000520,27
semiconductors_and_sme,854239,2023,360,IDN,Indonesia,f,5996330.0,0.000474,28
semiconductors_and_sme,854239,2023,699,IND,India,f,3208971.0,0.000253,29
semiconductors_and_sme,854239,2023,752,SWE,Sweden,f,2627083.0,0.000207,30
semiconductors_and_sme,854239,2023,616,POL,Poland,f,2466033.0,0.000195,31
semiconductors_and_sme,854239,2023,724,ESP,Spain,f,2130116.0,0.000168,32
semiconductors_and_sme,854239,2023,440,LTU,Lithuania,f,1862882.0,0.000147,33
semiconductors_and_sme,854239,2023,188,CRI,Costa Rica,f,1788521.0,0.000141,34
semiconductors_and_sme,854239,2023,144,LKA,Sri Lanka,f,1526134.0,0.000121,35
semiconductors_and_sme,854239,2023,579,NOR,Norway,f,1501511.0,0.000119,36
semiconductors_and_sme,854239,2023,116,KHM,Cambodia,f,1482573.0,0.000117,37
semiconductors_and_sme,854239,2023,208,DNK,Denmark,f,1334002.0,0.000105,38
semiconductors_and_sme,854239,2023,203,CZE,Czechia,f,1229493.0,0.000097,39
semiconductors_and_sme,854239,2023,780,TTO,Trinidad and Tobago,f,1224685.0,0.000097,40
semiconductors_and_sme,854239,2023,246,FIN,Finland,f,1126648.0,0.000089,41
semiconductors_and_sme,854239,2023,792,TUR,Türkiye,f,747572.0,0.000059,42
semiconductors_and_sme,854239,2023,642,ROU,Romania,f,639715.0,0.000051,43
semiconductors_and_sme,854239,2023,100,BGR,Bulgaria,f,447231.0,0.000035,44
semiconductors_and_sme,854239,2023,554,NZL,New Zealand,f,435599.0,0.000034,45
semiconductors_and_sme,854239,2023,270,GMB,Gambia,f,349537.0,0.000028,46
semiconductors_and_sme,854239,2023,32,ARG,Argentina,f,335020.0,0.000026,47
semiconductors_and_sme,854239,2023,352,ISL,Iceland,f,330917.0,0.000026,48
semiconductors_and_sme,854239,2023,300,GRC,Greece,f,326760.0,0.000026,49
semiconductors_and_sme,854239,2023,703,SVK,Slovakia,f,281991.0,0.000022,50
semiconductors_and_sme,854239,2023,446,MAC,"China, Macao SAR",f,229339.0,0.000018,51
semiconductors_and_sme,854239,2023,705,SVN,Slovenia,f,221191.0,0.000017,52
semiconductors_and_sme,854239,2023,76,BRA,Brazil,f,203962.0,0.000016,53
semiconductors_and_sme,854239,2023,598,PNG,Papua New Guinea,f,165968.0,0.000013,54
semiconductors_and_sme,854239,2023,710,ZAF,South Africa,f,161685.0,0.000013,55
semiconductors_and_sme,854239,2023,233,EST,Estonia,f,107782.0,0.000009,56
semiconductors_and_sme,854239,2023,480,MUS,Mauritius,f,98387.0,0.000008,57
semiconductors_and_sme,854239,2023,748,SWZ,Eswatini,f,95312.0,0.000008,58
semiconductors_and_sme,854239,2023,562,NER,Niger,f,93881.0,0.000007,59
semiconductors_and_sme,854239,2023,324,GIN,Guinea,f,58907.0,0.000005,60
semiconductors_and_sme,854239,2023,694,SLE,Sierra Leone,f,54963.0,0.000004,61
semiconductors_and_sme,854239,2023,788,TUN,Tunisia,f,51964.0,0.000004,62
semiconductors_and_sme,854239,2023,442,LUX,Luxembourg,f,37191.0,0.000003,63
semiconductors_and_sme,854239,2023,428,LVA,Latvia,f,33788.0,0.000003,64
semiconductors_and_sme,854239,2023,784,ARE,United Arab Emirates,f,31077.0,0.000002,65
semiconductors_and_sme,854239,2023,191,HRV,Croatia,f,30906.0,0.000002,66
semiconductors_and_sme,854239,2023,508,MOZ,Mozambique,f,30075.0,0.000002,67
semiconductors_and_sme,854239,2023,678,STP,Sao Tome and Principe,f,18970.0,0.000001,68
semiconductors_and_sme,854239,2023,768,TGO,Togo,f,15675.0,0.000001,69
semiconductors_and_sme,854239,2023,466,MLI,Mali,f,13838.0,0.000001,70
semiconductors_and_sme,854239,2023,104,MMR,Myanmar,f,11497.0,0.000001,71
semiconductors_and_sme,854239,2023,260,ATF,Fr. South Antarctic Terr.,f,9823.0,0.000001,72
semiconductors_and_sme,854239,2023,887,YEM,Yemen,f,9324.0,0.000001,73
semiconductors_and_sme,854239,2023,762,TJK,Tajikistan,f,7073.0,0.000001,74
semiconductors_and_sme,854239,2023,478,MRT,Mauritania,f,5816.0,0.000000,75
semiconductors_and_sme,854239,2023,876,WLF,Wallis and Futuna Isds,f,5566.0,0.000000,76
semiconductors_and_sme,854239,2023,328,GUY,Guyana,f,4745.0,0.000000,77
semiconductors_and_sme,854239,2023,591,PAN,Panama,f,4573.0,0.000000,78
semiconductors_and_sme,854239,2023,740,SUR,Suriname,f,4272.0,0.000000,79
semiconductors_and_sme,854239,2023,662,LCA,Saint Lucia,f,4059.0,0.000000,80
semiconductors_and_sme,854239,2023,531,CUW,Curaçao,f,3807.0,0.000000,81
semiconductors_and_sme,854239,2023,516,NAM,Namibia,f,3205.0,0.000000,82
semiconductors_and_sme,854239,2023,586,PAK,Pakistan,f,3112.0,0.000000,83
semiconductors_and_sme,854239,2023,807,MKD,North Macedonia,f,2868.0,0.000000,84
semiconductors_and_sme,854239,2023,858,URY,Uruguay,f,2851.0,0.000000,85
semiconductors_and_sme,854239,2023,804,UKR,Ukraine,f,2778.0,0.000000,86
semiconductors_and_sme,854239,2023,231,ETH,Ethiopia,f,2434.0,0.000000,87
semiconductors_and_sme,854239,2023,626,TLS,Timor-Leste,f,2433.0,0.000000,88
semiconductors_and_sme,854239,2023,384,CIV,Côte d'Ivoire,f,2392.0,0.000000,89
semiconductors_and_sme,854239,2023,520,NRU,Naoero,f,2378.0,0.000000,90
semiconductors_and_sme,854239,2024,490,TWN,Taiwan,f,2467860299.0,0.275627,1
semiconductors_and_sme,854239,2024,458,MYS,Malaysia,f,1439480450.0,0.160770,2
semiconductors_and_sme,854239,2024,484,MEX,Mexico,f,1389862154.0,0.155229,3
semiconductors_and_sme,854239,2024,410,KOR,Rep. of Korea,f,766346226.0,0.085591,4
semiconductors_and_sme,854239,2024,764,THA,Thailand,f,703071594.0,0.078524,5
semiconductors_and_sme,854239,2024,608,PHL,Philippines,f,598498163.0,0.066844,6
semiconductors_and_sme,854239,2024,156,CHN,China,f,438778992.0,0.049006,7
semiconductors_and_sme,854239,2024,276,DEU,Germany,f,300350501.0,0.033545,8
semiconductors_and_sme,854239,2024,392,JPN,Japan,f,268898618.0,0.030032,9
semiconductors_and_sme,854239,2024,40,AUT,Austria,f,84446514.0,0.009432,10
semiconductors_and_sme,854239,2024,702,SGP,Singapore,f,76110351.0,0.008500,11
semiconductors_and_sme,854239,2024,376,ISR,Israel,f,64932159.0,0.007252,12
semiconductors_and_sme,854239,2024,251,FRA,France,f,52473885.0,0.005861,13
semiconductors_and_sme,854239,2024,620,PRT,Portugal,f,50623423.0,0.005654,14
semiconductors_and_sme,854239,2024,704,VNM,Viet Nam,f,34802268.0,0.003887,15
semiconductors_and_sme,854239,2024,826,GBR,United Kingdom,f,31239935.0,0.003489,16
semiconductors_and_sme,854239,2024,504,MAR,Morocco,f,26908239.0,0.003005,17
semiconductors_and_sme,854239,2024,124,CAN,Canada,f,26779769.0,0.002991,18
semiconductors_and_sme,854239,2024,470,MLT,Malta,f,24262406.0,0.002710,19
semiconductors_and_sme,854239,2024,757,CHE,Switzerland,f,19673565.0,0.002197,20
semiconductors_and_sme,854239,2024,360,IDN,Indonesia,f,15480507.0,0.001729,21
semiconductors_and_sme,854239,2024,348,HUN,Hungary,f,15252022.0,0.001703,22
semiconductors_and_sme,854239,2024,56,BEL,Belgium,f,10574636.0,0.001181,23
semiconductors_and_sme,854239,2024,380,ITA,Italy,f,7910731.0,0.000884,24
semiconductors_and_sme,854239,2024,528,NLD,Netherlands,f,5907958.0,0.000660,25
semiconductors_and_sme,854239,2024,344,HKG,"China, Hong Kong SAR",f,3780953.0,0.000422,26
semiconductors_and_sme,854239,2024,300,GRC,Greece,f,3438799.0,0.000384,27
semiconductors_and_sme,854239,2024,36,AUS,Australia,f,2975033.0,0.000332,28
semiconductors_and_sme,854239,2024,188,CRI,Costa Rica,f,2485548.0,0.000278,29
semiconductors_and_sme,854239,2024,372,IRL,Ireland,f,2412579.0,0.000269,30
semiconductors_and_sme,854239,2024,752,SWE,Sweden,f,2317806.0,0.000259,31
semiconductors_and_sme,854239,2024,579,NOR,Norway,f,1773526.0,0.000198,32
semiconductors_and_sme,854239,2024,699,IND,India,f,1642190.0,0.000183,33
semiconductors_and_sme,854239,2024,724,ESP,Spain,f,1475327.0,0.000165,34
semiconductors_and_sme,854239,2024,144,LKA,Sri Lanka,f,1378443.0,0.000154,35
semiconductors_and_sme,854239,2024,208,DNK,Denmark,f,1274380.0,0.000142,36
semiconductors_and_sme,854239,2024,246,FIN,Finland,f,1246245.0,0.000139,37
semiconductors_and_sme,854239,2024,76,BRA,Brazil,f,1216438.0,0.000136,38
semiconductors_and_sme,854239,2024,598,PNG,Papua New Guinea,f,880308.0,0.000098,39
semiconductors_and_sme,854239,2024,642,ROU,Romania,f,825050.0,0.000092,40
semiconductors_and_sme,854239,2024,616,POL,Poland,f,697060.0,0.000078,41
semiconductors_and_sme,854239,2024,116,KHM,Cambodia,f,559951.0,0.000063,42
semiconductors_and_sme,854239,2024,792,TUR,Türkiye,f,451251.0,0.000050,43
semiconductors_and_sme,854239,2024,554,NZL,New Zealand,f,422135.0,0.000047,44
semiconductors_and_sme,854239,2024,203,CZE,Czechia,f,348016.0,0.000039,45
semiconductors_and_sme,854239,2024,400,JOR,Jordan,f,210367.0,0.000023,46
semiconductors_and_sme,854239,2024,703,SVK,Slovakia,f,160401.0,0.000018,47
semiconductors_and_sme,854239,2024,100,BGR,Bulgaria,f,145981.0,0.000016,48
semiconductors_and_sme,854239,2024,705,SVN,Slovenia,f,133357.0,0.000015,49
semiconductors_and_sme,854239,2024,233,EST,Estonia,f,120407.0,0.000013,50
semiconductors_and_sme,854239,2024,332,HTI,Haiti,f,110890.0,0.000012,51
semiconductors_and_sme,854239,2024,440,LTU,Lithuania,f,94171.0,0.000011,52
semiconductors_and_sme,854239,2024,710,ZAF,South Africa,f,72153.0,0.000008,53
semiconductors_and_sme,854239,2024,796,TCA,Turks and Caicos Isds,f,61070.0,0.000007,54
semiconductors_and_sme,854239,2024,466,MLI,Mali,f,55129.0,0.000006,55
semiconductors_and_sme,854239,2024,784,ARE,United Arab Emirates,f,46740.0,0.000005,56
semiconductors_and_sme,854239,2024,780,TTO,Trinidad and Tobago,f,35304.0,0.000004,57
semiconductors_and_sme,854239,2024,170,COL,Colombia,f,26567.0,0.000003,58
semiconductors_and_sme,854239,2024,659,KNA,Saint Kitts and Nevis,f,20557.0,0.000002,59
semiconductors_and_sme,854239,2024,428,LVA,Latvia,f,19833.0,0.000002,60
semiconductors_and_sme,854239,2024,222,SLV,El Salvador,f,16342.0,0.000002,61
semiconductors_and_sme,854239,2024,462,MDV,Maldives,f,15981.0,0.000002,62
semiconductors_and_sme,854239,2024,740,SUR,Suriname,f,15769.0,0.000002,63
semiconductors_and_sme,854239,2024,104,MMR,Myanmar,f,15470.0,0.000002,64
semiconductors_and_sme,854239,2024,480,MUS,Mauritius,f,14436.0,0.000002,65
semiconductors_and_sme,854239,2024,120,CMR,Cameroon,f,13358.0,0.000001,66
semiconductors_and_sme,854239,2024,242,FJI,Fiji,f,12238.0,0.000001,67
semiconductors_and_sme,854239,2024,8,ALB,Albania,f,11618.0,0.000001,68
semiconductors_and_sme,854239,2024,762,TJK,Tajikistan,f,11505.0,0.000001,69
semiconductors_and_sme,854239,2024,500,MSR,Montserrat,f,9266.0,0.000001,70
semiconductors_and_sme,854239,2024,858,URY,Uruguay,f,6968.0,0.000001,71
semiconductors_and_sme,854239,2024,384,CIV,Côte d'Ivoire,f,6533.0,0.000001,72
semiconductors_and_sme,854239,2024,540,NCL,New Caledonia,f,5800.0,0.000001,73
semiconductors_and_sme,854239,2024,662,LCA,Saint Lucia,f,5670.0,0.000001,74
semiconductors_and_sme,854239,2024,204,BEN,Benin,f,4864.0,0.000001,75
semiconductors_and_sme,854239,2024,682,SAU,Saudi Arabia,f,4075.0,0.000000,76
semiconductors_and_sme,854239,2024,454,MWI,Malawi,f,3788.0,0.000000,77
semiconductors_and_sme,854239,2024,788,TUN,Tunisia,f,3584.0,0.000000,78
semiconductors_and_sme,854239,2024,32,ARG,Argentina,f,3493.0,0.000000,79
semiconductors_and_sme,854239,2024,446,MAC,"China, Macao SAR",f,3379.0,0.000000,80
semiconductors_and_sme,854239,2024,352,ISL,Iceland,f,3167.0,0.000000,81
semiconductors_and_sme,854239,2024,591,PAN,Panama,f,2625.0,0.000000,82
semiconductors_and_sme,854239,2024,508,MOZ,Mozambique,f,2528.0,0.000000,83
semiconductors_and_sme,854239,2024,152,CHL,Chile,f,2220.0,0.000000,84
semiconductors_and_sme,854239,2024,688,SRB,Serbia,f,2139.0,0.000000,85
semiconductors_and_sme,854239,2025,490,TWN,Taiwan,f,1813469199.0,0.280241,1
semiconductors_and_sme,854239,2025,458,MYS,Malaysia,f,1057331451.0,0.163393,2
semiconductors_and_sme,854239,2025,764,THA,Thailand,f,604689874.0,0.093445,3
semiconductors_and_sme,854239,2025,410,KOR,Rep. of Korea,f,521830967.0,0.080640,4
semiconductors_and_sme,854239,2025,608,PHL,Philippines,f,453532087.0,0.070086,5
semiconductors_and_sme,854239,2025,484,MEX,Mexico,f,360212424.0,0.055665,6
semiconductors_and_sme,854239,2025,392,JPN,Japan,f,333427780.0,0.051526,7
semiconductors_and_sme,854239,2025,276,DEU,Germany,f,290333807.0,0.044866,8
semiconductors_and_sme,854239,2025,156,CHN,China,f,268194254.0,0.041445,9
semiconductors_and_sme,854239,2025,251,FRA,France,f,141259289.0,0.021829,10
semiconductors_and_sme,854239,2025,702,SGP,Singapore,f,130404521.0,0.020152,11
semiconductors_and_sme,854239,2025,40,AUT,Austria,f,84698030.0,0.013089,12
semiconductors_and_sme,854239,2025,470,MLT,Malta,f,60886062.0,0.009409,13
semiconductors_and_sme,854239,2025,376,ISR,Israel,f,39931320.0,0.006171,14
semiconductors_and_sme,854239,2025,826,GBR,United Kingdom,f,37363815.0,0.005774,15
semiconductors_and_sme,854239,2025,380,ITA,Italy,f,36527904.0,0.005645,16
semiconductors_and_sme,854239,2025,704,VNM,Viet Nam,f,34598095.0,0.005347,17
semiconductors_and_sme,854239,2025,124,CAN,Canada,f,29824789.0,0.004609,18
semiconductors_and_sme,854239,2025,528,NLD,Netherlands,f,27261098.0,0.004213,19
semiconductors_and_sme,854239,2025,188,CRI,Costa Rica,f,24290276.0,0.003754,20
semiconductors_and_sme,854239,2025,757,CHE,Switzerland,f,23220995.0,0.003588,21
semiconductors_and_sme,854239,2025,620,PRT,Portugal,f,17386339.0,0.002687,22
semiconductors_and_sme,854239,2025,348,HUN,Hungary,f,11524767.0,0.001781,23
semiconductors_and_sme,854239,2025,504,MAR,Morocco,f,9287121.0,0.001435,24
semiconductors_and_sme,854239,2025,56,BEL,Belgium,f,8221438.0,0.001270,25
semiconductors_and_sme,854239,2025,203,CZE,Czechia,f,6928029.0,0.001071,26
semiconductors_and_sme,854239,2025,300,GRC,Greece,f,5391933.0,0.000833,27
semiconductors_and_sme,854239,2025,699,IND,India,f,5261088.0,0.000813,28
semiconductors_and_sme,854239,2025,360,IDN,Indonesia,f,4688214.0,0.000724,29
semiconductors_and_sme,854239,2025,36,AUS,Australia,f,4505889.0,0.000696,30
semiconductors_and_sme,854239,2025,372,IRL,Ireland,f,3187229.0,0.000493,31
semiconductors_and_sme,854239,2025,76,BRA,Brazil,f,2644172.0,0.000409,32
semiconductors_and_sme,854239,2025,579,NOR,Norway,f,2494307.0,0.000385,33
semiconductors_and_sme,854239,2025,792,TUR,Türkiye,f,2455783.0,0.000380,34
semiconductors_and_sme,854239,2025,144,LKA,Sri Lanka,f,2417639.0,0.000374,35
semiconductors_and_sme,854239,2025,116,KHM,Cambodia,f,2103865.0,0.000325,36
semiconductors_and_sme,854239,2025,344,HKG,"China, Hong Kong SAR",f,1220160.0,0.000189,37
semiconductors_and_sme,854239,2025,752,SWE,Sweden,f,1116525.0,0.000173,38
semiconductors_and_sme,854239,2025,196,CYP,Cyprus,f,980700.0,0.000152,39
semiconductors_and_sme,854239,2025,642,ROU,Romania,f,896203.0,0.000138,40
semiconductors_and_sme,854239,2025,208,DNK,Denmark,f,857965.0,0.000133,41
semiconductors_and_sme,854239,2025,616,POL,Poland,f,647418.0,0.000100,42
semiconductors_and_sme,854239,2025,724,ESP,Spain,f,542558.0,0.000084,43
semiconductors_and_sme,854239,2025,246,FIN,Finland,f,375486.0,0.000058,44
semiconductors_and_sme,854239,2025,554,NZL,New Zealand,f,329899.0,0.000051,45
semiconductors_and_sme,854239,2025,499,MNE,Montenegro,f,320628.0,0.000050,46
semiconductors_and_sme,854239,2025,352,ISL,Iceland,f,247614.0,0.000038,47
semiconductors_and_sme,854239,2025,428,LVA,Latvia,f,201186.0,0.000031,48
semiconductors_and_sme,854239,2025,446,MAC,"China, Macao SAR",f,137183.0,0.000021,49
semiconductors_and_sme,854239,2025,100,BGR,Bulgaria,f,133158.0,0.000021,50
semiconductors_and_sme,854239,2025,705,SVN,Slovenia,f,120767.0,0.000019,51
semiconductors_and_sme,854239,2025,516,NAM,Namibia,f,114800.0,0.000018,52
semiconductors_and_sme,854239,2025,191,HRV,Croatia,f,109868.0,0.000017,53
semiconductors_and_sme,854239,2025,784,ARE,United Arab Emirates,f,102461.0,0.000016,54
semiconductors_and_sme,854239,2025,586,PAK,Pakistan,f,98111.0,0.000015,55
semiconductors_and_sme,854239,2025,703,SVK,Slovakia,f,95222.0,0.000015,56
semiconductors_and_sme,854239,2025,440,LTU,Lithuania,f,93835.0,0.000015,57
semiconductors_and_sme,854239,2025,466,MLI,Mali,f,73506.0,0.000011,58
semiconductors_and_sme,854239,2025,104,MMR,Myanmar,f,63860.0,0.000010,59
semiconductors_and_sme,854239,2025,710,ZAF,South Africa,f,59577.0,0.000009,60
semiconductors_and_sme,854239,2025,788,TUN,Tunisia,f,49866.0,0.000008,61
semiconductors_and_sme,854239,2025,4,AFG,Afghanistan,f,49033.0,0.000008,62
semiconductors_and_sme,854239,2025,422,LBN,Lebanon,f,45546.0,0.000007,63
semiconductors_and_sme,854239,2025,233,EST,Estonia,f,38353.0,0.000006,64
semiconductors_and_sme,854239,2025,258,PYF,French Polynesia,f,28483.0,0.000004,65
semiconductors_and_sme,854239,2025,417,KGZ,Kyrgyzstan,f,25110.0,0.000004,66
semiconductors_and_sme,854239,2025,694,SLE,Sierra Leone,f,19048.0,0.000003,67
semiconductors_and_sme,854239,2025,804,UKR,Ukraine,f,17467.0,0.000003,68
semiconductors_and_sme,854239,2025,834,TZA,United Rep. of Tanzania,f,16124.0,0.000002,69
semiconductors_and_sme,854239,2025,454,MWI,Malawi,f,15876.0,0.000002,70
semiconductors_and_sme,854239,2025,170,COL,Colombia,f,14799.0,0.000002,71
semiconductors_and_sme,854239,2025,654,SHN,Saint Helena,f,14321.0,0.000002,72
semiconductors_and_sme,854239,2025,70,BIH,Bosnia Herzegovina,f,12737.0,0.000002,73
semiconductors_and_sme,854239,2025,716,ZWE,Zimbabwe,f,5356.0,0.000001,74
semiconductors_and_sme,854239,2025,31,AZE,Azerbaijan,f,4933.0,0.000001,75
semiconductors_and_sme,854239,2025,796,TCA,Turks and Caicos Isds,f,4565.0,0.000001,76
semiconductors_and_sme,854239,2025,860,UZB,Uzbekistan,f,3330.0,0.000001,77
semiconductors_and_sme,854239,2025,520,NRU,Naoero,f,3230.0,0.000000,78
semiconductors_and_sme,854239,2025,688,SRB,Serbia,f,2833.0,0.000000,79
semiconductors_and_sme,854239,2025,748,SWZ,Eswatini,f,2801.0,0.000000,80
semiconductors_and_sme,854239,2025,20,AND,Andorra,f,2642.0,0.000000,81
semiconductors_and_sme,854290,2018,392,JPN,Japan,f,109834787.0,0.350371,1
semiconductors_and_sme,854290,2018,156,CHN,China,f,65085210.0,0.207620,2
semiconductors_and_sme,854290,2018,490,TWN,Taiwan,f,21891297.0,0.069833,3
semiconductors_and_sme,854290,2018,458,MYS,Malaysia,f,21240954.0,0.067758,4
semiconductors_and_sme,854290,2018,276,DEU,Germany,f,14248223.0,0.045452,5
semiconductors_and_sme,854290,2018,124,CAN,Canada,f,13176325.0,0.042032,6
semiconductors_and_sme,854290,2018,376,ISR,Israel,f,11116318.0,0.035461,7
semiconductors_and_sme,854290,2018,608,PHL,Philippines,f,10149920.0,0.032378,8
semiconductors_and_sme,854290,2018,764,THA,Thailand,f,6306951.0,0.020119,9
semiconductors_and_sme,854290,2018,251,FRA,France,f,5898406.0,0.018816,10
semiconductors_and_sme,854290,2018,203,CZE,Czechia,f,4454372.0,0.014209,11
semiconductors_and_sme,854290,2018,410,KOR,Rep. of Korea,f,3926792.0,0.012526,12
semiconductors_and_sme,854290,2018,233,EST,Estonia,f,3682372.0,0.011747,13
semiconductors_and_sme,854290,2018,702,SGP,Singapore,f,3678604.0,0.011735,14
semiconductors_and_sme,854290,2018,344,HKG,"China, Hong Kong SAR",f,2265569.0,0.007227,15
semiconductors_and_sme,854290,2018,826,GBR,United Kingdom,f,1868751.0,0.005961,16
semiconductors_and_sme,854290,2018,208,DNK,Denmark,f,1408436.0,0.004493,17
semiconductors_and_sme,854290,2018,528,NLD,Netherlands,f,1362474.0,0.004346,18
semiconductors_and_sme,854290,2018,704,VNM,Viet Nam,f,1362380.0,0.004346,19
semiconductors_and_sme,854290,2018,757,CHE,Switzerland,f,1278021.0,0.004077,20
semiconductors_and_sme,854290,2018,380,ITA,Italy,f,1195187.0,0.003813,21
semiconductors_and_sme,854290,2018,699,IND,India,f,1160046.0,0.003701,22
semiconductors_and_sme,854290,2018,724,ESP,Spain,f,1159717.0,0.003699,23
semiconductors_and_sme,854290,2018,484,MEX,Mexico,f,1057926.0,0.003375,24
semiconductors_and_sme,854290,2018,36,AUS,Australia,f,820690.0,0.002618,25
semiconductors_and_sme,854290,2018,40,AUT,Austria,f,805266.0,0.002569,26
semiconductors_and_sme,854290,2018,32,ARG,Argentina,f,567472.0,0.001810,27
semiconductors_and_sme,854290,2018,752,SWE,Sweden,f,447049.0,0.001426,28
semiconductors_and_sme,854290,2018,56,BEL,Belgium,f,401957.0,0.001282,29
semiconductors_and_sme,854290,2018,246,FIN,Finland,f,250040.0,0.000798,30
semiconductors_and_sme,854290,2018,100,BGR,Bulgaria,f,197197.0,0.000629,31
semiconductors_and_sme,854290,2018,188,CRI,Costa Rica,f,181630.0,0.000579,32
semiconductors_and_sme,854290,2018,372,IRL,Ireland,f,141847.0,0.000452,33
semiconductors_and_sme,854290,2018,360,IDN,Indonesia,f,130990.0,0.000418,34
semiconductors_and_sme,854290,2018,579,NOR,Norway,f,88402.0,0.000282,35
semiconductors_and_sme,854290,2018,710,ZAF,South Africa,f,77945.0,0.000249,36
semiconductors_and_sme,854290,2018,218,ECU,Ecuador,f,68025.0,0.000217,37
semiconductors_and_sme,854290,2018,554,NZL,New Zealand,f,67775.0,0.000216,38
semiconductors_and_sme,854290,2018,703,SVK,Slovakia,f,66706.0,0.000213,39
semiconductors_and_sme,854290,2018,616,POL,Poland,f,65728.0,0.000210,40
semiconductors_and_sme,854290,2018,504,MAR,Morocco,f,55197.0,0.000176,41
semiconductors_and_sme,854290,2018,242,FJI,Fiji,f,49994.0,0.000159,42
semiconductors_and_sme,854290,2018,792,TUR,Türkiye,f,38258.0,0.000122,43
semiconductors_and_sme,854290,2018,748,SWZ,Eswatini,f,33172.0,0.000106,44
semiconductors_and_sme,854290,2018,31,AZE,Azerbaijan,f,27660.0,0.000088,45
semiconductors_and_sme,854290,2018,348,HUN,Hungary,f,20675.0,0.000066,46
semiconductors_and_sme,854290,2018,300,GRC,Greece,f,20325.0,0.000065,47
semiconductors_and_sme,854290,2018,662,LCA,Saint Lucia,f,10428.0,0.000033,48
semiconductors_and_sme,854290,2018,340,HND,Honduras,f,6531.0,0.000021,49
semiconductors_and_sme,854290,2018,585,PLW,Palau,f,5498.0,0.000018,50
semiconductors_and_sme,854290,2018,222,SLV,El Salvador,f,5188.0,0.000017,51
semiconductors_and_sme,854290,2018,76,BRA,Brazil,f,4004.0,0.000013,52
semiconductors_and_sme,854290,2018,620,PRT,Portugal,f,3896.0,0.000012,53
semiconductors_and_sme,854290,2018,705,SVN,Slovenia,f,3240.0,0.000010,54
semiconductors_and_sme,854290,2018,470,MLT,Malta,f,2917.0,0.000009,55
semiconductors_and_sme,854290,2018,784,ARE,United Arab Emirates,f,2775.0,0.000009,56
semiconductors_and_sme,854290,2018,152,CHL,Chile,f,2100.0,0.000007,57
semiconductors_and_sme,854290,2018,500,MSR,Montserrat,f,2026.0,0.000006,58
semiconductors_and_sme,854290,2019,392,JPN,Japan,f,112379287.0,0.414255,1
semiconductors_and_sme,854290,2019,156,CHN,China,f,32238044.0,0.118837,2
semiconductors_and_sme,854290,2019,490,TWN,Taiwan,f,25234985.0,0.093022,3
semiconductors_and_sme,854290,2019,124,CAN,Canada,f,18227097.0,0.067189,4
semiconductors_and_sme,854290,2019,276,DEU,Germany,f,14798762.0,0.054551,5
semiconductors_and_sme,854290,2019,376,ISR,Israel,f,10615997.0,0.039133,6
semiconductors_and_sme,854290,2019,458,MYS,Malaysia,f,8786170.0,0.032388,7
semiconductors_and_sme,854290,2019,251,FRA,France,f,7226230.0,0.026637,8
semiconductors_and_sme,854290,2019,608,PHL,Philippines,f,6609604.0,0.024364,9
semiconductors_and_sme,854290,2019,410,KOR,Rep. of Korea,f,5587239.0,0.020596,10
semiconductors_and_sme,854290,2019,764,THA,Thailand,f,4455227.0,0.016423,11
semiconductors_and_sme,854290,2019,702,SGP,Singapore,f,3676875.0,0.013554,12
semiconductors_and_sme,854290,2019,203,CZE,Czechia,f,2706602.0,0.009977,13
semiconductors_and_sme,854290,2019,704,VNM,Viet Nam,f,2587110.0,0.009537,14
semiconductors_and_sme,854290,2019,380,ITA,Italy,f,1987616.0,0.007327,15
semiconductors_and_sme,854290,2019,826,GBR,United Kingdom,f,1479745.0,0.005455,16
semiconductors_and_sme,854290,2019,208,DNK,Denmark,f,1462427.0,0.005391,17
semiconductors_and_sme,854290,2019,36,AUS,Australia,f,1314851.0,0.004847,18
semiconductors_and_sme,854290,2019,724,ESP,Spain,f,1141352.0,0.004207,19
semiconductors_and_sme,854290,2019,757,CHE,Switzerland,f,1114176.0,0.004107,20
semiconductors_and_sme,854290,2019,484,MEX,Mexico,f,942457.0,0.003474,21
semiconductors_and_sme,854290,2019,40,AUT,Austria,f,939406.0,0.003463,22
semiconductors_and_sme,854290,2019,752,SWE,Sweden,f,920330.0,0.003393,23
semiconductors_and_sme,854290,2019,528,NLD,Netherlands,f,912147.0,0.003362,24
semiconductors_and_sme,854290,2019,344,HKG,"China, Hong Kong SAR",f,665778.0,0.002454,25
semiconductors_and_sme,854290,2019,32,ARG,Argentina,f,587975.0,0.002167,26
semiconductors_and_sme,854290,2019,233,EST,Estonia,f,548988.0,0.002024,27
semiconductors_and_sme,854290,2019,699,IND,India,f,426278.0,0.001571,28
semiconductors_and_sme,854290,2019,246,FIN,Finland,f,316106.0,0.001165,29
semiconductors_and_sme,854290,2019,188,CRI,Costa Rica,f,227037.0,0.000837,30
semiconductors_and_sme,854290,2019,616,POL,Poland,f,187070.0,0.000690,31
semiconductors_and_sme,854290,2019,56,BEL,Belgium,f,166925.0,0.000615,32
semiconductors_and_sme,854290,2019,300,GRC,Greece,f,142211.0,0.000524,33
semiconductors_and_sme,854290,2019,360,IDN,Indonesia,f,108989.0,0.000402,34
semiconductors_and_sme,854290,2019,76,BRA,Brazil,f,80266.0,0.000296,35
semiconductors_and_sme,854290,2019,710,ZAF,South Africa,f,69837.0,0.000257,36
semiconductors_and_sme,854290,2019,100,BGR,Bulgaria,f,46928.0,0.000173,37
semiconductors_and_sme,854290,2019,804,UKR,Ukraine,f,44124.0,0.000163,38
semiconductors_and_sme,854290,2019,372,IRL,Ireland,f,38489.0,0.000142,39
semiconductors_and_sme,854290,2019,222,SLV,El Salvador,f,37782.0,0.000139,40
semiconductors_and_sme,854290,2019,579,NOR,Norway,f,36340.0,0.000134,41
semiconductors_and_sme,854290,2019,554,NZL,New Zealand,f,32940.0,0.000121,42
semiconductors_and_sme,854290,2019,688,SRB,Serbia,f,28386.0,0.000105,43
semiconductors_and_sme,854290,2019,703,SVK,Slovakia,f,26364.0,0.000097,44
semiconductors_and_sme,854290,2019,31,AZE,Azerbaijan,f,25269.0,0.000093,45
semiconductors_and_sme,854290,2019,348,HUN,Hungary,f,25261.0,0.000093,46
semiconductors_and_sme,854290,2019,214,DOM,Dominican Rep.,f,19764.0,0.000073,47
semiconductors_and_sme,854290,2019,504,MAR,Morocco,f,13990.0,0.000052,48
semiconductors_and_sme,854290,2019,170,COL,Colombia,f,10346.0,0.000038,49
semiconductors_and_sme,854290,2019,218,ECU,Ecuador,f,5737.0,0.000021,50
semiconductors_and_sme,854290,2019,643,RUS,Russian Federation,f,5072.0,0.000019,51
semiconductors_and_sme,854290,2019,144,LKA,Sri Lanka,f,3812.0,0.000014,52
semiconductors_and_sme,854290,2019,620,PRT,Portugal,f,3721.0,0.000014,53
semiconductors_and_sme,854290,2019,591,PAN,Panama,f,2859.0,0.000011,54
semiconductors_and_sme,854290,2019,748,SWZ,Eswatini,f,2203.0,0.000008,55
semiconductors_and_sme,854290,2020,392,JPN,Japan,f,116493396.0,0.419120,1
semiconductors_and_sme,854290,2020,156,CHN,China,f,48023358.0,0.172778,2
semiconductors_and_sme,854290,2020,490,TWN,Taiwan,f,23994364.0,0.086327,3
semiconductors_and_sme,854290,2020,376,ISR,Israel,f,15890958.0,0.057172,4
semiconductors_and_sme,854290,2020,124,CAN,Canada,f,14938604.0,0.053746,5
semiconductors_and_sme,854290,2020,276,DEU,Germany,f,13339459.0,0.047993,6
semiconductors_and_sme,854290,2020,458,MYS,Malaysia,f,6057273.0,0.021793,7
semiconductors_and_sme,854290,2020,251,FRA,France,f,5198263.0,0.018702,8
semiconductors_and_sme,854290,2020,608,PHL,Philippines,f,5148740.0,0.018524,9
semiconductors_and_sme,854290,2020,764,THA,Thailand,f,4858503.0,0.017480,10
semiconductors_and_sme,854290,2020,410,KOR,Rep. of Korea,f,3618768.0,0.013020,11
semiconductors_and_sme,854290,2020,203,CZE,Czechia,f,2823401.0,0.010158,12
semiconductors_and_sme,854290,2020,702,SGP,Singapore,f,2521795.0,0.009073,13
semiconductors_and_sme,854290,2020,826,GBR,United Kingdom,f,1781967.0,0.006411,14
semiconductors_and_sme,854290,2020,208,DNK,Denmark,f,1101841.0,0.003964,15
semiconductors_and_sme,854290,2020,380,ITA,Italy,f,1002266.0,0.003606,16
semiconductors_and_sme,854290,2020,528,NLD,Netherlands,f,970742.0,0.003493,17
semiconductors_and_sme,854290,2020,752,SWE,Sweden,f,944994.0,0.003400,18
semiconductors_and_sme,854290,2020,757,CHE,Switzerland,f,931794.0,0.003352,19
semiconductors_and_sme,854290,2020,484,MEX,Mexico,f,885987.0,0.003188,20
semiconductors_and_sme,854290,2020,344,HKG,"China, Hong Kong SAR",f,830135.0,0.002987,21
semiconductors_and_sme,854290,2020,32,ARG,Argentina,f,825026.0,0.002968,22
semiconductors_and_sme,854290,2020,704,VNM,Viet Nam,f,674686.0,0.002427,23
semiconductors_and_sme,854290,2020,699,IND,India,f,643128.0,0.002314,24
semiconductors_and_sme,854290,2020,300,GRC,Greece,f,629982.0,0.002267,25
semiconductors_and_sme,854290,2020,36,AUS,Australia,f,572114.0,0.002058,26
semiconductors_and_sme,854290,2020,40,AUT,Austria,f,553561.0,0.001992,27
semiconductors_and_sme,854290,2020,710,ZAF,South Africa,f,439670.0,0.001582,28
semiconductors_and_sme,854290,2020,246,FIN,Finland,f,419884.0,0.001511,29
semiconductors_and_sme,854290,2020,724,ESP,Spain,f,405614.0,0.001459,30
semiconductors_and_sme,854290,2020,56,BEL,Belgium,f,285465.0,0.001027,31
semiconductors_and_sme,854290,2020,188,CRI,Costa Rica,f,171923.0,0.000619,32
semiconductors_and_sme,854290,2020,466,MLI,Mali,f,155200.0,0.000558,33
semiconductors_and_sme,854290,2020,470,MLT,Malta,f,109424.0,0.000394,34
semiconductors_and_sme,854290,2020,348,HUN,Hungary,f,101948.0,0.000367,35
semiconductors_and_sme,854290,2020,792,TUR,Türkiye,f,100372.0,0.000361,36
semiconductors_and_sme,854290,2020,616,POL,Poland,f,94785.0,0.000341,37
semiconductors_and_sme,854290,2020,703,SVK,Slovakia,f,94691.0,0.000341,38
semiconductors_and_sme,854290,2020,100,BGR,Bulgaria,f,63707.0,0.000229,39
semiconductors_and_sme,854290,2020,554,NZL,New Zealand,f,43953.0,0.000158,40
semiconductors_and_sme,854290,2020,372,IRL,Ireland,f,41808.0,0.000150,41
semiconductors_and_sme,854290,2020,579,NOR,Norway,f,31352.0,0.000113,42
semiconductors_and_sme,854290,2020,191,HRV,Croatia,f,25269.0,0.000091,43
semiconductors_and_sme,854290,2020,360,IDN,Indonesia,f,23329.0,0.000084,44
semiconductors_and_sme,854290,2020,76,BRA,Brazil,f,17263.0,0.000062,45
semiconductors_and_sme,854290,2020,688,SRB,Serbia,f,16534.0,0.000059,46
semiconductors_and_sme,854290,2020,646,RWA,Rwanda,f,12575.0,0.000045,47
semiconductors_and_sme,854290,2020,620,PRT,Portugal,f,10970.0,0.000039,48
semiconductors_and_sme,854290,2020,674,SMR,San Marino,f,6892.0,0.000025,49
semiconductors_and_sme,854290,2020,705,SVN,Slovenia,f,5499.0,0.000020,50
semiconductors_and_sme,854290,2020,170,COL,Colombia,f,3250.0,0.000012,51
semiconductors_and_sme,854290,2020,784,ARE,United Arab Emirates,f,3025.0,0.000011,52
semiconductors_and_sme,854290,2020,136,CYM,Cayman Isds,f,3017.0,0.000011,53
semiconductors_and_sme,854290,2020,104,MMR,Myanmar,f,2633.0,0.000009,54
semiconductors_and_sme,854290,2020,428,LVA,Latvia,f,2529.0,0.000009,55
semiconductors_and_sme,854290,2021,392,JPN,Japan,f,103323093.0,0.327203,1
semiconductors_and_sme,854290,2021,156,CHN,China,f,40448048.0,0.128091,2
semiconductors_and_sme,854290,2021,490,TWN,Taiwan,f,37620724.0,0.119137,3
semiconductors_and_sme,854290,2021,458,MYS,Malaysia,f,23306070.0,0.073806,4
semiconductors_and_sme,854290,2021,376,ISR,Israel,f,15979951.0,0.050605,5
semiconductors_and_sme,854290,2021,276,DEU,Germany,f,15213875.0,0.048179,6
semiconductors_and_sme,854290,2021,124,CAN,Canada,f,15068645.0,0.047719,7
semiconductors_and_sme,854290,2021,764,THA,Thailand,f,13481267.0,0.042692,8
semiconductors_and_sme,854290,2021,608,PHL,Philippines,f,12257659.0,0.038818,9
semiconductors_and_sme,854290,2021,410,KOR,Rep. of Korea,f,6272610.0,0.019864,10
semiconductors_and_sme,854290,2021,251,FRA,France,f,4300278.0,0.013618,11
semiconductors_and_sme,854290,2021,826,GBR,United Kingdom,f,3947320.0,0.012500,12
semiconductors_and_sme,854290,2021,360,IDN,Indonesia,f,3464371.0,0.010971,13
semiconductors_and_sme,854290,2021,702,SGP,Singapore,f,3187354.0,0.010094,14
semiconductors_and_sme,854290,2021,203,CZE,Czechia,f,2121969.0,0.006720,15
semiconductors_and_sme,854290,2021,344,HKG,"China, Hong Kong SAR",f,1925192.0,0.006097,16
semiconductors_and_sme,854290,2021,32,ARG,Argentina,f,1495260.0,0.004735,17
semiconductors_and_sme,854290,2021,380,ITA,Italy,f,1331883.0,0.004218,18
semiconductors_and_sme,854290,2021,757,CHE,Switzerland,f,1129046.0,0.003575,19
semiconductors_and_sme,854290,2021,704,VNM,Viet Nam,f,1094701.0,0.003467,20
semiconductors_and_sme,854290,2021,188,CRI,Costa Rica,f,1085978.0,0.003439,21
semiconductors_and_sme,854290,2021,484,MEX,Mexico,f,1049392.0,0.003323,22
semiconductors_and_sme,854290,2021,699,IND,India,f,808271.0,0.002560,23
semiconductors_and_sme,854290,2021,36,AUS,Australia,f,771818.0,0.002444,24
semiconductors_and_sme,854290,2021,724,ESP,Spain,f,672433.0,0.002129,25
semiconductors_and_sme,854290,2021,528,NLD,Netherlands,f,652367.0,0.002066,26
semiconductors_and_sme,854290,2021,40,AUT,Austria,f,618376.0,0.001958,27
semiconductors_and_sme,854290,2021,710,ZAF,South Africa,f,453583.0,0.001436,28
semiconductors_and_sme,854290,2021,752,SWE,Sweden,f,396232.0,0.001255,29
semiconductors_and_sme,854290,2021,616,POL,Poland,f,301847.0,0.000956,30
semiconductors_and_sme,854290,2021,208,DNK,Denmark,f,227593.0,0.000721,31
semiconductors_and_sme,854290,2021,56,BEL,Belgium,f,223407.0,0.000707,32
semiconductors_and_sme,854290,2021,352,ISL,Iceland,f,183285.0,0.000580,33
semiconductors_and_sme,854290,2021,470,MLT,Malta,f,177489.0,0.000562,34
semiconductors_and_sme,854290,2021,579,NOR,Norway,f,163030.0,0.000516,35
semiconductors_and_sme,854290,2021,100,BGR,Bulgaria,f,143136.0,0.000453,36
semiconductors_and_sme,854290,2021,246,FIN,Finland,f,128953.0,0.000408,37
semiconductors_and_sme,854290,2021,643,RUS,Russian Federation,f,94387.0,0.000299,38
semiconductors_and_sme,854290,2021,300,GRC,Greece,f,78430.0,0.000248,39
semiconductors_and_sme,854290,2021,688,SRB,Serbia,f,69186.0,0.000219,40
semiconductors_and_sme,854290,2021,792,TUR,Türkiye,f,67610.0,0.000214,41
semiconductors_and_sme,854290,2021,504,MAR,Morocco,f,53230.0,0.000169,42
semiconductors_and_sme,854290,2021,320,GTM,Guatemala,f,46928.0,0.000149,43
semiconductors_and_sme,854290,2021,620,PRT,Portugal,f,44893.0,0.000142,44
semiconductors_and_sme,854290,2021,76,BRA,Brazil,f,36755.0,0.000116,45
semiconductors_and_sme,854290,2021,116,KHM,Cambodia,f,31297.0,0.000099,46
semiconductors_and_sme,854290,2021,348,HUN,Hungary,f,31254.0,0.000099,47
semiconductors_and_sme,854290,2021,372,IRL,Ireland,f,25423.0,0.000081,48
semiconductors_and_sme,854290,2021,324,GIN,Guinea,f,21266.0,0.000067,49
semiconductors_and_sme,854290,2021,480,MUS,Mauritius,f,17795.0,0.000056,50
semiconductors_and_sme,854290,2021,233,EST,Estonia,f,16988.0,0.000054,51
semiconductors_and_sme,854290,2021,784,ARE,United Arab Emirates,f,15463.0,0.000049,52
semiconductors_and_sme,854290,2021,214,DOM,Dominican Rep.,f,14510.0,0.000046,53
semiconductors_and_sme,854290,2021,703,SVK,Slovakia,f,13590.0,0.000043,54
semiconductors_and_sme,854290,2021,440,LTU,Lithuania,f,13581.0,0.000043,55
semiconductors_and_sme,854290,2021,705,SVN,Slovenia,f,13398.0,0.000042,56
semiconductors_and_sme,854290,2021,446,MAC,"China, Macao SAR",f,7540.0,0.000024,57
semiconductors_and_sme,854290,2021,442,LUX,Luxembourg,f,5849.0,0.000019,58
semiconductors_and_sme,854290,2021,674,SMR,San Marino,f,5655.0,0.000018,59
semiconductors_and_sme,854290,2021,144,LKA,Sri Lanka,f,4133.0,0.000013,60
semiconductors_and_sme,854290,2021,604,PER,Peru,f,3731.0,0.000012,61
semiconductors_and_sme,854290,2021,520,NRU,Naoero,f,3464.0,0.000011,62
semiconductors_and_sme,854290,2021,191,HRV,Croatia,f,3253.0,0.000010,63
semiconductors_and_sme,854290,2021,170,COL,Colombia,f,3075.0,0.000010,64
semiconductors_and_sme,854290,2021,340,HND,Honduras,f,2645.0,0.000008,65
semiconductors_and_sme,854290,2021,31,AZE,Azerbaijan,f,2529.0,0.000008,66
semiconductors_and_sme,854290,2021,48,BHR,Bahrain,f,2182.0,0.000007,67
semiconductors_and_sme,854290,2022,392,JPN,Japan,f,112923377.0,0.292489,1
semiconductors_and_sme,854290,2022,490,TWN,Taiwan,f,48784239.0,0.126359,2
semiconductors_and_sme,854290,2022,156,CHN,China,f,39172058.0,0.101462,3
semiconductors_and_sme,854290,2022,458,MYS,Malaysia,f,37621375.0,0.097445,4
semiconductors_and_sme,854290,2022,764,THA,Thailand,f,26213352.0,0.067897,5
semiconductors_and_sme,854290,2022,608,PHL,Philippines,f,20732165.0,0.053700,6
semiconductors_and_sme,854290,2022,124,CAN,Canada,f,19895695.0,0.051533,7
semiconductors_and_sme,854290,2022,376,ISR,Israel,f,14402234.0,0.037304,8
semiconductors_and_sme,854290,2022,276,DEU,Germany,f,12547928.0,0.032501,9
semiconductors_and_sme,854290,2022,826,GBR,United Kingdom,f,9713447.0,0.025159,10
semiconductors_and_sme,854290,2022,410,KOR,Rep. of Korea,f,8521108.0,0.022071,11
semiconductors_and_sme,854290,2022,360,IDN,Indonesia,f,5075950.0,0.013148,12
semiconductors_and_sme,854290,2022,702,SGP,Singapore,f,4657607.0,0.012064,13
semiconductors_and_sme,854290,2022,344,HKG,"China, Hong Kong SAR",f,4032147.0,0.010444,14
semiconductors_and_sme,854290,2022,251,FRA,France,f,3036041.0,0.007864,15
semiconductors_and_sme,854290,2022,704,VNM,Viet Nam,f,2407716.0,0.006236,16
semiconductors_and_sme,854290,2022,757,CHE,Switzerland,f,2141257.0,0.005546,17
semiconductors_and_sme,854290,2022,380,ITA,Italy,f,1745131.0,0.004520,18
semiconductors_and_sme,854290,2022,528,NLD,Netherlands,f,1586477.0,0.004109,19
semiconductors_and_sme,854290,2022,484,MEX,Mexico,f,1538505.0,0.003985,20
semiconductors_and_sme,854290,2022,203,CZE,Czechia,f,1519501.0,0.003936,21
semiconductors_and_sme,854290,2022,188,CRI,Costa Rica,f,920828.0,0.002385,22
semiconductors_and_sme,854290,2022,724,ESP,Spain,f,878406.0,0.002275,23
semiconductors_and_sme,854290,2022,470,MLT,Malta,f,738399.0,0.001913,24
semiconductors_and_sme,854290,2022,699,IND,India,f,737910.0,0.001911,25
semiconductors_and_sme,854290,2022,752,SWE,Sweden,f,715655.0,0.001854,26
semiconductors_and_sme,854290,2022,36,AUS,Australia,f,619907.0,0.001606,27
semiconductors_and_sme,854290,2022,616,POL,Poland,f,459517.0,0.001190,28
semiconductors_and_sme,854290,2022,40,AUT,Austria,f,371573.0,0.000962,29
semiconductors_and_sme,854290,2022,579,NOR,Norway,f,265429.0,0.000688,30
semiconductors_and_sme,854290,2022,504,MAR,Morocco,f,259371.0,0.000672,31
semiconductors_and_sme,854290,2022,100,BGR,Bulgaria,f,226533.0,0.000587,32
semiconductors_and_sme,854290,2022,246,FIN,Finland,f,206783.0,0.000536,33
semiconductors_and_sme,854290,2022,710,ZAF,South Africa,f,172794.0,0.000448,34
semiconductors_and_sme,854290,2022,300,GRC,Greece,f,168748.0,0.000437,35
semiconductors_and_sme,854290,2022,208,DNK,Denmark,f,143527.0,0.000372,36
semiconductors_and_sme,854290,2022,56,BEL,Belgium,f,141501.0,0.000367,37
semiconductors_and_sme,854290,2022,446,MAC,"China, Macao SAR",f,135431.0,0.000351,38
semiconductors_and_sme,854290,2022,620,PRT,Portugal,f,121092.0,0.000314,39
semiconductors_and_sme,854290,2022,352,ISL,Iceland,f,105595.0,0.000274,40
semiconductors_and_sme,854290,2022,792,TUR,Türkiye,f,81942.0,0.000212,41
semiconductors_and_sme,854290,2022,705,SVN,Slovenia,f,52316.0,0.000136,42
semiconductors_and_sme,854290,2022,144,LKA,Sri Lanka,f,49480.0,0.000128,43
semiconductors_and_sme,854290,2022,554,NZL,New Zealand,f,27822.0,0.000072,44
semiconductors_and_sme,854290,2022,372,IRL,Ireland,f,22574.0,0.000058,45
semiconductors_and_sme,854290,2022,191,HRV,Croatia,f,18539.0,0.000048,46
semiconductors_and_sme,854290,2022,703,SVK,Slovakia,f,18250.0,0.000047,47
semiconductors_and_sme,854290,2022,76,BRA,Brazil,f,16360.0,0.000042,48
semiconductors_and_sme,854290,2022,688,SRB,Serbia,f,15387.0,0.000040,49
semiconductors_and_sme,854290,2022,348,HUN,Hungary,f,14312.0,0.000037,50
semiconductors_and_sme,854290,2022,32,ARG,Argentina,f,13761.0,0.000036,51
semiconductors_and_sme,854290,2022,170,COL,Colombia,f,11403.0,0.000030,52
semiconductors_and_sme,854290,2022,659,KNA,Saint Kitts and Nevis,f,10324.0,0.000027,53
semiconductors_and_sme,854290,2022,674,SMR,San Marino,f,8971.0,0.000023,54
semiconductors_and_sme,854290,2022,788,TUN,Tunisia,f,7455.0,0.000019,55
semiconductors_and_sme,854290,2022,233,EST,Estonia,f,7003.0,0.000018,56
semiconductors_and_sme,854290,2022,586,PAK,Pakistan,f,6915.0,0.000018,57
semiconductors_and_sme,854290,2022,784,ARE,United Arab Emirates,f,6374.0,0.000017,58
semiconductors_and_sme,854290,2022,591,PAN,Panama,f,6223.0,0.000016,59
semiconductors_and_sme,854290,2022,20,AND,Andorra,f,6111.0,0.000016,60
semiconductors_and_sme,854290,2022,466,MLI,Mali,f,4575.0,0.000012,61
semiconductors_and_sme,854290,2022,642,ROU,Romania,f,4561.0,0.000012,62
semiconductors_and_sme,854290,2022,218,ECU,Ecuador,f,4015.0,0.000010,63
semiconductors_and_sme,854290,2022,60,BMU,Bermuda,f,3075.0,0.000008,64
semiconductors_and_sme,854290,2022,136,CYM,Cayman Isds,f,3061.0,0.000008,65
semiconductors_and_sme,854290,2023,392,JPN,Japan,f,100742746.0,0.354524,1
semiconductors_and_sme,854290,2023,490,TWN,Taiwan,f,34905410.0,0.122836,2
semiconductors_and_sme,854290,2023,156,CHN,China,f,20426244.0,0.071882,3
semiconductors_and_sme,854290,2023,376,ISR,Israel,f,15966832.0,0.056189,4
semiconductors_and_sme,854290,2023,276,DEU,Germany,f,14751567.0,0.051912,5
semiconductors_and_sme,854290,2023,124,CAN,Canada,f,13477786.0,0.047430,6
semiconductors_and_sme,854290,2023,764,THA,Thailand,f,11861573.0,0.041742,7
semiconductors_and_sme,854290,2023,458,MYS,Malaysia,f,11471620.0,0.040370,8
semiconductors_and_sme,854290,2023,826,GBR,United Kingdom,f,8868979.0,0.031211,9
semiconductors_and_sme,854290,2023,608,PHL,Philippines,f,7455885.0,0.026238,10
semiconductors_and_sme,854290,2023,702,SGP,Singapore,f,5659964.0,0.019918,11
semiconductors_and_sme,854290,2023,410,KOR,Rep. of Korea,f,5198677.0,0.018295,12
semiconductors_and_sme,854290,2023,251,FRA,France,f,4635397.0,0.016312,13
semiconductors_and_sme,854290,2023,699,IND,India,f,4126404.0,0.014521,14
semiconductors_and_sme,854290,2023,704,VNM,Viet Nam,f,3700166.0,0.013021,15
semiconductors_and_sme,854290,2023,380,ITA,Italy,f,3244243.0,0.011417,16
semiconductors_and_sme,854290,2023,360,IDN,Indonesia,f,2874431.0,0.010115,17
semiconductors_and_sme,854290,2023,528,NLD,Netherlands,f,2251887.0,0.007925,18
semiconductors_and_sme,854290,2023,188,CRI,Costa Rica,f,1989308.0,0.007001,19
semiconductors_and_sme,854290,2023,757,CHE,Switzerland,f,1801146.0,0.006338,20
semiconductors_and_sme,854290,2023,40,AUT,Austria,f,1637996.0,0.005764,21
semiconductors_and_sme,854290,2023,484,MEX,Mexico,f,971859.0,0.003420,22
semiconductors_and_sme,854290,2023,752,SWE,Sweden,f,890595.0,0.003134,23
semiconductors_and_sme,854290,2023,724,ESP,Spain,f,639242.0,0.002250,24
semiconductors_and_sme,854290,2023,504,MAR,Morocco,f,633524.0,0.002229,25
semiconductors_and_sme,854290,2023,36,AUS,Australia,f,519368.0,0.001828,26
semiconductors_and_sme,854290,2023,203,CZE,Czechia,f,512487.0,0.001803,27
semiconductors_and_sme,854290,2023,344,HKG,"China, Hong Kong SAR",f,466943.0,0.001643,28
semiconductors_and_sme,854290,2023,56,BEL,Belgium,f,362684.0,0.001276,29
semiconductors_and_sme,854290,2023,710,ZAF,South Africa,f,312366.0,0.001099,30
semiconductors_and_sme,854290,2023,348,HUN,Hungary,f,191314.0,0.000673,31
semiconductors_and_sme,854290,2023,246,FIN,Finland,f,190552.0,0.000671,32
semiconductors_and_sme,854290,2023,616,POL,Poland,f,144142.0,0.000507,33
semiconductors_and_sme,854290,2023,100,BGR,Bulgaria,f,129340.0,0.000455,34
semiconductors_and_sme,854290,2023,152,CHL,Chile,f,128150.0,0.000451,35
semiconductors_and_sme,854290,2023,208,DNK,Denmark,f,109218.0,0.000384,36
semiconductors_and_sme,854290,2023,688,SRB,Serbia,f,101888.0,0.000359,37
semiconductors_and_sme,854290,2023,579,NOR,Norway,f,82854.0,0.000292,38
semiconductors_and_sme,854290,2023,792,TUR,Türkiye,f,82059.0,0.000289,39
semiconductors_and_sme,854290,2023,352,ISL,Iceland,f,74850.0,0.000263,40
semiconductors_and_sme,854290,2023,300,GRC,Greece,f,73026.0,0.000257,41
semiconductors_and_sme,854290,2023,304,GRL,Greenland,f,68415.0,0.000241,42
semiconductors_and_sme,854290,2023,372,IRL,Ireland,f,52013.0,0.000183,43
semiconductors_and_sme,854290,2023,643,RUS,Russian Federation,f,49924.0,0.000176,44
semiconductors_and_sme,854290,2023,32,ARG,Argentina,f,35356.0,0.000124,45
semiconductors_and_sme,854290,2023,144,LKA,Sri Lanka,f,34091.0,0.000120,46
semiconductors_and_sme,854290,2023,76,BRA,Brazil,f,32283.0,0.000114,47
semiconductors_and_sme,854290,2023,818,EGY,Egypt,f,28248.0,0.000099,48
semiconductors_and_sme,854290,2023,554,NZL,New Zealand,f,24826.0,0.000087,49
semiconductors_and_sme,854290,2023,620,PRT,Portugal,f,24374.0,0.000086,50
semiconductors_and_sme,854290,2023,50,BGD,Bangladesh,f,18954.0,0.000067,51
semiconductors_and_sme,854290,2023,222,SLV,El Salvador,f,15510.0,0.000055,52
semiconductors_and_sme,854290,2023,674,SMR,San Marino,f,15303.0,0.000054,53
semiconductors_and_sme,854290,2023,591,PAN,Panama,f,13916.0,0.000049,54
semiconductors_and_sme,854290,2023,191,HRV,Croatia,f,13162.0,0.000046,55
semiconductors_and_sme,854290,2023,642,ROU,Romania,f,10752.0,0.000038,56
semiconductors_and_sme,854290,2023,398,KAZ,Kazakhstan,f,9867.0,0.000035,57
semiconductors_and_sme,854290,2023,470,MLT,Malta,f,9484.0,0.000033,58
semiconductors_and_sme,854290,2023,52,BRB,Barbados,f,7650.0,0.000027,59
semiconductors_and_sme,854290,2023,682,SAU,Saudi Arabia,f,7517.0,0.000026,60
semiconductors_and_sme,854290,2023,428,LVA,Latvia,f,7422.0,0.000026,61
semiconductors_and_sme,854290,2023,784,ARE,United Arab Emirates,f,6520.0,0.000023,62
semiconductors_and_sme,854290,2023,703,SVK,Slovakia,f,6268.0,0.000022,63
semiconductors_and_sme,854290,2023,626,TLS,Timor-Leste,f,3956.0,0.000014,64
semiconductors_and_sme,854290,2023,268,GEO,Georgia,f,2626.0,0.000009,65
semiconductors_and_sme,854290,2024,392,JPN,Japan,f,72297161.0,0.188570,1
semiconductors_and_sme,854290,2024,458,MYS,Malaysia,f,65152814.0,0.169935,2
semiconductors_and_sme,854290,2024,704,VNM,Viet Nam,f,52912922.0,0.138011,3
semiconductors_and_sme,854290,2024,699,IND,India,f,36197473.0,0.094412,4
semiconductors_and_sme,854290,2024,156,CHN,China,f,20926372.0,0.054581,5
semiconductors_and_sme,854290,2024,490,TWN,Taiwan,f,20107642.0,0.052446,6
semiconductors_and_sme,854290,2024,764,THA,Thailand,f,17437340.0,0.045481,7
semiconductors_and_sme,854290,2024,124,CAN,Canada,f,17266045.0,0.045034,8
semiconductors_and_sme,854290,2024,376,ISR,Israel,f,16710048.0,0.043584,9
semiconductors_and_sme,854290,2024,276,DEU,Germany,f,14084835.0,0.036737,10
semiconductors_and_sme,854290,2024,826,GBR,United Kingdom,f,8328548.0,0.021723,11
semiconductors_and_sme,854290,2024,380,ITA,Italy,f,7306197.0,0.019056,12
semiconductors_and_sme,854290,2024,608,PHL,Philippines,f,6027044.0,0.015720,13
semiconductors_and_sme,854290,2024,251,FRA,France,f,5615976.0,0.014648,14
semiconductors_and_sme,854290,2024,410,KOR,Rep. of Korea,f,3511727.0,0.009159,15
semiconductors_and_sme,854290,2024,188,CRI,Costa Rica,f,3215239.0,0.008386,16
semiconductors_and_sme,854290,2024,360,IDN,Indonesia,f,2463080.0,0.006424,17
semiconductors_and_sme,854290,2024,528,NLD,Netherlands,f,1674326.0,0.004367,18
semiconductors_and_sme,854290,2024,702,SGP,Singapore,f,1586371.0,0.004138,19
semiconductors_and_sme,854290,2024,504,MAR,Morocco,f,1543646.0,0.004026,20
semiconductors_and_sme,854290,2024,757,CHE,Switzerland,f,1533871.0,0.004001,21
semiconductors_and_sme,854290,2024,40,AUT,Austria,f,1478331.0,0.003856,22
semiconductors_and_sme,854290,2024,300,GRC,Greece,f,1163062.0,0.003034,23
semiconductors_and_sme,854290,2024,484,MEX,Mexico,f,789190.0,0.002058,24
semiconductors_and_sme,854290,2024,710,ZAF,South Africa,f,609581.0,0.001590,25
semiconductors_and_sme,854290,2024,724,ESP,Spain,f,566952.0,0.001479,26
semiconductors_and_sme,854290,2024,36,AUS,Australia,f,458013.0,0.001195,27
semiconductors_and_sme,854290,2024,752,SWE,Sweden,f,449104.0,0.001171,28
semiconductors_and_sme,854290,2024,56,BEL,Belgium,f,390573.0,0.001019,29
semiconductors_and_sme,854290,2024,348,HUN,Hungary,f,240093.0,0.000626,30
semiconductors_and_sme,854290,2024,372,IRL,Ireland,f,229710.0,0.000599,31
semiconductors_and_sme,854290,2024,246,FIN,Finland,f,212831.0,0.000555,32
semiconductors_and_sme,854290,2024,344,HKG,"China, Hong Kong SAR",f,137114.0,0.000358,33
semiconductors_and_sme,854290,2024,579,NOR,Norway,f,94361.0,0.000246,34
semiconductors_and_sme,854290,2024,616,POL,Poland,f,88102.0,0.000230,35
semiconductors_and_sme,854290,2024,208,DNK,Denmark,f,85862.0,0.000224,36
semiconductors_and_sme,854290,2024,792,TUR,Türkiye,f,55512.0,0.000145,37
semiconductors_and_sme,854290,2024,203,CZE,Czechia,f,54734.0,0.000143,38
semiconductors_and_sme,854290,2024,688,SRB,Serbia,f,49681.0,0.000130,39
semiconductors_and_sme,854290,2024,136,CYM,Cayman Isds,f,39761.0,0.000104,40
semiconductors_and_sme,854290,2024,76,BRA,Brazil,f,35425.0,0.000092,41
semiconductors_and_sme,854290,2024,554,NZL,New Zealand,f,33664.0,0.000088,42
semiconductors_and_sme,854290,2024,191,HRV,Croatia,f,33546.0,0.000087,43
semiconductors_and_sme,854290,2024,620,PRT,Portugal,f,29929.0,0.000078,44
semiconductors_and_sme,854290,2024,470,MLT,Malta,f,27096.0,0.000071,45
semiconductors_and_sme,854290,2024,703,SVK,Slovakia,f,24210.0,0.000063,46
semiconductors_and_sme,854290,2024,233,EST,Estonia,f,22580.0,0.000059,47
semiconductors_and_sme,854290,2024,705,SVN,Slovenia,f,18206.0,0.000047,48
semiconductors_and_sme,854290,2024,196,CYP,Cyprus,f,12996.0,0.000034,49
semiconductors_and_sme,854290,2024,860,UZB,Uzbekistan,f,12398.0,0.000032,50
semiconductors_and_sme,854290,2024,352,ISL,Iceland,f,11174.0,0.000029,51
semiconductors_and_sme,854290,2024,428,LVA,Latvia,f,10842.0,0.000028,52
semiconductors_and_sme,854290,2024,674,SMR,San Marino,f,8357.0,0.000022,53
semiconductors_and_sme,854290,2024,682,SAU,Saudi Arabia,f,7799.0,0.000020,54
semiconductors_and_sme,854290,2024,642,ROU,Romania,f,7699.0,0.000020,55
semiconductors_and_sme,854290,2024,388,JAM,Jamaica,f,3001.0,0.000008,56
semiconductors_and_sme,854290,2024,50,BGD,Bangladesh,f,2966.0,0.000008,57
semiconductors_and_sme,854290,2024,740,SUR,Suriname,f,2381.0,0.000006,58
semiconductors_and_sme,854290,2024,440,LTU,Lithuania,f,2105.0,0.000005,59
semiconductors_and_sme,854290,2025,392,JPN,Japan,f,112884293.0,0.289146,1
semiconductors_and_sme,854290,2025,376,ISR,Israel,f,50558700.0,0.129503,2
semiconductors_and_sme,854290,2025,490,TWN,Taiwan,f,36836876.0,0.094355,3
semiconductors_and_sme,854290,2025,156,CHN,China,f,26235135.0,0.067200,4
semiconductors_and_sme,854290,2025,124,CAN,Canada,f,24686373.0,0.063232,5
semiconductors_and_sme,854290,2025,360,IDN,Indonesia,f,20029372.0,0.051304,6
semiconductors_and_sme,854290,2025,608,PHL,Philippines,f,16157051.0,0.041385,7
semiconductors_and_sme,854290,2025,764,THA,Thailand,f,15096576.0,0.038669,8
semiconductors_and_sme,854290,2025,410,KOR,Rep. of Korea,f,13146732.0,0.033674,9
semiconductors_and_sme,854290,2025,276,DEU,Germany,f,11225823.0,0.028754,10
semiconductors_and_sme,854290,2025,458,MYS,Malaysia,f,9526061.0,0.024400,11
semiconductors_and_sme,854290,2025,702,SGP,Singapore,f,6640952.0,0.017010,12
semiconductors_and_sme,854290,2025,826,GBR,United Kingdom,f,6099668.0,0.015624,13
semiconductors_and_sme,854290,2025,380,ITA,Italy,f,5377470.0,0.013774,14
semiconductors_and_sme,854290,2025,251,FRA,France,f,4877893.0,0.012494,15
semiconductors_and_sme,854290,2025,699,IND,India,f,4850938.0,0.012425,16
semiconductors_and_sme,854290,2025,188,CRI,Costa Rica,f,3444353.0,0.008822,17
semiconductors_and_sme,854290,2025,757,CHE,Switzerland,f,3156602.0,0.008085,18
semiconductors_and_sme,854290,2025,528,NLD,Netherlands,f,2614812.0,0.006698,19
semiconductors_and_sme,854290,2025,170,COL,Colombia,f,2193206.0,0.005618,20
semiconductors_and_sme,854290,2025,704,VNM,Viet Nam,f,1256004.0,0.003217,21
semiconductors_and_sme,854290,2025,418,LAO,Lao People's Dem. Rep.,f,1168012.0,0.002992,22
semiconductors_and_sme,854290,2025,620,PRT,Portugal,f,1118470.0,0.002865,23
semiconductors_and_sme,854290,2025,484,MEX,Mexico,f,1081207.0,0.002769,24
semiconductors_and_sme,854290,2025,862,VEN,Venezuela,f,1023866.0,0.002623,25
semiconductors_and_sme,854290,2025,218,ECU,Ecuador,f,890235.0,0.002280,26
semiconductors_and_sme,854290,2025,300,GRC,Greece,f,785346.0,0.002012,27
semiconductors_and_sme,854290,2025,724,ESP,Spain,f,763777.0,0.001956,28
semiconductors_and_sme,854290,2025,40,AUT,Austria,f,729454.0,0.001868,29
semiconductors_and_sme,854290,2025,792,TUR,Türkiye,f,633056.0,0.001622,30
semiconductors_and_sme,854290,2025,710,ZAF,South Africa,f,600194.0,0.001537,31
semiconductors_and_sme,854290,2025,372,IRL,Ireland,f,591287.0,0.001515,32
semiconductors_and_sme,854290,2025,752,SWE,Sweden,f,508922.0,0.001304,33
semiconductors_and_sme,854290,2025,36,AUS,Australia,f,495778.0,0.001270,34
semiconductors_and_sme,854290,2025,504,MAR,Morocco,f,469984.0,0.001204,35
semiconductors_and_sme,854290,2025,246,FIN,Finland,f,433234.0,0.001110,36
semiconductors_and_sme,854290,2025,591,PAN,Panama,f,283849.0,0.000727,37
semiconductors_and_sme,854290,2025,344,HKG,"China, Hong Kong SAR",f,247047.0,0.000633,38
semiconductors_and_sme,854290,2025,214,DOM,Dominican Rep.,f,239330.0,0.000613,39
semiconductors_and_sme,854290,2025,100,BGR,Bulgaria,f,202686.0,0.000519,40
semiconductors_and_sme,854290,2025,604,PER,Peru,f,189969.0,0.000487,41
semiconductors_and_sme,854290,2025,76,BRA,Brazil,f,145288.0,0.000372,42
semiconductors_and_sme,854290,2025,120,CMR,Cameroon,f,144450.0,0.000370,43
semiconductors_and_sme,854290,2025,56,BEL,Belgium,f,112330.0,0.000288,44
semiconductors_and_sme,854290,2025,616,POL,Poland,f,107729.0,0.000276,45
semiconductors_and_sme,854290,2025,208,DNK,Denmark,f,101076.0,0.000259,46
semiconductors_and_sme,854290,2025,788,TUN,Tunisia,f,93075.0,0.000238,47
semiconductors_and_sme,854290,2025,320,GTM,Guatemala,f,80510.0,0.000206,48
semiconductors_and_sme,854290,2025,703,SVK,Slovakia,f,42783.0,0.000110,49
semiconductors_and_sme,854290,2025,116,KHM,Cambodia,f,37771.0,0.000097,50
semiconductors_and_sme,854290,2025,579,NOR,Norway,f,35393.0,0.000091,51
semiconductors_and_sme,854290,2025,688,SRB,Serbia,f,30582.0,0.000078,52
semiconductors_and_sme,854290,2025,642,ROU,Romania,f,30471.0,0.000078,53
semiconductors_and_sme,854290,2025,558,NIC,Nicaragua,f,22501.0,0.000058,54
semiconductors_and_sme,854290,2025,203,CZE,Czechia,f,11316.0,0.000029,55
semiconductors_and_sme,854290,2025,348,HUN,Hungary,f,11227.0,0.000029,56
semiconductors_and_sme,854290,2025,705,SVN,Slovenia,f,8165.0,0.000021,57
semiconductors_and_sme,854290,2025,268,GEO,Georgia,f,7293.0,0.000019,58
semiconductors_and_sme,854290,2025,428,LVA,Latvia,f,7250.0,0.000019,59
semiconductors_and_sme,854290,2025,674,SMR,San Marino,f,7040.0,0.000018,60
semiconductors_and_sme,854290,2025,4,AFG,Afghanistan,f,6918.0,0.000018,61
semiconductors_and_sme,854290,2025,470,MLT,Malta,f,6723.0,0.000017,62
semiconductors_and_sme,854290,2025,748,SWZ,Eswatini,f,5973.0,0.000015,63
